trade_date,clean_rows,sh_sz_rows,main_board_rows,gem_rows,star_rows,suspended_rows,tradable_at_open_rows
2019-10-08,2735,2735,2735,0,0,0,2730
2019-10-09,2734,2734,2734,0,0,0,2728
2019-10-10,2736,2736,2736,0,0,0,2732
2019-10-11,2738,2738,2738,0,0,0,2732
2019-10-14,2738,2738,2738,0,0,0,2726
2019-10-15,2740,2740,2740,0,0,1,2727
2019-10-16,2740,2740,2740,0,0,0,2734
2019-10-17,2739,2739,2739,0,0,0,2733
2019-10-18,2741,2741,2741,0,0,0,2733
2019-10-21,2741,2741,2741,0,0,0,2733
2019-10-22,2741,2741,2741,0,0,0,2735
2019-10-23,2743,2743,2743,0,0,0,2733
2019-10-24,2743,2743,2743,0,0,0,2735
2019-10-25,2743,2743,2743,0,0,1,2733
2019-10-28,2744,2744,2744,0,0,1,2673
2019-10-29,2746,2746,2746,0,0,2,2710
2019-10-30,2742,2742,2742,0,0,0,2727
2019-10-31,2745,2745,2745,0,0,0,2731
2019-11-01,2742,2742,2742,0,0,0,2734
2019-11-04,2743,2743,2743,0,0,0,2737
2019-11-05,2745,2745,2745,0,0,0,2742
2019-11-06,2744,2744,2744,0,0,0,2741
2019-11-07,2746,2746,2746,0,0,0,2743
2019-11-08,2746,2746,2746,0,0,1,2742
2019-11-11,2749,2749,2749,0,0,1,2739
2019-11-12,2749,2749,2749,0,0,0,2744
2019-11-13,2747,2747,2747,0,0,0,2742
2019-11-14,2750,2750,2750,0,0,0,2745
2019-11-15,2748,2748,2748,0,0,0,2743
2019-11-18,2749,2749,2749,0,0,0,2745
2019-11-19,2748,2748,2748,0,0,0,2743
2019-11-20,2747,2747,2747,0,0,0,2743
2019-11-21,2748,2748,2748,0,0,0,2745
2019-11-22,2749,2749,2749,0,0,0,2744
2019-11-25,2749,2749,2749,0,0,1,2737
2019-11-26,2750,2750,2750,0,0,1,2743
2019-11-27,2750,2750,2750,0,0,0,2745
2019-11-28,2747,2747,2747,0,0,0,2743
2019-11-29,2747,2747,2747,0,0,0,2741
2019-12-02,2745,2745,2745,0,0,1,2741
2019-12-03,2747,2747,2747,0,0,1,2740
2019-12-04,2743,2743,2743,0,0,0,2737
2019-12-05,2745,2745,2745,0,0,0,2739
2019-12-06,2744,2744,2744,0,0,0,2736
2019-12-09,2744,2744,2744,0,0,0,2735
2019-12-10,2744,2744,2744,0,0,0,2737
2019-12-11,2746,2746,2746,0,0,0,2735
2019-12-12,2746,2746,2746,0,0,0,2735
2019-12-13,2749,2749,2749,0,0,0,2740
2019-12-16,2753,2753,2753,0,0,0,2748
2019-12-17,2754,2754,2754,0,0,2,2747
2019-12-18,2753,2753,2753,0,0,0,2745
2019-12-19,2753,2753,2753,0,0,0,2748
2019-12-20,2753,2753,2753,0,0,1,2744
2019-12-23,2754,2754,2754,0,0,0,2740
2019-12-24,2756,2756,2756,0,0,1,2741
2019-12-25,2753,2753,2753,0,0,0,2747
2019-12-26,2753,2753,2753,0,0,0,2746
2019-12-27,2755,2755,2755,0,0,1,2745
2019-12-30,2755,2755,2755,0,0,1,2746
2019-12-31,2756,2756,2756,0,0,1,2744
2020-01-02,2755,2755,2755,0,0,0,2742
2020-01-03,2756,2756,2756,0,0,0,2744
2020-01-06,2756,2756,2756,0,0,2,2736
2020-01-07,2755,2755,2755,0,0,0,2745
2020-01-08,2754,2754,2754,0,0,0,2741
2020-01-09,2753,2753,2753,0,0,0,2744
2020-01-10,2751,2751,2751,0,0,0,2740
2020-01-13,2751,2751,2751,0,0,1,2745
2020-01-14,2753,2753,2753,0,0,0,2743
2020-01-15,2752,2752,2752,0,0,1,2745
2020-01-16,2754,2754,2754,0,0,1,2747
2020-01-17,2756,2756,2756,0,0,0,2747
2020-01-20,2758,2758,2758,0,0,0,2741
2020-01-21,2758,2758,2758,0,0,0,2739
2020-01-22,2760,2760,2760,0,0,0,2729
2020-01-23,2760,2760,2760,0,0,0,2716
2020-02-03,2760,2760,2760,0,0,0,408
2020-02-04,2761,2761,2761,0,0,1,1934
2020-02-05,2762,2762,2762,0,0,1,2738
2020-02-06,2763,2763,2763,0,0,1,2731
2020-02-07,2764,2764,2764,0,0,1,2727
2020-02-10,2764,2764,2764,0,0,0,2723
2020-02-11,2764,2764,2764,0,0,0,2744
2020-02-12,2763,2763,2763,0,0,0,2745
2020-02-13,2763,2763,2763,0,0,0,2753
2020-02-14,2764,2764,2764,0,0,0,2751
2020-02-17,2764,2764,2764,0,0,0,2749
2020-02-18,2763,2763,2763,0,0,0,2744
2020-02-19,2764,2764,2764,0,0,0,2740
2020-02-20,2764,2764,2764,0,0,0,2753
2020-02-21,2764,2764,2764,0,0,0,2743
2020-02-24,2765,2765,2765,0,0,0,2738
2020-02-25,2765,2765,2765,0,0,0,2750
2020-02-26,2766,2766,2766,0,0,1,2745
2020-02-27,2765,2765,2765,0,0,0,2750
2020-02-28,2765,2765,2765,0,0,0,2737
2020-03-02,2764,2764,2764,0,0,1,2746
2020-03-03,2764,2764,2764,0,0,0,2727
2020-03-04,2762,2762,2762,0,0,0,2749
2020-03-05,2765,2765,2765,0,0,0,2742
2020-03-06,2765,2765,2765,0,0,1,2750
2020-03-09,2764,2764,2764,0,0,0,2742
2020-03-10,2765,2765,2765,0,0,1,2740
2020-03-11,2763,2763,2763,0,0,0,2739
2020-03-12,2761,2761,2761,0,0,0,2750
2020-03-13,2761,2761,2761,0,0,0,2724
2020-03-16,2761,2761,2761,0,0,0,2739
2020-03-17,2762,2762,2762,0,0,1,2748
2020-03-18,2762,2762,2762,0,0,0,2743
2020-03-19,2763,2763,2763,0,0,0,2750
2020-03-20,2765,2765,2765,0,0,0,2756
2020-03-23,2767,2767,2767,0,0,1,2754
2020-03-24,2766,2766,2766,0,0,0,2756
2020-03-25,2765,2765,2765,0,0,0,2754
2020-03-26,2767,2767,2767,0,0,0,2756
2020-03-27,2768,2768,2768,0,0,0,2758
2020-03-30,2766,2766,2766,0,0,0,2761
2020-03-31,2764,2764,2764,0,0,0,2759
2020-04-01,2764,2764,2764,0,0,0,2754
2020-04-02,2764,2764,2764,0,0,0,2756
2020-04-03,2764,2764,2764,0,0,0,2751
2020-04-07,2763,2763,2763,0,0,1,2752
2020-04-08,2766,2766,2766,0,0,1,2750
2020-04-09,2766,2766,2766,0,0,0,2754
2020-04-10,2766,2766,2766,0,0,0,2755
2020-04-13,2767,2767,2767,0,0,0,2755
2020-04-14,2769,2769,2769,0,0,0,2761
2020-04-15,2766,2766,2766,0,0,2,2753
2020-04-16,2770,2770,2770,0,0,0,2763
2020-04-17,2773,2773,2773,0,0,2,2762
2020-04-20,2772,2772,2772,0,0,0,2757
2020-04-21,2772,2772,2772,0,0,1,2759
2020-04-22,2770,2770,2770,0,0,1,2760
2020-04-23,2771,2771,2771,0,0,0,2757
2020-04-24,2769,2769,2769,0,0,1,2759
2020-04-27,2765,2765,2765,0,0,0,2744
2020-04-28,2757,2757,2757,0,0,2,2730
2020-04-29,2744,2744,2744,0,0,1,2723
2020-04-30,2719,2719,2719,0,0,0,2699
2020-05-06,2716,2716,2716,0,0,0,2696
2020-05-07,2718,2718,2718,0,0,0,2703
2020-05-08,2720,2720,2720,0,0,0,2706
2020-05-11,2718,2718,2718,0,0,0,2704
2020-05-12,2718,2718,2718,0,0,0,2707
2020-05-13,2719,2719,2719,0,0,0,2705
2020-05-14,2721,2721,2721,0,0,0,2710
2020-05-15,2722,2722,2722,0,0,0,2710
2020-05-18,2720,2720,2720,0,0,1,2700
2020-05-19,2720,2720,2720,0,0,1,2707
2020-05-20,2721,2721,2721,0,0,0,2710
2020-05-21,2720,2720,2720,0,0,0,2707
2020-05-22,2722,2722,2722,0,0,1,2708
2020-05-25,2722,2722,2722,0,0,1,2705
2020-05-26,2722,2722,2722,0,0,0,2711
2020-05-27,2717,2717,2717,0,0,0,2704
2020-05-28,2722,2722,2722,0,0,1,2709
2020-05-29,2723,2723,2723,0,0,0,2709
2020-06-01,2720,2720,2720,0,0,1,2700
2020-06-02,2721,2721,2721,0,0,1,2694
2020-06-03,2724,2724,2724,0,0,1,2710
2020-06-04,2725,2725,2725,0,0,0,2705
2020-06-05,2725,2725,2725,0,0,1,2705
2020-06-08,2731,2731,2731,0,0,0,2709
2020-06-09,2731,2731,2731,0,0,0,2714
2020-06-10,2730,2730,2730,0,0,1,2717
2020-06-11,2730,2730,2730,0,0,0,2722
2020-06-12,2728,2728,2728,0,0,0,2717
2020-06-15,2729,2729,2729,0,0,0,2715
2020-06-16,2730,2730,2730,0,0,0,2720
2020-06-17,2729,2729,2729,0,0,0,2715
2020-06-18,2730,2730,2730,0,0,1,2717
2020-06-19,2729,2729,2729,0,0,0,2723
2020-06-22,2728,2728,2728,0,0,0,2718
2020-06-23,2726,2726,2726,0,0,0,2720
2020-06-24,2722,2722,2722,0,0,0,2719
2020-06-29,2724,2724,2724,0,0,1,2707
2020-06-30,2718,2718,2718,0,0,0,2709
2020-07-01,2720,2720,2720,0,0,0,2708
2020-07-02,2720,2720,2720,0,0,0,2709
2020-07-03,2720,2720,2720,0,0,0,2704
2020-07-06,2719,2719,2719,0,0,0,2698
2020-07-07,2717,2717,2717,0,0,1,2692
2020-07-08,2719,2719,2719,0,0,0,2694
2020-07-09,2719,2719,2719,0,0,0,2697
2020-07-10,2721,2721,2721,0,0,1,2699
2020-07-13,2719,2719,2719,0,0,0,2685
2020-07-14,2720,2720,2720,0,0,0,2692
2020-07-15,2717,2717,2717,0,0,0,2691
2020-07-16,2719,2719,2719,0,0,0,2707
2020-07-17,2719,2719,2719,0,0,0,2705
2020-07-20,2717,2717,2717,0,0,0,2701
2020-07-21,2720,2720,2720,0,0,0,2692
2020-07-22,2719,2719,2719,0,0,0,2704
2020-07-23,2720,2720,2720,0,0,0,2710
2020-07-24,2720,2720,2720,0,0,0,2707
2020-07-27,2719,2719,2719,0,0,0,2710
2020-07-28,2719,2719,2719,0,0,1,2704
2020-07-29,2721,2721,2721,0,0,0,2716
2020-07-30,2723,2723,2723,0,0,1,2712
2020-07-31,2726,2726,2726,0,0,3,2711
2020-08-03,2729,2729,2729,0,0,2,2704
2020-08-04,2729,2729,2729,0,0,1,2706
2020-08-05,2731,2731,2731,0,0,2,2707
2020-08-06,2731,2731,2731,0,0,0,2710
2020-08-07,2730,2730,2730,0,0,1,2712
2020-08-10,2734,2734,2734,0,0,0,2711
2020-08-11,2732,2732,2732,0,0,0,2717
2020-08-12,2733,2733,2733,0,0,1,2719
2020-08-13,2734,2734,2734,0,0,0,2724
2020-08-14,2735,2735,2735,0,0,0,2718
2020-08-17,2737,2737,2737,0,0,2,2723
2020-08-18,2739,2739,2739,0,0,2,2729
2020-08-19,2738,2738,2738,0,0,0,2727
2020-08-20,2738,2738,2738,0,0,0,2721
2020-08-21,2739,2739,2739,0,0,2,2730
2020-08-24,2738,2738,2738,0,0,0,2728
2020-08-25,2740,2740,2740,0,0,2,2725
2020-08-26,2740,2740,2740,0,0,0,2727
2020-08-27,2741,2741,2741,0,0,0,2734
2020-08-28,2743,2743,2743,0,0,1,2730
2020-08-31,2743,2743,2743,0,0,0,2732
2020-09-01,2744,2744,2744,0,0,1,2733
2020-09-02,2744,2744,2744,0,0,0,2735
2020-09-03,2748,2748,2748,0,0,3,2741
2020-09-04,2748,2748,2748,0,0,0,2739
2020-09-07,2748,2748,2748,0,0,1,2740
2020-09-08,2751,2751,2751,0,0,0,2740
2020-09-09,2748,2748,2748,0,0,0,2736
2020-09-10,2748,2748,2748,0,0,0,2735
2020-09-11,2750,2750,2750,0,0,3,2738
2020-09-14,2750,2750,2750,0,0,1,2737
2020-09-15,2751,2751,2751,0,0,1,2744
2020-09-16,2751,2751,2751,0,0,1,2745
2020-09-17,2754,2754,2754,0,0,1,2748
2020-09-18,2758,2758,2758,0,0,1,2750
2020-09-21,2757,2757,2757,0,0,3,2741
2020-09-22,2759,2759,2759,0,0,2,2744
2020-09-23,2758,2758,2758,0,0,2,2738
2020-09-24,2760,2760,2760,0,0,1,2745
2020-09-25,2766,2766,2766,0,0,3,2746
2020-09-28,2765,2765,2765,0,0,1,2747
2020-09-29,2770,2770,2770,0,0,1,2750
2020-09-30,2771,2771,2771,0,0,1,2757
2020-10-09,2772,2772,2772,0,0,0,2752
2020-10-12,2772,2772,2772,0,0,1,2760
2020-10-13,2776,2776,2776,0,0,1,2767
2020-10-14,2774,2774,2774,0,0,0,2761
2020-10-15,2774,2774,2774,0,0,0,2761
2020-10-16,2773,2773,2773,0,0,0,2767
2020-10-19,2776,2776,2776,0,0,2,2763
2020-10-20,2778,2778,2778,0,0,1,2771
2020-10-21,2778,2778,2778,0,0,1,2772
2020-10-22,2781,2781,2781,0,0,1,2773
2020-10-23,2782,2782,2782,0,0,0,2775
2020-10-26,2783,2783,2783,0,0,2,2774
2020-10-27,2785,2785,2785,0,0,1,2776
2020-10-28,2784,2784,2784,0,0,0,2778
2020-10-29,2786,2786,2786,0,0,0,2782
2020-10-30,2787,2787,2787,0,0,1,2783
2020-11-02,2788,2788,2788,0,0,1,2782
2020-11-03,2787,2787,2787,0,0,0,2787
2020-11-04,2787,2787,2787,0,0,0,2787
2020-11-05,2788,2788,2788,0,0,0,2781
2020-11-06,2789,2789,2789,0,0,1,2784
2020-11-09,2793,2793,2793,0,0,0,2785
2020-11-10,2795,2795,2795,0,0,1,2777
2020-11-11,2795,2795,2795,0,0,0,2788
2020-11-12,2795,2795,2795,0,0,0,2787
2020-11-13,2792,2792,2792,0,0,0,2785
2020-11-16,2793,2793,2793,0,0,0,2780
2020-11-17,2794,2794,2794,0,0,1,2788
2020-11-18,2795,2795,2795,0,0,0,2790
2020-11-19,2794,2794,2794,0,0,0,2784
2020-11-20,2794,2794,2794,0,0,0,2789
2020-11-23,2795,2795,2795,0,0,1,2784
2020-11-24,2793,2793,2793,0,0,0,2787
2020-11-25,2794,2794,2794,0,0,1,2788
2020-11-26,2798,2798,2798,0,0,1,2788
2020-11-27,2797,2797,2797,0,0,0,2784
2020-11-30,2795,2795,2795,0,0,0,2786
2020-12-01,2797,2797,2797,0,0,1,2783
2020-12-02,2793,2793,2793,0,0,0,2782
2020-12-03,2795,2795,2795,0,0,1,2783
2020-12-04,2797,2797,2797,0,0,2,2780
2020-12-07,2796,2796,2796,0,0,1,2781
2020-12-08,2801,2801,2801,0,0,2,2787
2020-12-09,2801,2801,2801,0,0,0,2789
2020-12-10,2801,2801,2801,0,0,0,2790
2020-12-11,2803,2803,2803,0,0,1,2789
2020-12-14,2804,2804,2804,0,0,0,2788
2020-12-15,2806,2806,2806,0,0,3,2794
2020-12-16,2809,2809,2809,0,0,1,2797
2020-12-17,2808,2808,2808,0,0,0,2792
2020-12-18,2809,2809,2809,0,0,2,2792
2020-12-21,2810,2810,2810,0,0,0,2798
2020-12-22,2811,2811,2811,0,0,1,2803
2020-12-23,2812,2812,2812,0,0,0,2803
2020-12-24,2812,2812,2812,0,0,0,2801
2020-12-25,2812,2812,2812,0,0,1,2793
2020-12-28,2815,2815,2815,0,0,2,2798
2020-12-29,2816,2816,2816,0,0,0,2799
2020-12-30,2816,2816,2816,0,0,0,2804
2020-12-31,2817,2817,2817,0,0,1,2802
2021-01-04,2820,2820,2820,0,0,1,2791
2021-01-05,2821,2821,2821,0,0,0,2802
2021-01-06,2823,2823,2823,0,0,1,2807
2021-01-07,2824,2824,2824,0,0,0,2811
2021-01-08,2824,2824,2824,0,0,0,2807
2021-01-11,2821,2821,2821,0,0,1,2802
2021-01-12,2823,2823,2823,0,0,1,2810
2021-01-13,2824,2824,2824,0,0,0,2814
2021-01-14,2822,2822,2822,0,0,0,2813
2021-01-15,2819,2819,2819,0,0,0,2806
2021-01-18,2819,2819,2819,0,0,0,2797
2021-01-19,2821,2821,2821,0,0,2,2806
2021-01-20,2819,2819,2819,0,0,1,2804
2021-01-21,2821,2821,2821,0,0,1,2801
2021-01-22,2823,2823,2823,0,0,0,2806
2021-01-25,2823,2823,2823,0,0,0,2800
2021-01-26,2823,2823,2823,0,0,0,2800
2021-01-27,2824,2824,2824,0,0,0,2807
2021-01-28,2827,2827,2827,0,0,1,2804
2021-01-29,2830,2830,2830,0,0,2,2803
2021-02-01,2834,2834,2834,0,0,0,2775
2021-02-02,2833,2833,2833,0,0,0,2813
2021-02-03,2833,2833,2833,0,0,0,2816
2021-02-04,2833,2833,2833,0,0,1,2821
2021-02-05,2833,2833,2833,0,0,2,2824
2021-02-08,2832,2832,2832,0,0,1,2816
2021-02-09,2835,2835,2835,0,0,2,2816
2021-02-10,2839,2839,2839,0,0,1,2827
2021-02-18,2834,2834,2834,0,0,0,2804
2021-02-19,2835,2835,2835,0,0,0,2820
2021-02-22,2835,2835,2835,0,0,0,2814
2021-02-23,2835,2835,2835,0,0,0,2823
2021-02-24,2838,2838,2838,0,0,2,2827
2021-02-25,2838,2838,2838,0,0,0,2823
2021-02-26,2837,2837,2837,0,0,0,2823
2021-03-01,2839,2839,2839,0,0,2,2825
2021-03-02,2839,2839,2839,0,0,0,2830
2021-03-03,2838,2838,2838,0,0,0,2831
2021-03-04,2838,2838,2838,0,0,0,2833
2021-03-05,2840,2840,2840,0,0,0,2835
2021-03-08,2841,2841,2841,0,0,2,2827
2021-03-09,2840,2840,2840,0,0,0,2833
2021-03-10,2841,2841,2841,0,0,1,2830
2021-03-11,2840,2840,2840,0,0,0,2827
2021-03-12,2842,2842,2842,0,0,0,2835
2021-03-15,2843,2843,2843,0,0,0,2834
2021-03-16,2845,2845,2845,0,0,0,2837
2021-03-17,2845,2845,2845,0,0,0,2837
2021-03-18,2844,2844,2844,0,0,0,2838
2021-03-19,2845,2845,2845,0,0,0,2838
2021-03-22,2854,2854,2854,0,0,2,2837
2021-03-23,2855,2855,2855,0,0,0,2839
2021-03-24,2854,2854,2854,0,0,0,2842
2021-03-25,2855,2855,2855,0,0,0,2835
2021-03-26,2856,2856,2856,0,0,1,2844
2021-03-29,2856,2856,2856,0,0,0,2842
2021-03-30,2856,2856,2856,0,0,0,2841
2021-03-31,2855,2855,2855,0,0,0,2835
2021-04-01,2859,2859,2859,0,0,0,2843
2021-04-02,2860,2860,2860,0,0,0,2848
2021-04-06,2865,2865,2865,0,0,3,2847
2021-04-07,2862,2862,2862,0,0,1,2833
2021-04-08,2862,2862,2862,0,0,0,2844
2021-04-09,2863,2863,2863,0,0,0,2848
2021-04-12,2865,2865,2865,0,0,1,2844
2021-04-13,2866,2866,2866,0,0,0,2850
2021-04-14,2869,2869,2869,0,0,0,2848
2021-04-15,2869,2869,2869,0,0,1,2846
2021-04-16,2875,2875,2875,0,0,1,2859
2021-04-19,2877,2877,2877,0,0,0,2859
2021-04-20,2877,2877,2877,0,0,1,2860
2021-04-21,2881,2881,2881,0,0,2,2870
2021-04-22,2880,2880,2880,0,0,0,2869
2021-04-23,2876,2876,2876,0,0,0,2867
2021-04-26,2876,2876,2876,0,0,1,2851
2021-04-27,2871,2871,2871,0,0,0,2861
2021-04-28,2873,2873,2873,0,0,1,2854
2021-04-29,2866,2866,2866,0,0,1,2848
2021-04-30,2847,2847,2847,0,0,1,2830
2021-05-06,2850,2850,2850,0,0,2,2834
2021-05-07,2851,2851,2851,0,0,1,2837
2021-05-10,2857,2857,2857,0,0,1,2841
2021-05-11,2861,2861,2861,0,0,1,2846
2021-05-12,2863,2863,2863,0,0,0,2854
2021-05-13,2869,2869,2869,0,0,2,2855
2021-05-14,2869,2869,2869,0,0,0,2858
2021-05-17,2872,2872,2872,0,0,0,2848
2021-05-18,2873,2873,2873,0,0,2,2853
2021-05-19,2879,2879,2879,0,0,0,2865
2021-05-20,2884,2884,2884,0,0,0,2867
2021-05-21,2884,2884,2884,0,0,0,2875
2021-05-24,2884,2884,2884,0,0,0,2866
2021-05-25,2889,2889,2889,0,0,2,2879
2021-05-26,2894,2894,2894,0,0,1,2884
2021-05-27,2896,2896,2896,0,0,1,2886
2021-05-28,2898,2898,2898,0,0,2,2885
2021-05-31,2900,2900,2900,0,0,1,2885
2021-06-01,2899,2899,2899,0,0,0,2884
2021-06-02,2901,2901,2901,0,0,0,2888
2021-06-03,2902,2902,2902,0,0,0,2888
2021-06-04,2903,2903,2903,0,0,0,2892
2021-06-07,2903,2903,2903,0,0,1,2887
2021-06-08,2904,2904,2904,0,0,0,2890
2021-06-09,2906,2906,2906,0,0,1,2895
2021-06-10,2908,2908,2908,0,0,1,2890
2021-06-11,2912,2912,2912,0,0,0,2894
2021-06-15,2911,2911,2911,0,0,0,2896
2021-06-16,2909,2909,2909,0,0,0,2900
2021-06-17,2911,2911,2911,0,0,0,2904
2021-06-18,2911,2911,2911,0,0,1,2904
2021-06-21,2909,2909,2909,0,0,0,2896
2021-06-22,2915,2915,2915,0,0,0,2901
2021-06-23,2916,2916,2916,0,0,1,2903
2021-06-24,2917,2917,2917,0,0,1,2899
2021-06-25,2921,2921,2921,0,0,1,2908
2021-06-28,2922,2922,2922,0,0,0,2911
2021-06-29,2925,2925,2925,0,0,0,2911
2021-06-30,2925,2925,2925,0,0,2,2913
2021-07-01,2926,2926,2926,0,0,0,2916
2021-07-02,2927,2927,2927,0,0,0,2920
2021-07-05,2925,2925,2925,0,0,0,2916
2021-07-06,2928,2928,2928,0,0,1,2921
2021-07-07,2928,2928,2928,0,0,1,2921
2021-07-08,2930,2930,2930,0,0,0,2923
2021-07-09,2931,2931,2931,0,0,1,2924
2021-07-12,2932,2932,2932,0,0,1,2917
2021-07-13,2932,2932,2932,0,0,0,2918
2021-07-14,2931,2931,2931,0,0,0,2921
2021-07-15,2929,2929,2929,0,0,0,2917
2021-07-16,2930,2930,2930,0,0,0,2919
2021-07-19,2930,2930,2930,0,0,0,2920
2021-07-20,2932,2932,2932,0,0,2,2924
2021-07-21,2932,2932,2932,0,0,0,2922
2021-07-22,2932,2932,2932,0,0,0,2924
2021-07-23,2932,2932,2932,0,0,2,2924
2021-07-26,2930,2930,2930,0,0,1,2914
2021-07-27,2930,2930,2930,0,0,0,2918
2021-07-28,2931,2931,2931,0,0,0,2923
2021-07-29,2932,2932,2932,0,0,1,2923
2021-07-30,2932,2932,2932,0,0,0,2921
2021-08-02,2933,2933,2933,0,0,1,2923
2021-08-03,2934,2934,2934,0,0,0,2929
2021-08-04,2937,2937,2937,0,0,0,2923
2021-08-05,2937,2937,2937,0,0,1,2929
2021-08-06,2938,2938,2938,0,0,0,2933
2021-08-09,2938,2938,2938,0,0,0,2927
2021-08-10,2942,2942,2942,0,0,2,2933
2021-08-11,2940,2940,2940,0,0,0,2931
2021-08-12,2942,2942,2942,0,0,1,2934
2021-08-13,2944,2944,2944,0,0,0,2940
2021-08-16,2944,2944,2944,0,0,1,2931
2021-08-17,2944,2944,2944,0,0,0,2937
2021-08-18,2942,2942,2942,0,0,0,2933
2021-08-19,2945,2945,2945,0,0,2,2935
2021-08-20,2948,2948,2948,0,0,1,2939
2021-08-23,2949,2949,2949,0,0,2,2937
2021-08-24,2949,2949,2949,0,0,1,2939
2021-08-25,2947,2947,2947,0,0,0,2940
2021-08-26,2949,2949,2949,0,0,0,2944
2021-08-27,2948,2948,2948,0,0,0,2943
2021-08-30,2949,2949,2949,0,0,0,2935
2021-08-31,2948,2948,2948,0,0,0,2938
2021-09-01,2948,2948,2948,0,0,0,2942
2021-09-02,2946,2946,2946,0,0,0,2942
2021-09-03,2946,2946,2946,0,0,0,2921
2021-09-06,2946,2946,2946,0,0,1,2936
2021-09-07,2946,2946,2946,0,0,0,2937
2021-09-08,2946,2946,2946,0,0,1,2936
2021-09-09,2948,2948,2948,0,0,1,2937
2021-09-10,2948,2948,2948,0,0,0,2938
2021-09-13,2950,2950,2950,0,0,0,2936
2021-09-14,2951,2951,2951,0,0,0,2938
2021-09-15,2950,2950,2950,0,0,1,2942
2021-09-16,2949,2949,2949,0,0,1,2938
2021-09-17,2949,2949,2949,0,0,1,2940
2021-09-22,2947,2947,2947,0,0,0,2936
2021-09-23,2947,2947,2947,0,0,0,2930
2021-09-24,2945,2945,2945,0,0,0,2939
2021-09-27,2944,2944,2944,0,0,0,2934
2021-09-28,2947,2947,2947,0,0,1,2932
2021-09-29,2947,2947,2947,0,0,1,2942
2021-09-30,2947,2947,2947,0,0,0,2940
2021-10-08,2948,2948,2948,0,0,0,2941
2021-10-11,2948,2948,2948,0,0,0,2943
2021-10-12,2950,2950,2950,0,0,0,2944
2021-10-13,2951,2951,2951,0,0,1,2946
2021-10-14,2951,2951,2951,0,0,0,2945
2021-10-15,2953,2953,2953,0,0,1,2943
2021-10-18,2955,2955,2955,0,0,0,2948
2021-10-19,2956,2956,2956,0,0,1,2948
2021-10-20,2955,2955,2955,0,0,0,2929
2021-10-21,2958,2958,2958,0,0,2,2949
2021-10-22,2959,2959,2959,0,0,0,2951
2021-10-25,2958,2958,2958,0,0,1,2948
2021-10-26,2958,2958,2958,0,0,0,2951
2021-10-27,2960,2960,2960,0,0,1,2954
2021-10-28,2961,2961,2961,0,0,0,2954
2021-10-29,2961,2961,2961,0,0,0,2954
2021-11-01,2961,2961,2961,0,0,1,2950
2021-11-02,2961,2961,2961,0,0,0,2957
2021-11-03,2960,2960,2960,0,0,0,2958
2021-11-04,2961,2961,2961,0,0,0,2956
2021-11-05,2961,2961,2961,0,0,0,2952
2021-11-08,2962,2962,2962,0,0,0,2954
2021-11-09,2961,2961,2961,0,0,0,2953
2021-11-10,2960,2960,2960,0,0,0,2955
2021-11-11,2958,2958,2958,0,0,1,2954
2021-11-12,2959,2959,2959,0,0,0,2955
2021-11-15,2960,2960,2960,0,0,0,2947
2021-11-16,2961,2961,2961,0,0,1,2952
2021-11-17,2963,2963,2963,0,0,1,2952
2021-11-18,2964,2964,2964,0,0,0,2958
2021-11-19,2965,2965,2965,0,0,0,2960
2021-11-22,2965,2965,2965,0,0,1,2959
2021-11-23,2965,2965,2965,0,0,0,2958
2021-11-24,2963,2963,2963,0,0,0,2955
2021-11-25,2964,2964,2964,0,0,0,2956
2021-11-26,2963,2963,2963,0,0,1,2956
2021-11-29,2963,2963,2963,0,0,0,2952
2021-11-30,2964,2964,2964,0,0,1,2955
2021-12-01,2964,2964,2964,0,0,0,2959
2021-12-02,2966,2966,2966,0,0,0,2954
2021-12-03,2966,2966,2966,0,0,0,2961
2021-12-06,2967,2967,2967,0,0,0,2956
2021-12-07,2966,2966,2966,0,0,0,2960
2021-12-08,2966,2966,2966,0,0,0,2957
2021-12-09,2966,2966,2966,0,0,0,2953
2021-12-10,2967,2967,2967,0,0,0,2961
2021-12-13,2967,2967,2967,0,0,0,2957
2021-12-14,2967,2967,2967,0,0,0,2952
2021-12-15,2964,2964,2964,0,0,1,2951
2021-12-16,2966,2966,2966,0,0,1,2950
2021-12-17,2967,2967,2967,0,0,0,2945
2021-12-20,2968,2968,2968,0,0,0,2947
2021-12-21,2968,2968,2968,0,0,0,2938
2021-12-22,2967,2967,2967,0,0,0,2925
2021-12-23,2971,2971,2971,0,0,1,2958
2021-12-24,2974,2974,2974,0,0,2,2960
2021-12-27,2974,2974,2974,0,0,0,2962
2021-12-28,2973,2973,2973,0,0,0,2963
2021-12-29,2975,2975,2975,0,0,0,2965
2021-12-30,2975,2975,2975,0,0,0,2962
2021-12-31,2976,2976,2976,0,0,1,2963
2022-01-04,2975,2975,2975,0,0,0,2958
2022-01-05,2976,2976,2976,0,0,0,2958
2022-01-06,2975,2975,2975,0,0,0,2964
2022-01-07,2975,2975,2975,0,0,0,2956
2022-01-10,2975,2975,2975,0,0,0,2962
2022-01-11,2976,2976,2976,0,0,1,2966
2022-01-12,2976,2976,2976,0,0,0,2966
2022-01-13,2977,2977,2977,0,0,0,2962
2022-01-14,2975,2975,2975,0,0,0,2962
2022-01-17,2974,2974,2974,0,0,1,2954
2022-01-18,2976,2976,2976,0,0,0,2956
2022-01-19,2975,2975,2975,0,0,0,2959
2022-01-20,2977,2977,2977,0,0,0,2964
2022-01-21,2977,2977,2977,0,0,0,2967
2022-01-24,2978,2978,2978,0,0,2,2955
2022-01-25,2977,2977,2977,0,0,1,2955
2022-01-26,2976,2976,2976,0,0,0,2959
2022-01-27,2978,2978,2978,0,0,0,2959
2022-01-28,2980,2980,2980,0,0,0,2952
2022-02-07,2980,2980,2980,0,0,0,2949
2022-02-08,2979,2979,2979,0,0,0,2964
2022-02-09,2979,2979,2979,0,0,0,2967
2022-02-10,2979,2979,2979,0,0,0,2968
2022-02-11,2979,2979,2979,0,0,0,2968
2022-02-14,2981,2981,2981,0,0,0,2968
2022-02-15,2981,2981,2981,0,0,0,2967
2022-02-16,2982,2982,2982,0,0,2,2972
2022-02-17,2982,2982,2982,0,0,0,2973
2022-02-18,2984,2984,2984,0,0,1,2968
2022-02-21,2984,2984,2984,0,0,0,2966
2022-02-22,2984,2984,2984,0,0,1,2967
2022-02-23,2984,2984,2984,0,0,0,2967
2022-02-24,2985,2985,2985,0,0,0,2967
2022-02-25,2985,2985,2985,0,0,0,2974
2022-02-28,2985,2985,2985,0,0,1,2964
2022-03-01,2986,2986,2986,0,0,0,2978
2022-03-02,2985,2985,2985,0,0,0,2977
2022-03-03,2986,2986,2986,0,0,0,2979
2022-03-04,2986,2986,2986,0,0,0,2979
2022-03-07,2985,2985,2985,0,0,0,2974
2022-03-08,2983,2983,2983,0,0,0,2969
2022-03-09,2982,2982,2982,0,0,0,2964
2022-03-10,2983,2983,2983,0,0,1,2968
2022-03-11,2984,2984,2984,0,0,0,2971
2022-03-14,2987,2987,2987,0,0,0,2970
2022-03-15,2988,2988,2988,0,0,1,2980
2022-03-16,2988,2988,2988,0,0,0,2975
2022-03-17,2988,2988,2988,0,0,0,2967
2022-03-18,2989,2989,2989,0,0,1,2979
2022-03-21,2990,2990,2990,0,0,0,2962
2022-03-22,2991,2991,2991,0,0,0,2969
2022-03-23,2991,2991,2991,0,0,1,2975
2022-03-24,2991,2991,2991,0,0,1,2975
2022-03-25,2991,2991,2991,0,0,1,2976
2022-03-28,2992,2992,2992,0,0,0,2973
2022-03-29,2992,2992,2992,0,0,0,2978
2022-03-30,2993,2993,2993,0,0,0,2983
2022-03-31,2992,2992,2992,0,0,1,2977
2022-04-01,2992,2992,2992,0,0,0,2980
2022-04-06,2990,2990,2990,0,0,0,2973
2022-04-07,2990,2990,2990,0,0,0,2982
2022-04-08,2989,2989,2989,0,0,0,2982
2022-04-11,2990,2990,2990,0,0,0,2957
2022-04-12,2992,2992,2992,0,0,0,2978
2022-04-13,2994,2994,2994,0,0,0,2971
2022-04-14,2995,2995,2995,0,0,0,2986
2022-04-15,2993,2993,2993,0,0,0,2978
2022-04-18,2993,2993,2993,0,0,0,2970
2022-04-19,2993,2993,2993,0,0,0,2977
2022-04-20,2993,2993,2993,0,0,0,2985
2022-04-21,2994,2994,2994,0,0,1,2987
2022-04-22,2996,2996,2996,0,0,0,2981
2022-04-25,2994,2994,2994,0,0,0,2966
2022-04-26,2992,2992,2992,0,0,0,2949
2022-04-27,2992,2992,2992,0,0,0,2935
2022-04-28,2991,2991,2991,0,0,1,2959
2022-04-29,2990,2990,2990,0,0,1,2965
2022-05-05,2967,2967,2967,0,0,0,2948
2022-05-06,2969,2969,2969,0,0,1,2953
2022-05-09,2969,2969,2969,0,0,0,2948
2022-05-10,2974,2974,2974,0,0,0,2955
2022-05-11,2975,2975,2975,0,0,0,2947
2022-05-12,2977,2977,2977,0,0,2,2963
2022-05-13,2978,2978,2978,0,0,0,2960
2022-05-16,2978,2978,2978,0,0,0,2951
2022-05-17,2980,2980,2980,0,0,0,2965
2022-05-18,2979,2979,2979,0,0,0,2955
2022-05-19,2981,2981,2981,0,0,0,2968
2022-05-20,2984,2984,2984,0,0,2,2966
2022-05-23,2982,2982,2982,0,0,0,2955
2022-05-24,2982,2982,2982,0,0,0,2957
2022-05-25,2988,2988,2988,0,0,1,2974
2022-05-26,2993,2993,2993,0,0,0,2973
2022-05-27,2990,2990,2990,0,0,0,2975
2022-05-30,2994,2994,2994,0,0,0,2972
2022-05-31,2998,2998,2998,0,0,2,2980
2022-06-01,2999,2999,2999,0,0,0,2982
2022-06-02,3000,3000,3000,0,0,0,2981
2022-06-06,3007,3007,3007,0,0,2,2990
2022-06-07,3009,3009,3009,0,0,1,2989
2022-06-08,3008,3008,3008,0,0,1,2997
2022-06-09,3006,3006,3006,0,0,0,2999
2022-06-10,3011,3011,3011,0,0,1,3002
2022-06-13,3013,3013,3013,0,0,0,3001
2022-06-14,3012,3012,3012,0,0,0,3004
2022-06-15,3013,3013,3013,0,0,0,2998
2022-06-16,3009,3009,3009,0,0,0,2999
2022-06-17,3005,3005,3005,0,0,0,2999
2022-06-20,3007,3007,3007,0,0,0,2992
2022-06-21,3008,3008,3008,0,0,0,2999
2022-06-22,3005,3005,3005,0,0,1,2995
2022-06-23,3006,3006,3006,0,0,1,2995
2022-06-24,3005,3005,3005,0,0,1,2988
2022-06-27,3003,3003,3003,0,0,0,2980
2022-06-28,3002,3002,3002,0,0,0,2989
2022-06-29,2999,2999,2999,0,0,0,2982
2022-06-30,3004,3004,3004,0,0,2,2988
2022-07-01,3006,3006,3006,0,0,1,2994
2022-07-04,3004,3004,3004,0,0,0,2986
2022-07-05,3006,3006,3006,0,0,0,2998
2022-07-06,3008,3008,3008,0,0,0,2994
2022-07-07,3007,3007,3007,0,0,0,2992
2022-07-08,3007,3007,3007,0,0,0,2991
2022-07-11,3006,3006,3006,0,0,0,2993
2022-07-12,3005,3005,3005,0,0,1,2993
2022-07-13,3003,3003,3003,0,0,0,2994
2022-07-14,3006,3006,3006,0,0,0,2997
2022-07-15,3009,3009,3009,0,0,2,3000
2022-07-18,3009,3009,3009,0,0,0,3001
2022-07-19,3008,3008,3008,0,0,0,2991
2022-07-20,3008,3008,3008,0,0,0,2994
2022-07-21,3008,3008,3008,0,0,0,2998
2022-07-22,3008,3008,3008,0,0,0,3004
2022-07-25,3009,3009,3009,0,0,2,3000
2022-07-26,3011,3011,3011,0,0,0,3002
2022-07-27,3011,3011,3011,0,0,1,2998
2022-07-28,3011,3011,3011,0,0,0,2996
2022-07-29,3011,3011,3011,0,0,1,2997
2022-08-01,3010,3010,3010,0,0,0,2996
2022-08-02,3012,3012,3012,0,0,0,2999
2022-08-03,3013,3013,3013,0,0,0,3003
2022-08-04,3013,3013,3013,0,0,0,3006
2022-08-05,3014,3014,3014,0,0,1,3006
2022-08-08,3015,3015,3015,0,0,1,3002
2022-08-09,3015,3015,3015,0,0,0,3007
2022-08-10,3014,3014,3014,0,0,0,3007
2022-08-11,3014,3014,3014,0,0,0,3005
2022-08-12,3015,3015,3015,0,0,0,3004
2022-08-15,3016,3016,3016,0,0,1,3005
2022-08-16,3018,3018,3018,0,0,0,3010
2022-08-17,3018,3018,3018,0,0,0,3006
2022-08-18,3022,3022,3022,0,0,3,3011
2022-08-19,3023,3023,3023,0,0,1,3011
2022-08-22,3024,3024,3024,0,0,1,3014
2022-08-23,3024,3024,3024,0,0,0,3015
2022-08-24,3024,3024,3024,0,0,0,3014
2022-08-25,3024,3024,3024,0,0,0,3016
2022-08-26,3025,3025,3025,0,0,0,3015
2022-08-29,3026,3026,3026,0,0,0,3019
2022-08-30,3027,3027,3027,0,0,0,3023
2022-08-31,3029,3029,3029,0,0,2,3023
2022-09-01,3028,3028,3028,0,0,0,3021
2022-09-02,3029,3029,3029,0,0,0,3024
2022-09-05,3029,3029,3029,0,0,1,3022
2022-09-06,3028,3028,3028,0,0,0,3020
2022-09-07,3028,3028,3028,0,0,0,3022
2022-09-08,3030,3030,3030,0,0,1,3026
2022-09-09,3031,3031,3031,0,0,1,3022
2022-09-13,3031,3031,3031,0,0,0,3025
2022-09-14,3031,3031,3031,0,0,0,3027
2022-09-15,3029,3029,3029,0,0,0,3021
2022-09-16,3029,3029,3029,0,0,0,3026
2022-09-19,3030,3030,3030,0,0,1,3024
2022-09-20,3032,3032,3032,0,0,1,3028
2022-09-21,3033,3033,3033,0,0,0,3029
2022-09-22,3033,3033,3033,0,0,0,3027
2022-09-23,3034,3034,3034,0,0,0,3032
2022-09-26,3035,3035,3035,0,0,1,3029
2022-09-27,3034,3034,3034,0,0,0,3026
2022-09-28,3034,3034,3034,0,0,0,3027
2022-09-29,3034,3034,3034,0,0,0,3028
2022-09-30,3035,3035,3035,0,0,2,3027
2022-10-10,3037,3037,3037,0,0,0,3025
2022-10-11,3037,3037,3037,0,0,1,3027
2022-10-12,3037,3037,3037,0,0,0,3030
2022-10-13,3037,3037,3037,0,0,1,3027
2022-10-14,3039,3039,3039,0,0,0,3029
2022-10-17,3036,3036,3036,0,0,0,3024
2022-10-18,3036,3036,3036,0,0,0,3024
2022-10-19,3040,3040,3040,0,0,2,3027
2022-10-20,3040,3040,3040,0,0,0,3029
2022-10-21,3041,3041,3041,0,0,0,3029
2022-10-24,3042,3042,3042,0,0,0,3034
2022-10-25,3041,3041,3041,0,0,0,3029
2022-10-26,3040,3040,3040,0,0,1,3031
2022-10-27,3041,3041,3041,0,0,0,3029
2022-10-28,3043,3043,3043,0,0,0,3030
2022-10-31,3043,3043,3043,0,0,2,3021
2022-11-01,3045,3045,3045,0,0,0,3034
2022-11-02,3043,3043,3043,0,0,0,3023
2022-11-03,3045,3045,3045,0,0,0,3029
2022-11-04,3047,3047,3047,0,0,0,3041
2022-11-07,3047,3047,3047,0,0,0,3041
2022-11-08,3046,3046,3046,0,0,1,3039
2022-11-09,3046,3046,3046,0,0,0,3036
2022-11-10,3049,3049,3049,0,0,0,3042
2022-11-11,3049,3049,3049,0,0,0,3031
2022-11-14,3047,3047,3047,0,0,0,3032
2022-11-15,3048,3048,3048,0,0,0,3038
2022-11-16,3049,3049,3049,0,0,1,3034
2022-11-17,3048,3048,3048,0,0,0,3038
2022-11-18,3048,3048,3048,0,0,1,3038
2022-11-21,3050,3050,3050,0,0,0,3045
2022-11-22,3049,3049,3049,0,0,0,3041
2022-11-23,3050,3050,3050,0,0,0,3039
2022-11-24,3052,3052,3052,0,0,0,3041
2022-11-25,3052,3052,3052,0,0,0,3043
2022-11-28,3054,3054,3054,0,0,0,3046
2022-11-29,3055,3055,3055,0,0,0,3032
2022-11-30,3054,3054,3054,0,0,0,3037
2022-12-01,3055,3055,3055,0,0,0,3040
2022-12-02,3054,3054,3054,0,0,0,3047
2022-12-05,3052,3052,3052,0,0,1,3039
2022-12-06,3052,3052,3052,0,0,0,3048
2022-12-07,3052,3052,3052,0,0,0,3048
2022-12-08,3053,3053,3053,0,0,2,3046
2022-12-09,3053,3053,3053,0,0,0,3044
2022-12-12,3055,3055,3055,0,0,1,3048
2022-12-13,3055,3055,3055,0,0,0,3051
2022-12-14,3054,3054,3054,0,0,0,3048
2022-12-15,3054,3054,3054,0,0,0,3049
2022-12-16,3055,3055,3055,0,0,0,3048
2022-12-19,3052,3052,3052,0,0,0,3042
2022-12-20,3052,3052,3052,0,0,0,3046
2022-12-21,3048,3048,3048,0,0,0,3043
2022-12-22,3056,3056,3056,0,0,1,3049
2022-12-23,3055,3055,3055,0,0,0,3049
2022-12-26,3053,3053,3053,0,0,0,3045
2022-12-27,3055,3055,3055,0,0,0,3046
2022-12-28,3053,3053,3053,0,0,1,3046
2022-12-29,3056,3056,3056,0,0,0,3050
2022-12-30,3057,3057,3057,0,0,0,3051
2023-01-03,3058,3058,3058,0,0,0,3050
2023-01-04,3059,3059,3059,0,0,0,3047
2023-01-05,3059,3059,3059,0,0,0,3053
2023-01-06,3058,3058,3058,0,0,0,3052
2023-01-09,3056,3056,3056,0,0,0,3051
2023-01-10,3058,3058,3058,0,0,0,3052
2023-01-11,3058,3058,3058,0,0,0,3052
2023-01-12,3057,3057,3057,0,0,0,3051
2023-01-13,3058,3058,3058,0,0,0,3053
2023-01-16,3059,3059,3059,0,0,0,3053
2023-01-17,3059,3059,3059,0,0,0,3055
2023-01-18,3059,3059,3059,0,0,0,3051
2023-01-19,3058,3058,3058,0,0,0,3049
2023-01-20,3059,3059,3059,0,0,0,3051
2023-01-30,3058,3058,3058,0,0,1,3048
2023-01-31,3058,3058,3058,0,0,1,3044
2023-02-01,3059,3059,3059,0,0,1,3049
2023-02-02,3059,3059,3059,0,0,0,3051
2023-02-03,3059,3059,3059,0,0,0,3055
2023-02-06,3061,3061,3061,0,0,0,3050
2023-02-07,3061,3061,3061,0,0,0,3054
2023-02-08,3059,3059,3059,0,0,0,3051
2023-02-09,3060,3060,3060,0,0,0,3053
2023-02-10,3060,3060,3060,0,0,0,3056
2023-02-13,3061,3061,3061,0,0,0,3057
2023-02-14,3061,3061,3061,0,0,1,3054
2023-02-15,3062,3062,3062,0,0,0,3059
2023-02-16,3064,3064,3064,0,0,2,3059
2023-02-17,3066,3066,3066,0,0,1,3060
2023-02-20,3067,3067,3067,0,0,0,3061
2023-02-21,3066,3066,3066,0,0,0,3062
2023-02-22,3067,3067,3067,0,0,1,3064
2023-02-23,3066,3066,3066,0,0,0,3063
2023-02-24,3065,3065,3065,0,0,0,3062
2023-02-27,3066,3066,3066,0,0,1,3065
2023-02-28,3068,3068,3068,0,0,0,3061
2023-03-01,3068,3068,3068,0,0,0,3066
2023-03-02,3070,3070,3070,0,0,0,3067
2023-03-03,3072,3072,3072,0,0,2,3067
2023-03-06,3071,3071,3071,0,0,0,3065
2023-03-07,3072,3072,3072,0,0,1,3067
2023-03-08,3073,3073,3073,0,0,1,3067
2023-03-09,3073,3073,3073,0,0,0,3065
2023-03-10,3074,3074,3074,0,0,1,3069
2023-03-13,3077,3077,3077,0,0,2,3070
2023-03-14,3077,3077,3077,0,0,0,3071
2023-03-15,3078,3078,3078,0,0,1,3071
2023-03-16,3078,3078,3078,0,0,1,3072
2023-03-17,3077,3077,3077,0,0,0,3072
2023-03-20,3076,3076,3076,0,0,0,3070
2023-03-21,3078,3078,3078,0,0,1,3073
2023-03-22,3077,3077,3077,0,0,0,3072
2023-03-23,3078,3078,3078,0,0,0,3075
2023-03-24,3079,3079,3079,0,0,0,3077
2023-03-27,3081,3081,3081,0,0,1,3074
2023-03-28,3081,3081,3081,0,0,0,3073
2023-03-29,3084,3084,3084,0,0,2,3077
2023-03-30,3084,3084,3084,0,0,0,3082
2023-03-31,3084,3084,3084,0,0,0,3083
2023-04-03,3085,3085,3085,0,0,0,3082
2023-04-04,3086,3086,3086,0,0,0,3085
2023-04-06,3085,3085,3085,0,0,0,3081
2023-04-07,3084,3084,3084,0,0,0,3081
2023-04-10,3094,3094,3094,0,0,9,3078
2023-04-11,3095,3095,3095,0,0,0,3092
2023-04-12,3095,3095,3095,0,0,0,3092
2023-04-13,3096,3096,3096,0,0,0,3092
2023-04-14,3096,3096,3096,0,0,0,3093
2023-04-17,3096,3096,3096,0,0,0,3089
2023-04-18,3098,3098,3098,0,0,0,3096
2023-04-19,3099,3099,3099,0,0,0,3095
2023-04-20,3099,3099,3099,0,0,0,3096
2023-04-21,3097,3097,3097,0,0,0,3092
2023-04-24,3096,3096,3096,0,0,0,3089
2023-04-25,3095,3095,3095,0,0,0,3084
2023-04-26,3092,3092,3092,0,0,0,3074
2023-04-27,3086,3086,3086,0,0,0,3071
2023-04-28,3076,3076,3076,0,0,0,3061
2023-05-04,3047,3047,3047,0,0,0,3040
2023-05-05,3048,3048,3048,0,0,0,3044
2023-05-08,3047,3047,3047,0,0,0,3040
2023-05-09,3047,3047,3047,0,0,0,3041
2023-05-10,3050,3050,3050,0,0,0,3048
2023-05-11,3052,3052,3052,0,0,0,3046
2023-05-12,3053,3053,3053,0,0,0,3048
2023-05-15,3053,3053,3053,0,0,0,3048
2023-05-16,3056,3056,3056,0,0,0,3054
2023-05-17,3058,3058,3058,0,0,0,3054
2023-05-18,3058,3058,3058,0,0,0,3056
2023-05-19,3059,3059,3059,0,0,0,3056
2023-05-22,3060,3060,3060,0,0,0,3058
2023-05-23,3061,3061,3061,0,0,0,3060
2023-05-24,3063,3063,3063,0,0,0,3061
2023-05-25,3063,3063,3063,0,0,1,3056
2023-05-26,3062,3062,3062,0,0,0,3054
2023-05-29,3061,3061,3061,0,0,0,3053
2023-05-30,3064,3064,3064,0,0,1,3060
2023-05-31,3067,3067,3067,0,0,1,3059
2023-06-01,3069,3069,3069,0,0,0,3062
2023-06-02,3070,3070,3070,0,0,1,3060
2023-06-05,3070,3070,3070,0,0,0,3065
2023-06-06,3070,3070,3070,0,0,0,3065
2023-06-07,3070,3070,3070,0,0,0,3067
2023-06-08,3069,3069,3069,0,0,0,3065
2023-06-09,3070,3070,3070,0,0,0,3065
2023-06-12,3072,3072,3072,0,0,0,3065
2023-06-13,3074,3074,3074,0,0,0,3069
2023-06-14,3075,3075,3075,0,0,0,3070
2023-06-15,3075,3075,3075,0,0,0,3070
2023-06-16,3075,3075,3075,0,0,0,3069
2023-06-19,3077,3077,3077,0,0,0,3069
2023-06-20,3076,3076,3076,0,0,0,3072
2023-06-21,3077,3077,3077,0,0,0,3072
2023-06-26,3077,3077,3077,0,0,0,3072
2023-06-27,3077,3077,3077,0,0,0,3071
2023-06-28,3079,3079,3079,0,0,0,3073
2023-06-29,3079,3079,3079,0,0,0,3074
2023-06-30,3078,3078,3078,0,0,0,3073
2023-07-03,3079,3079,3079,0,0,0,3075
2023-07-04,3079,3079,3079,0,0,0,3069
2023-07-05,3079,3079,3079,0,0,0,3072
2023-07-06,3077,3077,3077,0,0,0,3072
2023-07-07,3078,3078,3078,0,0,0,3072
2023-07-10,3076,3076,3076,0,0,0,3071
2023-07-11,3075,3075,3075,0,0,0,3071
2023-07-12,3074,3074,3074,0,0,0,3070
2023-07-13,3073,3073,3073,0,0,0,3068
2023-07-14,3074,3074,3074,0,0,0,3068
2023-07-17,3075,3075,3075,0,0,0,3073
2023-07-18,3074,3074,3074,0,0,0,3073
2023-07-19,3074,3074,3074,0,0,0,3071
2023-07-20,3074,3074,3074,0,0,0,3072
2023-07-21,3074,3074,3074,0,0,0,3068
2023-07-24,3073,3073,3073,0,0,0,3065
2023-07-25,3074,3074,3074,0,0,0,3067
2023-07-26,3075,3075,3075,0,0,0,3069
2023-07-27,3075,3075,3075,0,0,0,3067
2023-07-28,3075,3075,3075,0,0,0,3073
2023-07-31,3076,3076,3076,0,0,0,3068
2023-08-01,3076,3076,3076,0,0,1,3073
2023-08-02,3075,3075,3075,0,0,0,3070
2023-08-03,3076,3076,3076,0,0,0,3066
2023-08-04,3076,3076,3076,0,0,0,3072
2023-08-07,3076,3076,3076,0,0,0,3075
2023-08-08,3077,3077,3077,0,0,0,3077
2023-08-09,3077,3077,3077,0,0,0,3074
2023-08-10,3078,3078,3078,0,0,0,3075
2023-08-11,3078,3078,3078,0,0,0,3075
2023-08-14,3078,3078,3078,0,0,0,3074
2023-08-15,3078,3078,3078,0,0,0,3077
2023-08-16,3078,3078,3078,0,0,0,3078
2023-08-17,3078,3078,3078,0,0,0,3076
2023-08-18,3078,3078,3078,0,0,0,3075
2023-08-21,3077,3077,3077,0,0,0,3075
2023-08-22,3077,3077,3077,0,0,0,3073
2023-08-23,3079,3079,3079,0,0,1,3076
2023-08-24,3079,3079,3079,0,0,0,3077
2023-08-25,3079,3079,3079,0,0,0,3073
2023-08-28,3078,3078,3078,0,0,0,3005
2023-08-29,3077,3077,3077,0,0,0,3076
2023-08-30,3078,3078,3078,0,0,0,3072
2023-08-31,3078,3078,3078,0,0,0,3076
2023-09-01,3078,3078,3078,0,0,1,3076
2023-09-04,3079,3079,3079,0,0,0,3073
2023-09-05,3079,3079,3079,0,0,0,3076
2023-09-06,3079,3079,3079,0,0,0,3077
2023-09-07,3079,3079,3079,0,0,0,3074
2023-09-08,3079,3079,3079,0,0,0,3075
2023-09-11,3079,3079,3079,0,0,0,3074
2023-09-12,3080,3080,3080,0,0,0,3075
2023-09-13,3080,3080,3080,0,0,0,3075
2023-09-14,3080,3080,3080,0,0,0,3075
2023-09-15,3079,3079,3079,0,0,0,3076
2023-09-18,3080,3080,3080,0,0,0,3075
2023-09-19,3080,3080,3080,0,0,0,3076
2023-09-20,3080,3080,3080,0,0,0,3077
2023-09-21,3081,3081,3081,0,0,0,3079
2023-09-22,3081,3081,3081,0,0,0,3080
2023-09-25,3082,3082,3082,0,0,0,3075
2023-09-26,3082,3082,3082,0,0,0,3079
2023-09-27,3081,3081,3081,0,0,0,3072
2023-09-28,3080,3080,3080,0,0,0,3072
2023-10-09,3079,3079,3079,0,0,0,3070
2023-10-10,3079,3079,3079,0,0,0,3075
2023-10-11,3078,3078,3078,0,0,0,3071
2023-10-12,3078,3078,3078,0,0,0,3069
2023-10-13,3078,3078,3078,0,0,0,3075
2023-10-16,3079,3079,3079,0,0,0,3069
2023-10-17,3080,3080,3080,0,0,0,3074
2023-10-18,3080,3080,3080,0,0,0,3075
2023-10-19,3082,3082,3082,0,0,0,3078
2023-10-20,3083,3083,3083,0,0,0,3074
2023-10-23,3084,3084,3084,0,0,0,3077
2023-10-24,3083,3083,3083,0,0,0,3074
2023-10-25,3083,3083,3083,0,0,1,3060
2023-10-26,3083,3083,3083,0,0,1,3071
2023-10-27,3083,3083,3083,0,0,0,3071
2023-10-30,3083,3083,3083,0,0,1,3066
2023-10-31,3084,3084,3084,0,0,0,3070
2023-11-01,3085,3085,3085,0,0,0,3080
2023-11-02,3085,3085,3085,0,0,0,3080
2023-11-03,3087,3087,3087,0,0,1,3078
2023-11-06,3083,3083,3083,0,0,0,3071
2023-11-07,3086,3086,3086,0,0,0,3075
2023-11-08,3088,3088,3088,0,0,0,3077
2023-11-09,3087,3087,3087,0,0,0,3076
2023-11-10,3087,3087,3087,0,0,1,3073
2023-11-13,3088,3088,3088,0,0,0,3080
2023-11-14,3088,3088,3088,0,0,0,3080
2023-11-15,3087,3087,3087,0,0,0,3079
2023-11-16,3087,3087,3087,0,0,0,3078
2023-11-17,3087,3087,3087,0,0,0,3077
2023-11-20,3090,3090,3090,0,0,0,3082
2023-11-21,3091,3091,3091,0,0,0,3082
2023-11-22,3091,3091,3091,0,0,0,3080
2023-11-23,3092,3092,3092,0,0,0,3076
2023-11-24,3092,3092,3092,0,0,0,3079
2023-11-27,3092,3092,3092,0,0,0,3080
2023-11-28,3092,3092,3092,0,0,0,3082
2023-11-29,3092,3092,3092,0,0,0,3081
2023-11-30,3091,3091,3091,0,0,0,3081
2023-12-01,3091,3091,3091,0,0,0,3088
2023-12-04,3090,3090,3090,0,0,0,3081
2023-12-05,3091,3091,3091,0,0,0,3081
2023-12-06,3091,3091,3091,0,0,0,3084
2023-12-07,3091,3091,3091,0,0,0,3079
2023-12-08,3092,3092,3092,0,0,0,3078
2023-12-11,3092,3092,3092,0,0,0,3086
2023-12-12,3092,3092,3092,0,0,0,3087
2023-12-13,3093,3093,3093,0,0,0,3088
2023-12-14,3093,3093,3093,0,0,0,3084
2023-12-15,3094,3094,3094,0,0,0,3083
2023-12-18,3092,3092,3092,0,0,0,3084
2023-12-19,3091,3091,3091,0,0,0,3085
2023-12-20,3092,3092,3092,0,0,0,3087
2023-12-21,3092,3092,3092,0,0,0,3087
2023-12-22,3093,3093,3093,0,0,1,3086
2023-12-25,3096,3096,3096,0,0,0,3091
2023-12-26,3096,3096,3096,0,0,0,3090
2023-12-27,3097,3097,3097,0,0,0,3094
2023-12-28,3097,3097,3097,0,0,0,3092
2023-12-29,3097,3097,3097,0,0,1,3083
2024-01-02,3096,3096,3096,0,0,0,3091
2024-01-03,3096,3096,3096,0,0,0,3091
2024-01-04,3096,3096,3096,0,0,0,3091
2024-01-05,3097,3097,3097,0,0,0,3085
2024-01-08,3097,3097,3097,0,0,0,3092
2024-01-09,3097,3097,3097,0,0,0,3085
2024-01-10,3099,3099,3099,0,0,0,3090
2024-01-11,3101,3101,3101,0,0,0,3091
2024-01-12,3100,3100,3100,0,0,0,3092
2024-01-15,3100,3100,3100,0,0,0,3092
2024-01-16,3101,3101,3101,0,0,0,3096
2024-01-17,3101,3101,3101,0,0,0,3094
2024-01-18,3103,3103,3103,0,0,0,3092
2024-01-19,3104,3104,3104,0,0,0,3096
2024-01-22,3104,3104,3104,0,0,0,3095
2024-01-23,3104,3104,3104,0,0,0,3092
2024-01-24,3105,3105,3105,0,0,0,3092
2024-01-25,3105,3105,3105,0,0,0,3082
2024-01-26,3105,3105,3105,0,0,0,3087
2024-01-29,3105,3105,3105,0,0,0,3087
2024-01-30,3105,3105,3105,0,0,0,3085
2024-01-31,3105,3105,3105,0,0,0,3067
2024-02-01,3105,3105,3105,0,0,0,3076
2024-02-02,3104,3104,3104,0,0,0,3082
2024-02-05,3104,3104,3104,0,0,0,3076
2024-02-06,3106,3106,3106,0,0,0,2982
2024-02-07,3106,3106,3106,0,0,0,3089
2024-02-08,3106,3106,3106,0,0,0,3077
2024-02-19,3106,3106,3106,0,0,0,3083
2024-02-20,3106,3106,3106,0,0,0,3088
2024-02-21,3106,3106,3106,0,0,0,3093
2024-02-22,3106,3106,3106,0,0,0,3093
2024-02-23,3105,3105,3105,0,0,0,3088
2024-02-26,3104,3104,3104,0,0,0,3079
2024-02-27,3104,3104,3104,0,0,0,3089
2024-02-28,3103,3103,3103,0,0,0,3086
2024-02-29,3103,3103,3103,0,0,0,3082
2024-03-01,3104,3104,3104,0,0,0,3082
2024-03-04,3104,3104,3104,0,0,0,3085
2024-03-05,3104,3104,3104,0,0,0,3091
2024-03-06,3104,3104,3104,0,0,0,3098
2024-03-07,3104,3104,3104,0,0,0,3088
2024-03-08,3105,3105,3105,0,0,0,3097
2024-03-11,3105,3105,3105,0,0,0,3086
2024-03-12,3105,3105,3105,0,0,0,3090
2024-03-13,3105,3105,3105,0,0,0,3097
2024-03-14,3105,3105,3105,0,0,0,3095
2024-03-15,3104,3104,3104,0,0,0,3097
2024-03-18,3103,3103,3103,0,0,0,3092
2024-03-19,3105,3105,3105,0,0,0,3097
2024-03-20,3105,3105,3105,0,0,0,3096
2024-03-21,3105,3105,3105,0,0,0,3091
2024-03-22,3105,3105,3105,0,0,0,3089
2024-03-25,3105,3105,3105,0,0,0,3086
2024-03-26,3106,3106,3106,0,0,1,3088
2024-03-27,3108,3108,3108,0,0,0,3093
2024-03-28,3109,3109,3109,0,0,0,3093
2024-03-29,3107,3107,3107,0,0,0,3091
2024-04-01,3107,3107,3107,0,0,0,3090
2024-04-02,3108,3108,3108,0,0,0,3091
2024-04-03,3107,3107,3107,0,0,0,3091
2024-04-08,3107,3107,3107,0,0,0,3089
2024-04-09,3108,3108,3108,0,0,0,3090
2024-04-10,3108,3108,3108,0,0,0,3095
2024-04-11,3108,3108,3108,0,0,0,3096
2024-04-12,3108,3108,3108,0,0,0,3097
2024-04-15,3107,3107,3107,0,0,0,3081
2024-04-16,3107,3107,3107,0,0,0,3061
2024-04-17,3106,3106,3106,0,0,0,3052
2024-04-18,3105,3105,3105,0,0,0,3093
2024-04-19,3103,3103,3103,0,0,0,3090
2024-04-22,3103,3103,3103,0,0,0,3083
2024-04-23,3100,3100,3100,0,0,0,3080
2024-04-24,3100,3100,3100,0,0,0,3082
2024-04-25,3099,3099,3099,0,0,0,3090
2024-04-26,3092,3092,3092,0,0,0,3083
2024-04-29,3086,3086,3086,0,0,0,3066
2024-04-30,3054,3054,3054,0,0,0,3033
2024-05-06,3052,3052,3052,0,0,0,3033
2024-05-07,3052,3052,3052,0,0,0,3045
2024-05-08,3052,3052,3052,0,0,0,3042
2024-05-09,3052,3052,3052,0,0,0,3043
2024-05-10,3052,3052,3052,0,0,0,3045
2024-05-13,3051,3051,3051,0,0,0,3041
2024-05-14,3051,3051,3051,0,0,0,3040
2024-05-15,3052,3052,3052,0,0,0,3048
2024-05-16,3052,3052,3052,0,0,0,3045
2024-05-17,3052,3052,3052,0,0,0,3047
2024-05-20,3050,3050,3050,0,0,0,3040
2024-05-21,3051,3051,3051,0,0,0,3041
2024-05-22,3052,3052,3052,0,0,0,3044
2024-05-23,3052,3052,3052,0,0,0,3046
2024-05-24,3052,3052,3052,0,0,0,3047
2024-05-27,3051,3051,3051,0,0,0,3043
2024-05-28,3051,3051,3051,0,0,0,3046
2024-05-29,3052,3052,3052,0,0,1,3038
2024-05-30,3052,3052,3052,0,0,0,3045
2024-05-31,3052,3052,3052,0,0,0,3047
2024-06-03,3052,3052,3052,0,0,0,3045
2024-06-04,3052,3052,3052,0,0,0,3043
2024-06-05,3057,3057,3057,0,0,3,3040
2024-06-06,3059,3059,3059,0,0,1,3046
2024-06-07,3059,3059,3059,0,0,0,3048
2024-06-11,3062,3062,3062,0,0,0,3057
2024-06-12,3065,3065,3065,0,0,0,3056
2024-06-13,3067,3067,3067,0,0,0,3059
2024-06-14,3069,3069,3069,0,0,0,3064
2024-06-17,3069,3069,3069,0,0,0,3064
2024-06-18,3070,3070,3070,0,0,0,3067
2024-06-19,3070,3070,3070,0,0,0,3066
2024-06-20,3069,3069,3069,0,0,0,3066
2024-06-21,3070,3070,3070,0,0,0,3061
2024-06-24,3070,3070,3070,0,0,0,3057
2024-06-25,3070,3070,3070,0,0,0,3059
2024-06-26,3075,3075,3075,0,0,0,3066
2024-06-27,3071,3071,3071,0,0,0,3062
2024-06-28,3070,3070,3070,0,0,0,3062
2024-07-01,3069,3069,3069,0,0,0,3058
2024-07-02,3070,3070,3070,0,0,0,3060
2024-07-03,3071,3071,3071,0,0,0,3061
2024-07-04,3072,3072,3072,0,0,1,3063
2024-07-05,3072,3072,3072,0,0,0,3066
2024-07-08,3070,3070,3070,0,0,0,3064
2024-07-09,3070,3070,3070,0,0,0,3062
2024-07-10,3071,3071,3071,0,0,0,3059
2024-07-11,3071,3071,3071,0,0,0,3065
2024-07-12,3071,3071,3071,0,0,0,3064
2024-07-15,3072,3072,3072,0,0,0,3064
2024-07-16,3072,3072,3072,0,0,0,3071
2024-07-17,3071,3071,3071,0,0,0,3067
2024-07-18,3070,3070,3070,0,0,0,3064
2024-07-19,3068,3068,3068,0,0,0,3065
2024-07-22,3068,3068,3068,0,0,0,3061
2024-07-23,3068,3068,3068,0,0,0,3066
2024-07-24,3068,3068,3068,0,0,0,3063
2024-07-25,3067,3067,3067,0,0,0,3061
2024-07-26,3069,3069,3069,0,0,0,3063
2024-07-29,3069,3069,3069,0,0,0,3059
2024-07-30,3070,3070,3070,0,0,0,3063
2024-07-31,3070,3070,3070,0,0,0,3061
2024-08-01,3069,3069,3069,0,0,0,3056
2024-08-02,3070,3070,3070,0,0,0,3060
2024-08-05,3070,3070,3070,0,0,0,3056
2024-08-06,3069,3069,3069,0,0,0,3057
2024-08-07,3069,3069,3069,0,0,0,3052
2024-08-08,3070,3070,3070,0,0,0,3051
2024-08-09,3070,3070,3070,0,0,0,3058
2024-08-12,3070,3070,3070,0,0,0,3056
2024-08-13,3070,3070,3070,0,0,0,3065
2024-08-14,3071,3071,3071,0,0,0,3062
2024-08-15,3072,3072,3072,0,0,0,3068
2024-08-16,3072,3072,3072,0,0,0,3066
2024-08-19,3072,3072,3072,0,0,0,3066
2024-08-20,3073,3073,3073,0,0,0,3065
2024-08-21,3073,3073,3073,0,0,0,3070
2024-08-22,3072,3072,3072,0,0,0,3068
2024-08-23,3072,3072,3072,0,0,0,3068
2024-08-26,3073,3073,3073,0,0,1,3065
2024-08-27,3072,3072,3072,0,0,0,3067
2024-08-28,3071,3071,3071,0,0,0,3062
2024-08-29,3071,3071,3071,0,0,0,3067
2024-08-30,3071,3071,3071,0,0,0,3063
2024-09-02,3069,3069,3069,0,0,0,3063
2024-09-03,3068,3068,3068,0,0,0,3061
2024-09-04,3068,3068,3068,0,0,0,3062
2024-09-05,3068,3068,3068,0,0,0,3064
2024-09-06,3068,3068,3068,0,0,0,3059
2024-09-09,3068,3068,3068,0,0,0,3058
2024-09-10,3069,3069,3069,0,0,0,3054
2024-09-11,3070,3070,3070,0,0,0,3052
2024-09-12,3070,3070,3070,0,0,0,3057
2024-09-13,3070,3070,3070,0,0,0,3061
2024-09-18,3067,3067,3067,0,0,0,3058
2024-09-19,3069,3069,3069,0,0,0,3059
2024-09-20,3069,3069,3069,0,0,0,3061
2024-09-23,3070,3070,3070,0,0,0,3061
2024-09-24,3071,3071,3071,0,0,0,3061
2024-09-25,3072,3072,3072,0,0,0,3045
2024-09-26,3072,3072,3072,0,0,0,3062
2024-09-27,3072,3072,3072,0,0,0,3054
2024-09-30,3069,3069,3069,0,0,0,3011
2024-10-08,3068,3068,3068,0,0,0,1657
2024-10-09,3067,3067,3067,0,0,0,3054
2024-10-10,3069,3069,3069,0,0,0,3057
2024-10-11,3069,3069,3069,0,0,1,3053
2024-10-14,3069,3069,3069,0,0,1,3050
2024-10-15,3070,3070,3070,0,0,0,3067
2024-10-16,3071,3071,3071,0,0,0,3063
2024-10-17,3072,3072,3072,0,0,0,3056
2024-10-18,3071,3071,3071,0,0,0,3061
2024-10-21,3072,3072,3072,0,0,0,3050
2024-10-22,3072,3072,3072,0,0,0,3048
2024-10-23,3071,3071,3071,0,0,0,3047
2024-10-24,3072,3072,3072,0,0,0,3053
2024-10-25,3072,3072,3072,0,0,0,3046
2024-10-28,3070,3070,3070,0,0,0,3030
2024-10-29,3069,3069,3069,0,0,0,3008
2024-10-30,3067,3067,3067,0,0,0,3042
2024-10-31,3067,3067,3067,0,0,0,3017
2024-11-01,3066,3066,3066,0,0,0,3019
2024-11-04,3066,3066,3066,0,0,0,3001
2024-11-05,3068,3068,3068,0,0,0,3039
2024-11-06,3069,3069,3069,0,0,0,3031
2024-11-07,3069,3069,3069,0,0,0,3042
2024-11-08,3070,3070,3070,0,0,0,3026
2024-11-11,3070,3070,3070,0,0,0,3041
2024-11-12,3070,3070,3070,0,0,0,3045
2024-11-13,3069,3069,3069,0,0,0,3055
2024-11-14,3069,3069,3069,0,0,0,3057
2024-11-15,3072,3072,3072,0,0,0,3063
2024-11-18,3069,3069,3069,0,0,0,3047
2024-11-19,3069,3069,3069,0,0,0,3045
2024-11-20,3071,3071,3071,0,0,0,3043
2024-11-21,3070,3070,3070,0,0,0,3044
2024-11-22,3071,3071,3071,0,0,0,3047
2024-11-25,3071,3071,3071,0,0,0,3040
2024-11-26,3072,3072,3072,0,0,1,3032
2024-11-27,3071,3071,3071,0,0,0,3037
2024-11-28,3069,3069,3069,0,0,0,3049
2024-11-29,3072,3072,3072,0,0,0,3052
2024-12-02,3071,3071,3071,0,0,0,3041
2024-12-03,3070,3070,3070,0,0,0,3031
2024-12-04,3069,3069,3069,0,0,0,3037
2024-12-05,3071,3071,3071,0,0,0,3048
2024-12-06,3070,3070,3070,0,0,0,3035
2024-12-09,3070,3070,3070,0,0,0,3038
2024-12-10,3071,3071,3071,0,0,0,3034
2024-12-11,3072,3072,3072,0,0,0,3052
2024-12-12,3071,3071,3071,0,0,0,3048
2024-12-13,3071,3071,3071,0,0,0,3059
2024-12-16,3072,3072,3072,0,0,0,3044
2024-12-17,3070,3070,3070,0,0,0,3038
2024-12-18,3069,3069,3069,0,0,0,3028
2024-12-19,3069,3069,3069,0,0,0,3057
2024-12-20,3070,3070,3070,0,0,0,3057
2024-12-23,3069,3069,3069,0,0,0,3053
2024-12-24,3069,3069,3069,0,0,0,3047
2024-12-25,3069,3069,3069,0,0,0,3051
2024-12-26,3070,3070,3070,0,0,0,3047
2024-12-27,3069,3069,3069,0,0,0,3053
2024-12-30,3067,3067,3067,0,0,0,3052
2024-12-31,3069,3069,3069,0,0,0,3061
2025-01-02,3068,3068,3068,0,0,0,3057
2025-01-03,3069,3069,3069,0,0,1,3053
2025-01-06,3068,3068,3068,0,0,0,3050
2025-01-07,3068,3068,3068,0,0,0,3047
2025-01-08,3069,3069,3069,0,0,0,3060
2025-01-09,3069,3069,3069,0,0,0,3056
2025-01-10,3068,3068,3068,0,0,0,3061
2025-01-13,3069,3069,3069,0,0,0,3051
2025-01-14,3071,3071,3071,0,0,0,3051
2025-01-15,3072,3072,3072,0,0,0,3051
2025-01-16,3073,3073,3073,0,0,0,3060
2025-01-17,3074,3074,3074,0,0,0,3059
2025-01-20,3073,3073,3073,0,0,0,3048
2025-01-21,3074,3074,3074,0,0,0,3049
2025-01-22,3075,3075,3075,0,0,0,3052
2025-01-23,3077,3077,3077,0,0,1,3054
2025-01-24,3077,3077,3077,0,0,0,3059
2025-01-27,3078,3078,3078,0,0,0,3047
2025-02-05,3079,3079,3079,0,0,0,3050
2025-02-06,3077,3077,3077,0,0,0,3064
2025-02-07,3078,3078,3078,0,0,2,3062
2025-02-10,3078,3078,3078,0,0,0,3060
2025-02-11,3077,3077,3077,0,0,0,3062
2025-02-12,3077,3077,3077,0,0,0,3065
2025-02-13,3077,3077,3077,0,0,0,3065
2025-02-14,3076,3076,3076,0,0,0,3070
2025-02-17,3077,3077,3077,0,0,0,3054
2025-02-18,3077,3077,3077,0,0,0,3063
2025-02-19,3077,3077,3077,0,0,0,3069
2025-02-20,3076,3076,3076,0,0,0,3063
2025-02-21,3076,3076,3076,0,0,0,3058
2025-02-24,3075,3075,3075,0,0,0,3056
2025-02-25,3073,3073,3073,0,0,0,3059
2025-02-26,3073,3073,3073,0,0,0,3061
2025-02-27,3073,3073,3073,0,0,0,3062
2025-02-28,3073,3073,3073,0,0,0,3061
2025-03-03,3072,3072,3072,0,0,0,3063
2025-03-04,3074,3074,3074,0,0,1,3063
2025-03-05,3074,3074,3074,0,0,0,3066
2025-03-06,3074,3074,3074,0,0,0,3064
2025-03-07,3075,3075,3075,0,0,0,3062
2025-03-10,3075,3075,3075,0,0,0,3065
2025-03-11,3076,3076,3076,0,0,0,3068
2025-03-12,3076,3076,3076,0,0,0,3061
2025-03-13,3076,3076,3076,0,0,0,3067
2025-03-14,3076,3076,3076,0,0,0,3059
2025-03-17,3073,3073,3073,0,0,0,3057
2025-03-18,3074,3074,3074,0,0,0,3062
2025-03-19,3070,3070,3070,0,0,0,3059
2025-03-20,3071,3071,3071,0,0,0,3062
2025-03-21,3073,3073,3073,0,0,0,3060
2025-03-24,3073,3073,3073,0,0,0,3055
2025-03-25,3072,3072,3072,0,0,0,3054
2025-03-26,3072,3072,3072,0,0,0,3058
2025-03-27,3071,3071,3071,0,0,0,3057
2025-03-28,3069,3069,3069,0,0,0,3057
2025-03-31,3070,3070,3070,0,0,0,3054
2025-04-01,3070,3070,3070,0,0,0,3054
2025-04-02,3071,3071,3071,0,0,0,3057
2025-04-03,3070,3070,3070,0,0,0,3061
2025-04-07,3070,3070,3070,0,0,0,2892
2025-04-08,3072,3072,3072,0,0,1,3018
2025-04-09,3075,3075,3075,0,0,1,3042
2025-04-10,3075,3075,3075,0,0,0,3051
2025-04-11,3075,3075,3075,0,0,0,3063
2025-04-14,3075,3075,3075,0,0,0,3056
2025-04-15,3075,3075,3075,0,0,0,3065
2025-04-16,3077,3077,3077,0,0,0,3064
2025-04-17,3077,3077,3077,0,0,0,3070
2025-04-18,3076,3076,3076,0,0,0,3068
2025-04-21,3076,3076,3076,0,0,0,3059
2025-04-22,3069,3069,3069,0,0,0,3051
2025-04-23,3067,3067,3067,0,0,0,3044
2025-04-24,3068,3068,3068,0,0,0,3050
2025-04-25,3066,3066,3066,0,0,0,3052
2025-04-28,3055,3055,3055,0,0,0,3032
2025-04-29,3030,3030,3030,0,0,0,3008
2025-04-30,3018,3018,3018,0,0,0,3002
2025-05-06,3021,3021,3021,0,0,0,3012
2025-05-07,3022,3022,3022,0,0,0,3005
2025-05-08,3023,3023,3023,0,0,0,3012
2025-05-09,3023,3023,3023,0,0,0,3013
2025-05-12,3023,3023,3023,0,0,0,3013
2025-05-13,3022,3022,3022,0,0,0,3012
2025-05-14,3022,3022,3022,0,0,0,3014
2025-05-15,3022,3022,3022,0,0,0,3015
2025-05-16,3021,3021,3021,0,0,0,3010
2025-05-19,3023,3023,3023,0,0,0,3008
2025-05-20,3028,3028,3028,0,0,0,3013
2025-05-21,3027,3027,3027,0,0,0,3016
2025-05-22,3028,3028,3028,0,0,0,3017
2025-05-23,3029,3029,3029,0,0,0,3020
2025-05-26,3028,3028,3028,0,0,0,3023
2025-05-27,3027,3027,3027,0,0,0,3021
2025-05-28,3027,3027,3027,0,0,0,3013
2025-05-29,3029,3029,3029,0,0,1,3018
2025-05-30,3030,3030,3030,0,0,0,3018
2025-06-03,3027,3027,3027,0,0,0,3011
2025-06-04,3031,3031,3031,0,0,0,3022
2025-06-05,3032,3032,3032,0,0,0,3025
2025-06-06,3033,3033,3033,0,0,0,3025
2025-06-09,3032,3032,3032,0,0,0,3024
2025-06-10,3036,3036,3036,0,0,2,3022
2025-06-11,3037,3037,3037,0,0,0,3028
2025-06-12,3038,3038,3038,0,0,1,3028
2025-06-13,3041,3041,3041,0,0,0,3029
2025-06-16,3044,3044,3044,0,0,0,3036
2025-06-17,3047,3047,3047,0,0,0,3037
2025-06-18,3047,3047,3047,0,0,0,3038
2025-06-19,3047,3047,3047,0,0,0,3043
2025-06-20,3049,3049,3049,0,0,0,3044
2025-06-23,3048,3048,3048,0,0,0,3041
2025-06-24,3050,3050,3050,0,0,1,3022
2025-06-25,3051,3051,3051,0,0,1,3038
2025-06-26,3051,3051,3051,0,0,0,3038
2025-06-27,3049,3049,3049,0,0,0,3037
2025-06-30,3051,3051,3051,0,0,0,3045
2025-07-01,3050,3050,3050,0,0,0,3039
2025-07-02,3050,3050,3050,0,0,0,3040
2025-07-03,3050,3050,3050,0,0,0,3040
2025-07-04,3049,3049,3049,0,0,0,3040
2025-07-07,3048,3048,3048,0,0,0,3040
2025-07-08,3046,3046,3046,0,0,0,3038
2025-07-09,3047,3047,3047,0,0,0,3038
2025-07-10,3048,3048,3048,0,0,0,3041
2025-07-11,3048,3048,3048,0,0,0,3033
2025-07-14,3048,3048,3048,0,0,0,3037
2025-07-15,3048,3048,3048,0,0,0,3035
2025-07-16,3047,3047,3047,0,0,1,3043
2025-07-17,3047,3047,3047,0,0,0,3042
2025-07-18,3047,3047,3047,0,0,0,3041
2025-07-21,3047,3047,3047,0,0,0,3021
2025-07-22,3044,3044,3044,0,0,0,3015
2025-07-23,3047,3047,3047,0,0,0,3018
2025-07-24,3046,3046,3046,0,0,0,3039
2025-07-25,3046,3046,3046,0,0,0,3038
2025-07-28,3046,3046,3046,0,0,0,3041
2025-07-29,3051,3051,3051,0,0,0,3041
2025-07-30,3052,3052,3052,0,0,1,3043
2025-07-31,3051,3051,3051,0,0,0,3042
2025-08-01,3051,3051,3051,0,0,0,3046
2025-08-04,3049,3049,3049,0,0,0,3042
2025-08-05,3049,3049,3049,0,0,0,3043
2025-08-06,3049,3049,3049,0,0,0,3045
2025-08-07,3050,3050,3050,0,0,0,3040
2025-08-08,3051,3051,3051,0,0,0,3047
2025-08-11,3052,3052,3052,0,0,0,3040
2025-08-12,3052,3052,3052,0,0,0,3045
2025-08-13,3051,3051,3051,0,0,0,3042
2025-08-14,3051,3051,3051,0,0,0,3044
2025-08-15,3050,3050,3050,0,0,0,3045
2025-08-18,3050,3050,3050,0,0,0,3039
2025-08-19,3051,3051,3051,0,0,0,3042
2025-08-20,3050,3050,3050,0,0,0,3045
2025-08-21,3050,3050,3050,0,0,0,3044
2025-08-22,3051,3051,3051,0,0,0,3045
2025-08-25,3051,3051,3051,0,0,0,3041
2025-08-26,3051,3051,3051,0,0,0,3047
2025-08-27,3051,3051,3051,0,0,0,3046
2025-08-28,3051,3051,3051,0,0,0,3043
2025-08-29,3051,3051,3051,0,0,0,3044
2025-09-01,3050,3050,3050,0,0,0,3044
2025-09-02,3051,3051,3051,0,0,0,3043
2025-09-03,3052,3052,3052,0,0,0,3042
2025-09-04,3051,3051,3051,0,0,0,3042
2025-09-05,3052,3052,3052,0,0,0,3042
2025-09-08,3053,3053,3053,0,0,0,3044
2025-09-09,3053,3053,3053,0,0,0,3048
2025-09-10,3054,3054,3054,0,0,0,3049
2025-09-11,3052,3052,3052,0,0,0,3044
2025-09-12,3053,3053,3053,0,0,0,3048
2025-09-15,3052,3052,3052,0,0,0,3047
2025-09-16,3053,3053,3053,0,0,0,3047
2025-09-17,3052,3052,3052,0,0,0,3042
2025-09-18,3053,3053,3053,0,0,0,3045
2025-09-19,3053,3053,3053,0,0,0,3044
2025-09-22,3051,3051,3051,0,0,0,3040
2025-09-23,3052,3052,3052,0,0,0,3042
2025-09-24,3051,3051,3051,0,0,0,3041
2025-09-25,3050,3050,3050,0,0,0,3046
2025-09-26,3050,3050,3050,0,0,0,3045
2025-09-29,3047,3047,3047,0,0,0,3043
2025-09-30,3048,3048,3048,0,0,0,3045
2025-10-09,3044,3044,3044,0,0,0,3028
2025-10-10,3044,3044,3044,0,0,0,3035
2025-10-13,3046,3046,3046,0,0,0,3024
2025-10-14,3046,3046,3046,0,0,0,3034
2025-10-15,3046,3046,3046,0,0,0,3041
2025-10-16,3048,3048,3048,0,0,0,3037
2025-10-17,3051,3051,3051,0,0,0,3042
2025-10-20,3050,3050,3050,0,0,0,3040
2025-10-21,3049,3049,3049,0,0,0,3042
2025-10-22,3050,3050,3050,0,0,0,3037
2025-10-23,3051,3051,3051,0,0,0,3041
2025-10-24,3052,3052,3052,0,0,1,3041
2025-10-27,3052,3052,3052,0,0,0,3043
2025-10-28,3052,3052,3052,0,0,0,3047
2025-10-29,3054,3054,3054,0,0,0,3048
2025-10-30,3052,3052,3052,0,0,0,3046
2025-10-31,3052,3052,3052,0,0,0,3044
2025-11-03,3051,3051,3051,0,0,0,3040
2025-11-04,3050,3050,3050,0,0,0,3041
2025-11-05,3050,3050,3050,0,0,0,3046
2025-11-06,3050,3050,3050,0,0,0,3040
2025-11-07,3051,3051,3051,0,0,0,3047
2025-11-10,3054,3054,3054,0,0,0,3046
2025-11-11,3055,3055,3055,0,0,0,3046
2025-11-12,3056,3056,3056,0,0,0,3045
2025-11-13,3056,3056,3056,0,0,0,3047
2025-11-14,3056,3056,3056,0,0,0,3045
2025-11-17,3055,3055,3055,0,0,0,3035
2025-11-18,3055,3055,3055,0,0,0,3047
2025-11-19,3057,3057,3057,0,0,0,3042
2025-11-20,3055,3055,3055,0,0,0,3043
2025-11-21,3056,3056,3056,0,0,0,3037
2025-11-24,3054,3054,3054,0,0,0,3035
2025-11-25,3053,3053,3053,0,0,0,3047
2025-11-26,3053,3053,3053,0,0,0,3041
2025-11-27,3053,3053,3053,0,0,0,3045
2025-11-28,3052,3052,3052,0,0,0,3043
2025-12-01,3051,3051,3051,0,0,0,3037
2025-12-02,3052,3052,3052,0,0,0,3046
2025-12-03,3054,3054,3054,0,0,0,3046
2025-12-04,3053,3053,3053,0,0,0,3044
2025-12-05,3052,3052,3052,0,0,0,3048
2025-12-08,3052,3052,3052,0,0,0,3040
2025-12-09,3053,3053,3053,0,0,1,3040
2025-12-10,3050,3050,3050,0,0,0,3039
2025-12-11,3051,3051,3051,0,0,0,3045
2025-12-12,3052,3052,3052,0,0,0,3046
2025-12-15,3050,3050,3050,0,0,0,3040
2025-12-16,3051,3051,3051,0,0,0,3040
2025-12-17,3052,3052,3052,0,0,0,3041
2025-12-18,3054,3054,3054,0,0,0,3041
2025-12-19,3053,3053,3053,0,0,0,3047
2025-12-22,3053,3053,3053,0,0,0,3038
2025-12-23,3055,3055,3055,0,0,1,3038
2025-12-24,3056,3056,3056,0,0,0,3046
2025-12-25,3058,3058,3058,0,0,0,3046
2025-12-26,3059,3059,3059,0,0,0,3044
2025-12-29,3058,3058,3058,0,0,0,3048
2025-12-30,3056,3056,3056,0,0,0,3037
2025-12-31,3056,3056,3056,0,0,0,3049
2026-01-05,3056,3056,3056,0,0,0,3041
2026-01-06,3057,3057,3057,0,0,0,3043
2026-01-07,3057,3057,3057,0,0,0,3038
2026-01-08,3057,3057,3057,0,0,0,3043
2026-01-09,3056,3056,3056,0,0,1,3037
2026-01-12,3056,3056,3056,0,0,1,3024
2026-01-13,3055,3055,3055,0,0,0,3020
2026-01-14,3055,3055,3055,0,0,0,3038
2026-01-15,3058,3058,3058,0,0,0,3034
2026-01-16,3057,3057,3057,0,0,0,3014
2026-01-19,3058,3058,3058,0,0,0,3020
2026-01-20,3060,3060,3060,0,0,0,3051
2026-01-21,3059,3059,3059,0,0,0,3050
2026-01-22,3059,3059,3059,0,0,0,3048
2026-01-23,3060,3060,3060,0,0,0,3052
2026-01-26,3057,3057,3057,0,0,0,3040
2026-01-27,3058,3058,3058,0,0,0,3052
2026-01-28,3057,3057,3057,0,0,0,3047
2026-01-29,3058,3058,3058,0,0,0,3045
2026-01-30,3058,3058,3058,0,0,0,3036
