trade_date,listed_mainboard_stocks,excluded_st_stocks,theoretical_universe_stocks,covered_stocks,missing_known_suspension,missing_unexplained_or_invalid,coverage_pct
2020-01-02,2899,129,2770,2755,9,6,99.4585
2020-01-03,2899,129,2770,2756,8,6,99.4946
2020-01-06,2900,129,2771,2756,9,6,99.4587
2020-01-07,2900,128,2772,2755,10,7,99.3867
2020-01-08,2899,128,2771,2754,11,6,99.3865
2020-01-09,2899,128,2771,2753,12,6,99.3504
2020-01-10,2899,128,2771,2751,14,6,99.2782
2020-01-13,2900,129,2771,2751,14,6,99.2782
2020-01-14,2900,129,2771,2753,12,6,99.3504
2020-01-15,2901,130,2771,2752,13,6,99.3143
2020-01-16,2902,130,2772,2754,12,6,99.3506
2020-01-17,2902,129,2773,2756,11,6,99.3869
2020-01-20,2902,129,2773,2758,9,6,99.4591
2020-01-21,2902,131,2771,2758,7,6,99.5309
2020-01-22,2902,132,2770,2760,4,6,99.639
2020-01-23,2902,132,2770,2760,4,6,99.639
2020-02-03,2902,132,2770,2760,4,6,99.639
2020-02-04,2903,132,2771,2761,4,6,99.6391
2020-02-05,2904,132,2772,2762,3,7,99.6392
2020-02-06,2904,132,2772,2763,3,6,99.6753
2020-02-07,2905,132,2773,2764,3,6,99.6754
2020-02-10,2905,132,2773,2764,3,6,99.6754
2020-02-11,2905,132,2773,2764,3,6,99.6754
2020-02-12,2905,132,2773,2763,4,6,99.6394
2020-02-13,2905,132,2773,2763,4,6,99.6394
2020-02-14,2905,132,2773,2764,3,6,99.6754
2020-02-17,2905,132,2773,2764,3,6,99.6754
2020-02-18,2905,132,2773,2763,4,6,99.6394
2020-02-19,2905,132,2773,2764,3,6,99.6754
2020-02-20,2905,132,2773,2764,3,6,99.6754
2020-02-21,2905,132,2773,2764,3,6,99.6754
2020-02-24,2906,132,2774,2765,3,6,99.6756
2020-02-25,2906,132,2774,2765,3,6,99.6756
2020-02-26,2907,132,2775,2766,3,6,99.6757
2020-02-27,2907,131,2776,2765,5,6,99.6037
2020-02-28,2907,132,2775,2765,4,6,99.6396
2020-03-02,2908,132,2776,2764,6,6,99.5677
2020-03-03,2908,131,2777,2764,7,6,99.5319
2020-03-04,2908,130,2778,2762,10,6,99.424
2020-03-05,2908,129,2779,2765,8,6,99.4962
2020-03-06,2909,129,2780,2765,9,6,99.4604
2020-03-09,2909,129,2780,2764,10,6,99.4245
2020-03-10,2910,129,2781,2765,10,6,99.4247
2020-03-11,2910,129,2781,2763,12,6,99.3528
2020-03-12,2910,129,2781,2761,14,6,99.2808
2020-03-13,2910,129,2781,2761,14,6,99.2808
2020-03-16,2910,129,2781,2761,14,6,99.2808
2020-03-17,2911,129,2782,2762,14,6,99.2811
2020-03-18,2911,129,2782,2762,14,6,99.2811
2020-03-19,2911,130,2781,2763,12,6,99.3528
2020-03-20,2911,129,2782,2765,11,6,99.3889
2020-03-23,2912,130,2782,2767,9,6,99.4608
2020-03-24,2912,130,2782,2766,10,6,99.4249
2020-03-25,2912,130,2782,2765,11,6,99.3889
2020-03-26,2912,130,2782,2767,9,6,99.4608
2020-03-27,2912,130,2782,2768,8,6,99.4968
2020-03-30,2912,130,2782,2766,10,6,99.4249
2020-03-31,2912,131,2781,2764,11,6,99.3887
2020-04-01,2912,133,2779,2764,9,6,99.4602
2020-04-02,2912,133,2779,2764,9,6,99.4602
2020-04-03,2912,133,2779,2764,9,6,99.4602
2020-04-07,2913,133,2780,2763,10,7,99.3885
2020-04-08,2914,131,2783,2766,10,7,99.3891
2020-04-09,2914,132,2782,2766,9,7,99.4249
2020-04-10,2914,131,2783,2766,11,6,99.3891
2020-04-13,2914,130,2784,2767,11,6,99.3894
2020-04-14,2914,129,2785,2769,10,6,99.4255
2020-04-15,2916,130,2786,2766,14,6,99.2821
2020-04-16,2916,131,2785,2770,9,6,99.4614
2020-04-17,2918,131,2787,2773,8,6,99.4977
2020-04-20,2918,127,2791,2772,13,6,99.3192
2020-04-21,2919,128,2791,2772,13,6,99.3192
2020-04-22,2920,131,2789,2770,13,6,99.3188
2020-04-23,2920,132,2788,2771,11,6,99.3902
2020-04-24,2921,132,2789,2769,14,6,99.2829
2020-04-27,2921,135,2786,2765,15,6,99.2462
2020-04-28,2923,135,2788,2757,25,6,98.8881
2020-04-29,2925,139,2786,2744,36,6,98.4925
2020-04-30,2926,151,2775,2719,50,6,97.982
2020-05-06,2926,183,2743,2716,21,6,99.0157
2020-05-07,2927,184,2743,2718,19,6,99.0886
2020-05-08,2927,182,2745,2720,19,6,99.0893
2020-05-11,2927,184,2743,2718,19,6,99.0886
2020-05-12,2927,182,2745,2718,21,6,99.0164
2020-05-13,2927,184,2743,2719,18,6,99.125
2020-05-14,2927,184,2743,2721,16,6,99.198
2020-05-15,2927,184,2743,2722,13,8,99.2344
2020-05-18,2928,184,2744,2720,16,8,99.1254
2020-05-19,2929,184,2745,2720,17,8,99.0893
2020-05-20,2929,183,2746,2721,17,8,99.0896
2020-05-21,2929,184,2745,2720,17,8,99.0893
2020-05-22,2930,184,2746,2722,15,9,99.126
2020-05-25,2931,183,2748,2722,17,9,99.0539
2020-05-26,2932,183,2749,2722,18,9,99.0178
2020-05-27,2932,183,2749,2717,23,9,98.8359
2020-05-28,2933,181,2752,2722,21,9,98.9099
2020-05-29,2933,181,2752,2723,18,11,98.9462
2020-06-01,2934,182,2752,2720,22,10,98.8372
2020-06-02,2935,184,2751,2721,19,11,98.9095
2020-06-03,2935,182,2753,2724,19,10,98.9466
2020-06-04,2935,181,2754,2725,19,10,98.947
2020-06-05,2936,180,2756,2725,21,10,98.8752
2020-06-08,2937,176,2761,2731,20,10,98.9134
2020-06-09,2937,180,2757,2731,16,10,99.0569
2020-06-10,2938,179,2759,2730,19,10,98.9489
2020-06-11,2938,178,2760,2730,20,10,98.913
2020-06-12,2938,180,2758,2728,20,10,98.9123
2020-06-15,2938,182,2756,2729,17,10,99.0203
2020-06-16,2938,183,2755,2730,15,10,99.0926
2020-06-17,2938,182,2756,2729,17,10,99.0203
2020-06-18,2939,182,2757,2730,17,10,99.0207
2020-06-19,2939,183,2756,2729,17,10,99.0203
2020-06-22,2939,183,2756,2728,18,10,98.984
2020-06-23,2939,183,2756,2726,20,10,98.9115
2020-06-24,2939,186,2753,2722,21,10,98.874
2020-06-29,2941,190,2751,2724,17,10,99.0185
2020-06-30,2941,188,2753,2718,25,10,98.7287
2020-07-01,2941,196,2745,2720,15,10,99.0893
2020-07-02,2941,197,2744,2720,13,11,99.1254
2020-07-03,2940,197,2743,2720,13,10,99.1615
2020-07-06,2940,197,2743,2719,13,11,99.125
2020-07-07,2940,196,2744,2717,16,11,99.016
2020-07-08,2940,197,2743,2719,13,11,99.125
2020-07-09,2940,197,2743,2719,12,12,99.125
2020-07-10,2941,196,2745,2721,11,13,99.1257
2020-07-13,2941,197,2744,2719,12,13,99.0889
2020-07-14,2941,197,2744,2720,11,13,99.1254
2020-07-15,2941,197,2744,2717,13,14,99.016
2020-07-16,2941,195,2746,2719,14,13,99.0168
2020-07-17,2941,196,2745,2719,12,14,99.0528
2020-07-20,2941,196,2745,2717,13,15,98.98
2020-07-21,2940,195,2745,2720,11,14,99.0893
2020-07-22,2940,194,2746,2719,13,14,99.0168
2020-07-23,2940,193,2747,2720,13,14,99.0171
2020-07-24,2940,194,2746,2720,12,14,99.0532
2020-07-27,2940,195,2745,2719,12,14,99.0528
2020-07-28,2941,195,2746,2719,13,14,99.0168
2020-07-29,2941,195,2746,2721,11,14,99.0896
2020-07-30,2943,196,2747,2723,10,14,99.1263
2020-07-31,2946,196,2750,2726,10,14,99.1273
2020-08-03,2948,194,2754,2729,11,14,99.0922
2020-08-04,2949,194,2755,2729,12,14,99.0563
2020-08-05,2951,194,2757,2731,12,14,99.0569
2020-08-06,2951,195,2756,2731,11,14,99.0929
2020-08-07,2952,195,2757,2730,13,14,99.0207
2020-08-10,2952,194,2758,2734,10,14,99.1298
2020-08-11,2953,194,2759,2732,12,15,99.0214
2020-08-12,2953,195,2758,2733,11,14,99.0935
2020-08-13,2953,194,2759,2734,11,14,99.0939
2020-08-14,2953,194,2759,2735,9,15,99.1301
2020-08-17,2954,195,2759,2737,9,13,99.2026
2020-08-18,2956,195,2761,2739,9,13,99.2032
2020-08-19,2957,195,2762,2738,11,13,99.1311
2020-08-20,2957,196,2761,2738,10,13,99.167
2020-08-21,2959,196,2763,2739,11,13,99.1314
2020-08-24,2959,196,2763,2738,12,13,99.0952
2020-08-25,2961,198,2763,2740,10,13,99.1676
2020-08-26,2961,198,2763,2740,10,13,99.1676
2020-08-27,2961,198,2763,2741,8,14,99.2038
2020-08-28,2961,198,2763,2743,7,13,99.2761
2020-08-31,2961,198,2763,2743,7,13,99.2761
2020-09-01,2962,199,2763,2744,6,13,99.3123
2020-09-02,2962,199,2763,2744,6,13,99.3123
2020-09-03,2965,199,2766,2748,5,13,99.3492
2020-09-04,2965,198,2767,2748,6,13,99.3133
2020-09-07,2966,197,2769,2748,8,13,99.2416
2020-09-08,2967,197,2770,2751,6,13,99.3141
2020-09-09,2967,197,2770,2748,9,13,99.2058
2020-09-10,2967,197,2770,2748,9,13,99.2058
2020-09-11,2970,197,2773,2750,10,13,99.1706
2020-09-14,2971,197,2774,2750,11,13,99.1348
2020-09-15,2972,197,2775,2751,11,13,99.1351
2020-09-16,2973,197,2776,2751,12,13,99.0994
2020-09-17,2974,196,2778,2754,11,13,99.1361
2020-09-18,2975,197,2778,2758,7,13,99.2801
2020-09-21,2978,197,2781,2757,11,13,99.137
2020-09-22,2980,198,2782,2759,10,13,99.1733
2020-09-23,2982,198,2784,2758,13,13,99.0661
2020-09-24,2983,197,2786,2760,13,13,99.0668
2020-09-25,2987,197,2790,2766,11,13,99.1398
2020-09-28,2989,199,2790,2765,12,13,99.1039
2020-09-29,2991,200,2791,2770,8,13,99.2476
2020-09-30,2993,201,2792,2771,8,13,99.2479
2020-10-09,2993,201,2792,2772,7,13,99.2837
2020-10-12,2994,201,2793,2772,8,13,99.2481
2020-10-13,2995,201,2794,2776,5,13,99.3558
2020-10-14,2995,200,2795,2774,8,13,99.2487
2020-10-15,2995,200,2795,2774,8,13,99.2487
2020-10-16,2995,200,2795,2773,9,13,99.2129
2020-10-19,2997,200,2797,2776,8,13,99.2492
2020-10-20,2998,200,2798,2778,7,13,99.2852
2020-10-21,3000,200,2800,2778,9,13,99.2143
2020-10-22,3001,200,2801,2781,7,13,99.286
2020-10-23,3001,200,2801,2782,6,13,99.3217
2020-10-26,3003,200,2803,2783,7,13,99.2865
2020-10-27,3004,200,2804,2785,6,13,99.3224
2020-10-28,3004,200,2804,2784,7,13,99.2867
2020-10-29,3004,200,2804,2786,5,13,99.3581
2020-10-30,3005,198,2807,2787,7,13,99.2875
2020-11-02,3006,198,2808,2788,7,13,99.2877
2020-11-03,3006,200,2806,2787,6,13,99.3229
2020-11-04,3006,200,2806,2787,6,13,99.3229
2020-11-05,3006,200,2806,2788,6,12,99.3585
2020-11-06,3007,200,2807,2789,6,12,99.3587
2020-11-09,3007,199,2808,2793,3,12,99.4658
2020-11-10,3008,199,2809,2795,2,12,99.5016
2020-11-11,3008,199,2809,2795,2,12,99.5016
2020-11-12,3008,199,2809,2795,2,12,99.5016
2020-11-13,3008,199,2809,2792,5,12,99.3948
2020-11-16,3008,200,2808,2793,3,12,99.4658
2020-11-17,3009,200,2809,2794,3,12,99.466
2020-11-18,3009,200,2809,2795,2,12,99.5016
2020-11-19,3009,200,2809,2794,3,12,99.466
2020-11-20,3009,200,2809,2794,3,12,99.466
2020-11-23,3010,199,2811,2795,4,12,99.4308
2020-11-24,3010,199,2811,2793,6,12,99.3597
2020-11-25,3011,197,2814,2794,8,12,99.2893
2020-11-26,3012,198,2814,2798,4,12,99.4314
2020-11-27,3012,198,2814,2797,5,12,99.3959
2020-11-30,3012,198,2814,2795,7,12,99.3248
2020-12-01,3013,198,2815,2797,6,12,99.3606
2020-12-02,3013,198,2815,2793,10,12,99.2185
2020-12-03,3014,198,2816,2795,9,12,99.2543
2020-12-04,3016,197,2819,2797,10,12,99.2196
2020-12-07,3017,197,2820,2796,12,12,99.1489
2020-12-08,3019,197,2822,2801,9,12,99.2558
2020-12-09,3019,197,2822,2801,8,13,99.2558
2020-12-10,3019,197,2822,2801,8,13,99.2558
2020-12-11,3021,197,2824,2803,8,13,99.2564
2020-12-14,3021,198,2823,2804,6,13,99.327
2020-12-15,3024,199,2825,2806,6,13,99.3274
2020-12-16,3024,199,2825,2809,4,12,99.4336
2020-12-17,3024,199,2825,2808,4,13,99.3982
2020-12-18,3025,199,2826,2809,5,12,99.3984
2020-12-21,3025,199,2826,2810,4,12,99.4338
2020-12-22,3027,197,2830,2811,7,12,99.3286
2020-12-23,3027,197,2830,2812,6,12,99.364
2020-12-24,3028,196,2832,2812,8,12,99.2938
2020-12-25,3029,196,2833,2812,9,12,99.2587
2020-12-28,3032,196,2836,2815,9,12,99.2595
2020-12-29,3032,197,2835,2816,7,12,99.3298
2020-12-30,3032,197,2835,2816,7,12,99.3298
2020-12-31,3033,196,2837,2817,8,12,99.295
2021-01-04,3034,195,2839,2820,7,12,99.3308
2021-01-05,3034,195,2839,2821,6,12,99.366
2021-01-06,3036,195,2841,2823,6,12,99.3664
2021-01-07,3036,195,2841,2824,5,12,99.4016
2021-01-08,3036,195,2841,2824,5,12,99.4016
2021-01-11,3037,195,2842,2821,9,12,99.2611
2021-01-12,3038,195,2843,2823,8,12,99.2965
2021-01-13,3038,195,2843,2824,7,12,99.3317
2021-01-14,3038,194,2844,2822,10,12,99.2264
2021-01-15,3038,194,2844,2819,13,12,99.121
2021-01-18,3038,194,2844,2819,13,12,99.121
2021-01-19,3040,195,2845,2821,12,12,99.1564
2021-01-20,3041,195,2846,2819,15,12,99.0513
2021-01-21,3042,194,2848,2821,15,12,99.052
2021-01-22,3042,194,2848,2823,13,12,99.1222
2021-01-25,3042,194,2848,2823,13,12,99.1222
2021-01-26,3042,194,2848,2823,13,12,99.1222
2021-01-27,3042,194,2848,2824,12,12,99.1573
2021-01-28,3043,194,2849,2827,10,12,99.2278
2021-01-29,3045,193,2852,2830,9,13,99.2286
2021-02-01,3044,192,2852,2834,6,12,99.3689
2021-02-02,3044,193,2851,2833,6,12,99.3686
2021-02-03,3044,193,2851,2833,6,12,99.3686
2021-02-04,3045,194,2851,2833,6,12,99.3686
2021-02-05,3047,194,2853,2833,8,12,99.299
2021-02-08,3048,193,2855,2832,11,12,99.1944
2021-02-09,3050,194,2856,2835,9,12,99.2647
2021-02-10,3051,194,2857,2839,6,12,99.37
2021-02-18,3051,194,2857,2834,11,12,99.195
2021-02-19,3051,197,2854,2835,7,12,99.3343
2021-02-22,3051,197,2854,2835,7,12,99.3343
2021-02-23,3051,196,2855,2835,8,12,99.2995
2021-02-24,3053,196,2857,2838,7,12,99.335
2021-02-25,3053,195,2858,2838,8,12,99.3002
2021-02-26,3053,194,2859,2837,10,12,99.2305
2021-03-01,3056,194,2862,2839,11,12,99.1964
2021-03-02,3056,194,2862,2839,11,12,99.1964
2021-03-03,3056,194,2862,2838,11,13,99.1614
2021-03-04,3055,195,2860,2838,10,12,99.2308
2021-03-05,3055,194,2861,2840,9,12,99.266
2021-03-08,3057,195,2862,2841,9,12,99.2662
2021-03-09,3057,195,2862,2840,10,12,99.2313
2021-03-10,3058,195,2863,2841,10,12,99.2316
2021-03-11,3058,194,2864,2840,12,12,99.162
2021-03-12,3058,193,2865,2842,11,12,99.1972
2021-03-15,3058,192,2866,2843,12,11,99.1975
2021-03-16,3058,192,2866,2845,10,11,99.2673
2021-03-17,3058,192,2866,2845,9,12,99.2673
2021-03-18,3057,192,2865,2844,10,11,99.267
2021-03-19,3056,189,2867,2845,12,10,99.2326
2021-03-22,3059,188,2871,2854,5,12,99.4079
2021-03-23,3057,188,2869,2855,4,10,99.512
2021-03-24,3057,188,2869,2854,5,10,99.4772
2021-03-25,3057,188,2869,2855,4,10,99.512
2021-03-26,3058,188,2870,2856,4,10,99.5122
2021-03-29,3058,188,2870,2856,4,10,99.5122
2021-03-30,3058,188,2870,2856,4,10,99.5122
2021-03-31,3058,186,2872,2855,7,10,99.4081
2021-04-01,3058,185,2873,2859,4,10,99.5127
2021-04-02,3058,183,2875,2860,5,10,99.4783
2021-04-06,3061,184,2877,2865,2,10,99.5829
2021-04-07,3062,185,2877,2862,5,10,99.4786
2021-04-08,3062,185,2877,2862,5,10,99.4786
2021-04-09,3062,184,2878,2863,5,10,99.4788
2021-04-12,3063,182,2881,2865,5,11,99.4446
2021-04-13,3062,181,2881,2866,5,10,99.4793
2021-04-14,3062,180,2882,2869,4,9,99.5489
2021-04-15,3063,176,2887,2869,9,9,99.3765
2021-04-16,3064,174,2890,2875,6,9,99.481
2021-04-19,3064,173,2891,2877,5,9,99.5157
2021-04-20,3065,173,2892,2877,6,9,99.4813
2021-04-21,3067,174,2893,2881,3,9,99.5852
2021-04-22,3067,174,2893,2880,4,9,99.5506
2021-04-23,3067,173,2894,2876,9,9,99.378
2021-04-26,3068,175,2893,2876,8,9,99.4124
2021-04-27,3069,174,2895,2871,15,9,99.171
2021-04-28,3070,178,2892,2873,10,9,99.343
2021-04-29,3071,172,2899,2866,24,9,98.8617
2021-04-30,3073,182,2891,2847,34,10,98.478
2021-05-06,3074,205,2869,2850,10,9,99.3377
2021-05-07,3075,201,2874,2851,13,10,99.1997
2021-05-10,3075,197,2878,2857,12,9,99.2703
2021-05-11,3076,194,2882,2861,12,9,99.2713
2021-05-12,3076,193,2883,2863,10,10,99.3063
2021-05-13,3077,191,2886,2869,8,9,99.4109
2021-05-14,3077,189,2888,2869,10,9,99.3421
2021-05-17,3077,187,2890,2872,9,9,99.3772
2021-05-18,3079,181,2898,2873,16,9,99.1373
2021-05-19,3079,175,2904,2879,16,9,99.1391
2021-05-20,3079,181,2898,2884,5,9,99.5169
2021-05-21,3079,180,2899,2884,6,9,99.4826
2021-05-24,3079,178,2901,2884,8,9,99.414
2021-05-25,3081,177,2904,2889,6,9,99.4835
2021-05-26,3082,176,2906,2894,3,9,99.5871
2021-05-27,3083,176,2907,2896,2,9,99.6216
2021-05-28,3085,175,2910,2898,3,9,99.5876
2021-05-31,3086,174,2912,2900,2,10,99.5879
2021-06-01,3085,174,2911,2899,3,9,99.5878
2021-06-02,3084,173,2911,2901,5,5,99.6565
2021-06-03,3084,171,2913,2902,6,5,99.6224
2021-06-04,3084,171,2913,2903,5,5,99.6567
2021-06-07,3085,168,2917,2903,9,5,99.5201
2021-06-08,3085,169,2916,2904,7,5,99.5885
2021-06-09,3086,168,2918,2906,7,5,99.5888
2021-06-10,3087,167,2920,2908,9,3,99.589
2021-06-11,3087,168,2919,2912,4,3,99.7602
2021-06-15,3089,165,2924,2911,10,3,99.5554
2021-06-16,3089,165,2924,2909,12,3,99.487
2021-06-17,3089,164,2925,2911,11,3,99.5214
2021-06-18,3090,163,2927,2911,13,3,99.4534
2021-06-21,3090,161,2929,2909,17,3,99.3172
2021-06-22,3090,161,2929,2915,11,3,99.522
2021-06-23,3091,159,2932,2916,13,3,99.4543
2021-06-24,3092,161,2931,2917,11,3,99.5223
2021-06-25,3093,159,2934,2921,10,3,99.5569
2021-06-28,3093,159,2934,2922,9,3,99.591
2021-06-29,3093,159,2934,2925,6,3,99.6933
2021-06-30,3095,159,2936,2925,8,3,99.6253
2021-07-01,3095,159,2936,2926,7,3,99.6594
2021-07-02,3095,161,2934,2927,4,3,99.7614
2021-07-05,3095,161,2934,2925,6,3,99.6933
2021-07-06,3096,161,2935,2928,4,3,99.7615
2021-07-07,3097,162,2935,2928,4,3,99.7615
2021-07-08,3097,162,2935,2930,2,3,99.8296
2021-07-09,3098,160,2938,2931,4,3,99.7617
2021-07-12,3099,160,2939,2932,4,3,99.7618
2021-07-13,3099,161,2938,2932,3,3,99.7958
2021-07-14,3099,160,2939,2931,5,3,99.7278
2021-07-15,3099,159,2940,2929,7,4,99.6259
2021-07-16,3098,159,2939,2930,6,3,99.6938
2021-07-19,3098,158,2940,2930,7,3,99.6599
2021-07-20,3100,157,2943,2932,8,3,99.6262
2021-07-21,3100,156,2944,2932,7,5,99.5924
2021-07-22,3098,158,2940,2932,5,3,99.7279
2021-07-23,3100,159,2941,2932,4,5,99.694
2021-07-26,3099,160,2939,2930,6,3,99.6938
2021-07-27,3099,159,2940,2930,7,3,99.6599
2021-07-28,3099,159,2940,2931,6,3,99.6939
2021-07-29,3100,158,2942,2932,7,3,99.6601
2021-07-30,3100,158,2942,2932,7,3,99.6601
2021-08-02,3101,158,2943,2933,7,3,99.6602
2021-08-03,3101,158,2943,2934,6,3,99.6942
2021-08-04,3101,158,2943,2937,3,3,99.7961
2021-08-05,3102,159,2943,2937,3,3,99.7961
2021-08-06,3102,159,2943,2938,2,3,99.8301
2021-08-09,3102,157,2945,2938,4,3,99.7623
2021-08-10,3103,157,2946,2942,2,2,99.8642
2021-08-11,3103,157,2946,2940,4,2,99.7963
2021-08-12,3104,157,2947,2942,3,2,99.8303
2021-08-13,3104,157,2947,2944,1,2,99.8982
2021-08-16,3105,157,2948,2944,2,2,99.8643
2021-08-17,3105,158,2947,2944,1,2,99.8982
2021-08-18,3105,158,2947,2942,3,2,99.8303
2021-08-19,3107,158,2949,2945,2,2,99.8644
2021-08-20,3108,158,2950,2948,0,2,99.9322
2021-08-23,3109,157,2952,2949,1,2,99.8984
2021-08-24,3110,158,2952,2949,1,2,99.8984
2021-08-25,3110,158,2952,2947,3,2,99.8306
2021-08-26,3110,157,2953,2949,2,2,99.8645
2021-08-27,3110,158,2952,2948,2,2,99.8645
2021-08-30,3110,157,2953,2949,2,2,99.8645
2021-08-31,3110,157,2953,2948,3,2,99.8307
2021-09-01,3110,157,2953,2948,3,2,99.8307
2021-09-02,3110,157,2953,2946,5,2,99.763
2021-09-03,3110,157,2953,2946,5,2,99.763
2021-09-06,3111,157,2954,2946,6,2,99.7292
2021-09-07,3111,158,2953,2946,5,2,99.763
2021-09-08,3112,158,2954,2946,6,2,99.7292
2021-09-09,3113,158,2955,2948,5,2,99.7631
2021-09-10,3113,158,2955,2948,5,2,99.7631
2021-09-13,3113,158,2955,2950,2,3,99.8308
2021-09-14,3112,158,2954,2951,1,2,99.8984
2021-09-15,3113,159,2954,2950,2,2,99.8646
2021-09-16,3114,159,2955,2949,4,2,99.797
2021-09-17,3115,159,2956,2949,5,2,99.7632
2021-09-22,3115,158,2957,2947,8,2,99.6618
2021-09-23,3115,157,2958,2947,9,2,99.6281
2021-09-24,3115,158,2957,2945,10,2,99.5942
2021-09-27,3115,156,2959,2944,13,2,99.4931
2021-09-28,3116,156,2960,2947,11,2,99.5608
2021-09-29,3117,157,2960,2947,11,2,99.5608
2021-09-30,3117,157,2960,2947,11,2,99.5608
2021-10-08,3117,158,2959,2948,9,2,99.6283
2021-10-11,3117,158,2959,2948,9,2,99.6283
2021-10-12,3117,158,2959,2950,7,2,99.6958
2021-10-13,3118,158,2960,2951,7,2,99.6959
2021-10-14,3118,158,2960,2951,7,2,99.6959
2021-10-15,3119,158,2961,2953,6,2,99.7298
2021-10-18,3119,158,2961,2955,4,2,99.7974
2021-10-19,3120,158,2962,2956,4,2,99.7974
2021-10-20,3120,158,2962,2955,5,2,99.7637
2021-10-21,3122,158,2964,2958,4,2,99.7976
2021-10-22,3122,158,2964,2959,2,3,99.8313
2021-10-25,3122,158,2964,2958,4,2,99.7976
2021-10-26,3122,158,2964,2958,4,2,99.7976
2021-10-27,3123,158,2965,2960,3,2,99.8314
2021-10-28,3123,158,2965,2961,2,2,99.8651
2021-10-29,3123,158,2965,2961,2,2,99.8651
2021-11-01,3124,158,2966,2961,3,2,99.8314
2021-11-02,3124,158,2966,2961,3,2,99.8314
2021-11-03,3124,158,2966,2960,4,2,99.7977
2021-11-04,3124,158,2966,2961,3,2,99.8314
2021-11-05,3124,158,2966,2961,3,2,99.8314
2021-11-08,3124,158,2966,2962,2,2,99.8651
2021-11-09,3124,156,2968,2961,5,2,99.7642
2021-11-10,3124,157,2967,2960,5,2,99.7641
2021-11-11,3125,157,2968,2958,8,2,99.6631
2021-11-12,3125,158,2967,2959,6,2,99.7304
2021-11-15,3125,158,2967,2960,5,2,99.7641
2021-11-16,3126,158,2968,2961,5,2,99.7642
2021-11-17,3127,156,2971,2963,6,2,99.7307
2021-11-18,3127,158,2969,2964,3,2,99.8316
2021-11-19,3127,158,2969,2965,2,2,99.8653
2021-11-22,3128,158,2970,2965,3,2,99.8316
2021-11-23,3128,158,2970,2965,3,2,99.8316
2021-11-24,3128,158,2970,2963,5,2,99.7643
2021-11-25,3128,158,2970,2964,4,2,99.798
2021-11-26,3129,158,2971,2963,6,2,99.7307
2021-11-29,3129,158,2971,2963,6,2,99.7307
2021-11-30,3130,158,2972,2964,6,2,99.7308
2021-12-01,3130,157,2973,2964,7,2,99.6973
2021-12-02,3130,156,2974,2966,6,2,99.731
2021-12-03,3130,155,2975,2966,7,2,99.6975
2021-12-06,3130,156,2974,2967,5,2,99.7646
2021-12-07,3130,156,2974,2966,6,2,99.731
2021-12-08,3130,156,2974,2966,6,2,99.731
2021-12-09,3130,157,2973,2966,5,2,99.7645
2021-12-10,3130,157,2973,2967,4,2,99.7982
2021-12-13,3130,157,2973,2967,4,2,99.7982
2021-12-14,3130,156,2974,2967,5,2,99.7646
2021-12-15,3131,157,2974,2964,8,2,99.6638
2021-12-16,3132,156,2976,2966,8,2,99.664
2021-12-17,3132,154,2978,2967,9,2,99.6306
2021-12-20,3132,154,2978,2968,8,2,99.6642
2021-12-21,3132,153,2979,2968,9,2,99.6307
2021-12-22,3132,154,2978,2967,9,2,99.6306
2021-12-23,3133,154,2979,2971,6,2,99.7315
2021-12-24,3135,153,2982,2974,6,2,99.7317
2021-12-27,3135,153,2982,2974,6,2,99.7317
2021-12-28,3135,153,2982,2973,7,2,99.6982
2021-12-29,3135,154,2981,2975,4,2,99.7987
2021-12-30,3135,152,2983,2975,6,2,99.7318
2021-12-31,3136,150,2986,2976,8,2,99.6651
2022-01-04,3136,153,2983,2975,6,2,99.7318
2022-01-05,3137,153,2984,2976,6,2,99.7319
2022-01-06,3137,154,2983,2975,6,2,99.7318
2022-01-07,3137,154,2983,2975,6,2,99.7318
2022-01-10,3137,154,2983,2975,6,2,99.7318
2022-01-11,3138,154,2984,2976,6,2,99.7319
2022-01-12,3138,154,2984,2976,6,2,99.7319
2022-01-13,3138,153,2985,2977,6,2,99.732
2022-01-14,3138,154,2984,2975,7,2,99.6984
2022-01-17,3139,155,2984,2974,8,2,99.6649
2022-01-18,3139,155,2984,2976,6,2,99.7319
2022-01-19,3139,155,2984,2975,7,2,99.6984
2022-01-20,3139,155,2984,2977,5,2,99.7654
2022-01-21,3139,155,2984,2977,5,2,99.7654
2022-01-24,3141,155,2986,2978,5,3,99.7321
2022-01-25,3141,155,2986,2977,7,2,99.6986
2022-01-26,3141,155,2986,2976,8,2,99.6651
2022-01-27,3141,155,2986,2978,6,2,99.7321
2022-01-28,3141,155,2986,2980,4,2,99.7991
2022-02-07,3141,155,2986,2980,4,2,99.7991
2022-02-08,3141,155,2986,2979,5,2,99.7656
2022-02-09,3141,156,2985,2979,4,2,99.799
2022-02-10,3141,156,2985,2979,4,2,99.799
2022-02-11,3141,156,2985,2979,4,2,99.799
2022-02-14,3141,155,2986,2981,3,2,99.8326
2022-02-15,3141,156,2985,2981,2,2,99.866
2022-02-16,3143,156,2987,2982,3,2,99.8326
2022-02-17,3143,156,2987,2982,3,2,99.8326
2022-02-18,3144,156,2988,2984,2,2,99.8661
2022-02-21,3144,155,2989,2984,3,2,99.8327
2022-02-22,3145,155,2990,2984,4,2,99.7993
2022-02-23,3145,155,2990,2984,4,2,99.7993
2022-02-24,3145,155,2990,2985,3,2,99.8328
2022-02-25,3145,155,2990,2985,3,2,99.8328
2022-02-28,3146,155,2991,2985,4,2,99.7994
2022-03-01,3146,155,2991,2986,3,2,99.8328
2022-03-02,3146,155,2991,2985,4,2,99.7994
2022-03-03,3146,154,2992,2986,4,2,99.7995
2022-03-04,3146,155,2991,2986,3,2,99.8328
2022-03-07,3146,154,2992,2985,5,2,99.766
2022-03-08,3146,153,2993,2983,8,2,99.6659
2022-03-09,3146,153,2993,2982,9,2,99.6325
2022-03-10,3147,154,2993,2983,8,2,99.6659
2022-03-11,3147,154,2993,2984,7,2,99.6993
2022-03-14,3147,154,2993,2987,4,2,99.7995
2022-03-15,3148,155,2993,2988,3,2,99.8329
2022-03-16,3148,155,2993,2988,3,2,99.8329
2022-03-17,3148,155,2993,2988,3,2,99.8329
2022-03-18,3149,154,2995,2989,4,2,99.7997
2022-03-21,3149,154,2995,2990,3,2,99.8331
2022-03-22,3149,154,2995,2991,2,2,99.8664
2022-03-23,3149,154,2995,2991,2,2,99.8664
2022-03-24,3150,153,2997,2991,4,2,99.7998
2022-03-25,3151,152,2999,2991,6,2,99.7332
2022-03-28,3151,152,2999,2992,5,2,99.7666
2022-03-29,3151,152,2999,2992,5,2,99.7666
2022-03-30,3151,152,2999,2993,4,2,99.7999
2022-03-31,3151,149,3002,2992,8,2,99.6669
2022-04-01,3151,147,3004,2992,10,2,99.6005
2022-04-06,3151,147,3004,2990,12,2,99.534
2022-04-07,3151,147,3004,2990,12,2,99.534
2022-04-08,3151,146,3005,2989,14,2,99.4676
2022-04-11,3151,145,3006,2990,14,2,99.4677
2022-04-12,3151,144,3007,2992,13,2,99.5012
2022-04-13,3151,144,3007,2994,11,2,99.5677
2022-04-14,3151,144,3007,2995,10,2,99.6009
2022-04-15,3151,142,3009,2993,14,2,99.4683
2022-04-18,3151,140,3011,2993,16,2,99.4022
2022-04-19,3151,142,3009,2993,14,2,99.4683
2022-04-20,3151,141,3010,2993,15,2,99.4352
2022-04-21,3152,143,3009,2994,13,2,99.5015
2022-04-22,3152,142,3010,2996,12,2,99.5349
2022-04-25,3152,142,3010,2994,14,2,99.4684
2022-04-26,3152,141,3011,2992,17,2,99.369
2022-04-27,3152,140,3012,2992,18,2,99.336
2022-04-28,3153,138,3015,2991,20,4,99.204
2022-04-29,3152,136,3016,2990,24,2,99.1379
2022-05-05,3152,112,3040,2967,72,1,97.5987
2022-05-06,3153,141,3012,2969,42,1,98.5724
2022-05-09,3153,139,3014,2969,44,1,98.507
2022-05-10,3153,137,3016,2974,41,1,98.6074
2022-05-11,3153,136,3017,2975,41,1,98.6079
2022-05-12,3155,134,3021,2977,43,1,98.5435
2022-05-13,3155,135,3020,2978,41,1,98.6093
2022-05-16,3155,135,3020,2978,41,1,98.6093
2022-05-17,3155,135,3020,2980,39,1,98.6755
2022-05-18,3155,133,3022,2979,42,1,98.5771
2022-05-19,3155,131,3024,2981,42,1,98.578
2022-05-20,3157,132,3025,2984,40,1,98.6446
2022-05-23,3157,132,3025,2982,41,2,98.5785
2022-05-24,3156,131,3025,2982,39,4,98.5785
2022-05-25,3153,129,3024,2988,35,1,98.8095
2022-05-26,3153,128,3025,2993,31,1,98.9421
2022-05-27,3153,128,3025,2990,34,1,98.843
2022-05-30,3153,127,3026,2994,31,1,98.9425
2022-05-31,3153,127,3026,2998,27,1,99.0747
2022-06-01,3153,127,3026,2999,26,1,99.1077
2022-06-02,3153,126,3027,3000,26,1,99.108
2022-06-06,3154,127,3027,3007,19,1,99.3393
2022-06-07,3154,127,3027,3009,17,1,99.4054
2022-06-08,3154,127,3027,3008,18,1,99.3723
2022-06-09,3154,127,3027,3006,20,1,99.3062
2022-06-10,3154,127,3027,3011,15,1,99.4714
2022-06-13,3154,127,3027,3013,13,1,99.5375
2022-06-14,3154,125,3029,3012,14,3,99.4388
2022-06-15,3152,126,3026,3013,12,1,99.5704
2022-06-16,3152,126,3026,3009,16,1,99.4382
2022-06-17,3152,126,3026,3005,18,3,99.306
2022-06-20,3150,126,3024,3007,16,1,99.4378
2022-06-21,3150,126,3024,3008,12,4,99.4709
2022-06-22,3148,123,3025,3005,14,6,99.3388
2022-06-23,3144,124,3020,3006,10,4,99.5364
2022-06-24,3142,122,3020,3005,14,1,99.5033
2022-06-27,3142,123,3019,3003,12,4,99.47
2022-06-28,3139,123,3016,3002,11,3,99.5358
2022-06-29,3137,123,3014,2999,13,2,99.5023
2022-06-30,3138,120,3018,3004,11,3,99.5361
2022-07-01,3137,122,3015,3006,8,1,99.7015
2022-07-04,3137,122,3015,3004,9,2,99.6352
2022-07-05,3136,122,3014,3006,7,1,99.7346
2022-07-06,3136,122,3014,3008,5,1,99.8009
2022-07-07,3136,122,3014,3007,4,3,99.7678
2022-07-08,3134,122,3012,3007,4,1,99.834
2022-07-11,3134,121,3013,3006,6,1,99.7677
2022-07-12,3135,121,3014,3005,8,1,99.7014
2022-07-13,3135,122,3013,3003,8,2,99.6681
2022-07-14,3134,123,3011,3006,4,1,99.8339
2022-07-15,3136,123,3013,3009,3,1,99.8672
2022-07-18,3136,123,3013,3009,3,1,99.8672
2022-07-19,3136,123,3013,3008,4,1,99.8341
2022-07-20,3136,123,3013,3008,4,1,99.8341
2022-07-21,3136,123,3013,3008,4,1,99.8341
2022-07-22,3136,123,3013,3008,4,1,99.8341
2022-07-25,3138,121,3017,3009,6,2,99.7348
2022-07-26,3137,122,3015,3011,3,1,99.8673
2022-07-27,3138,122,3016,3011,4,1,99.8342
2022-07-28,3138,122,3016,3011,4,1,99.8342
2022-07-29,3139,122,3017,3011,5,1,99.8011
2022-08-01,3139,123,3016,3010,5,1,99.8011
2022-08-02,3139,123,3016,3012,3,1,99.8674
2022-08-03,3139,123,3016,3013,2,1,99.9005
2022-08-04,3139,123,3016,3013,2,1,99.9005
2022-08-05,3140,123,3017,3014,2,1,99.9006
2022-08-08,3141,123,3018,3015,2,1,99.9006
2022-08-09,3141,123,3018,3015,2,1,99.9006
2022-08-10,3141,122,3019,3014,4,1,99.8344
2022-08-11,3141,121,3020,3014,5,1,99.8013
2022-08-12,3141,121,3020,3015,4,1,99.8344
2022-08-15,3142,118,3024,3016,7,1,99.7354
2022-08-16,3142,120,3022,3018,3,1,99.8676
2022-08-17,3142,119,3023,3018,4,1,99.8346
2022-08-18,3145,119,3026,3022,3,1,99.8678
2022-08-19,3146,119,3027,3023,3,1,99.8679
2022-08-22,3146,119,3027,3024,3,0,99.9009
2022-08-23,3146,119,3027,3024,3,0,99.9009
2022-08-24,3146,119,3027,3024,3,0,99.9009
2022-08-25,3146,119,3027,3024,3,0,99.9009
2022-08-26,3146,119,3027,3025,2,0,99.9339
2022-08-29,3146,119,3027,3026,1,0,99.967
2022-08-30,3146,119,3027,3027,0,0,100.0
2022-08-31,3148,119,3029,3029,0,0,100.0
2022-09-01,3148,119,3029,3028,1,0,99.967
2022-09-02,3148,119,3029,3029,0,0,100.0
2022-09-05,3149,119,3030,3029,1,0,99.967
2022-09-06,3149,119,3030,3028,2,0,99.934
2022-09-07,3149,119,3030,3028,2,0,99.934
2022-09-08,3150,119,3031,3030,1,0,99.967
2022-09-09,3151,119,3032,3031,1,0,99.967
2022-09-13,3151,118,3033,3031,2,0,99.9341
2022-09-14,3151,118,3033,3031,2,0,99.9341
2022-09-15,3151,117,3034,3029,5,0,99.8352
2022-09-16,3151,117,3034,3029,5,0,99.8352
2022-09-19,3152,117,3035,3030,5,0,99.8353
2022-09-20,3153,117,3036,3032,4,0,99.8682
2022-09-21,3153,118,3035,3033,2,0,99.9341
2022-09-22,3153,116,3037,3033,4,0,99.8683
2022-09-23,3153,116,3037,3034,3,0,99.9012
2022-09-26,3154,116,3038,3035,3,0,99.9013
2022-09-27,3154,117,3037,3034,3,0,99.9012
2022-09-28,3154,118,3036,3034,2,0,99.9341
2022-09-29,3154,116,3038,3034,4,0,99.8683
2022-09-30,3156,115,3041,3035,6,0,99.8027
2022-10-10,3156,115,3041,3037,4,0,99.8685
2022-10-11,3157,115,3042,3037,5,0,99.8356
2022-10-12,3157,115,3042,3037,5,0,99.8356
2022-10-13,3158,115,3043,3037,6,0,99.8028
2022-10-14,3158,115,3043,3039,4,0,99.8686
2022-10-17,3158,115,3043,3036,7,0,99.77
2022-10-18,3158,115,3043,3036,7,0,99.77
2022-10-19,3160,115,3045,3040,5,0,99.8358
2022-10-20,3160,115,3045,3040,5,0,99.8358
2022-10-21,3160,115,3045,3041,4,0,99.8686
2022-10-24,3160,115,3045,3042,3,0,99.9015
2022-10-25,3160,115,3045,3041,4,0,99.8686
2022-10-26,3161,115,3046,3040,6,0,99.803
2022-10-27,3161,115,3046,3041,5,0,99.8359
2022-10-28,3161,115,3046,3043,3,0,99.9015
2022-10-31,3163,115,3048,3043,5,0,99.836
2022-11-01,3163,114,3049,3045,4,0,99.8688
2022-11-02,3163,114,3049,3043,6,0,99.8032
2022-11-03,3163,114,3049,3045,4,0,99.8688
2022-11-04,3163,114,3049,3047,2,0,99.9344
2022-11-07,3163,114,3049,3047,2,0,99.9344
2022-11-08,3164,113,3051,3046,5,0,99.8361
2022-11-09,3164,113,3051,3046,5,0,99.8361
2022-11-10,3164,113,3051,3049,2,0,99.9344
2022-11-11,3164,113,3051,3049,2,0,99.9344
2022-11-14,3164,113,3051,3047,4,0,99.8689
2022-11-15,3164,113,3051,3048,3,0,99.9017
2022-11-16,3165,112,3053,3049,4,0,99.869
2022-11-17,3165,111,3054,3048,6,0,99.8035
2022-11-18,3166,110,3056,3048,8,0,99.7382
2022-11-21,3166,111,3055,3050,5,0,99.8363
2022-11-22,3166,111,3055,3049,6,0,99.8036
2022-11-23,3166,111,3055,3050,5,0,99.8363
2022-11-24,3166,111,3055,3052,3,0,99.9018
2022-11-25,3166,111,3055,3052,3,0,99.9018
2022-11-28,3166,111,3055,3054,1,0,99.9673
2022-11-29,3166,111,3055,3055,0,0,100.0
2022-11-30,3166,111,3055,3054,1,0,99.9673
2022-12-01,3166,110,3056,3055,1,0,99.9673
2022-12-02,3166,110,3056,3054,2,0,99.9346
2022-12-05,3167,110,3057,3052,5,0,99.8364
2022-12-06,3167,110,3057,3052,5,0,99.8364
2022-12-07,3167,110,3057,3052,5,0,99.8364
2022-12-08,3169,111,3058,3053,5,0,99.8365
2022-12-09,3169,110,3059,3053,6,0,99.8039
2022-12-12,3170,111,3059,3055,4,0,99.8692
2022-12-13,3170,111,3059,3055,4,0,99.8692
2022-12-14,3170,111,3059,3054,5,0,99.8365
2022-12-15,3170,111,3059,3054,5,0,99.8365
2022-12-16,3170,111,3059,3055,4,0,99.8692
2022-12-19,3170,111,3059,3052,7,0,99.7712
2022-12-20,3170,110,3060,3052,8,0,99.7386
2022-12-21,3170,109,3061,3048,13,0,99.5753
2022-12-22,3171,109,3062,3056,6,0,99.804
2022-12-23,3171,111,3060,3055,5,0,99.8366
2022-12-26,3171,111,3060,3053,7,0,99.7712
2022-12-27,3171,111,3060,3055,5,0,99.8366
2022-12-28,3172,111,3061,3053,8,0,99.7386
2022-12-29,3172,111,3061,3056,5,0,99.8367
2022-12-30,3172,111,3061,3057,4,0,99.8693
2023-01-03,3172,111,3061,3058,3,0,99.902
2023-01-04,3172,111,3061,3059,2,0,99.9347
2023-01-05,3172,111,3061,3059,2,0,99.9347
2023-01-06,3172,111,3061,3058,3,0,99.902
2023-01-09,3172,110,3062,3056,6,0,99.804
2023-01-10,3172,111,3061,3058,3,0,99.902
2023-01-11,3172,111,3061,3058,3,0,99.902
2023-01-12,3172,111,3061,3057,4,0,99.8693
2023-01-13,3172,111,3061,3058,3,0,99.902
2023-01-16,3172,111,3061,3059,2,0,99.9347
2023-01-17,3172,110,3062,3059,3,0,99.902
2023-01-18,3172,111,3061,3059,2,0,99.9347
2023-01-19,3172,111,3061,3058,3,0,99.902
2023-01-20,3172,111,3061,3059,2,0,99.9347
2023-01-30,3173,111,3062,3058,4,0,99.8694
2023-01-31,3174,111,3063,3058,5,0,99.8368
2023-02-01,3175,111,3064,3059,5,0,99.8368
2023-02-02,3175,111,3064,3059,5,0,99.8368
2023-02-03,3175,108,3067,3059,8,0,99.7392
2023-02-06,3175,108,3067,3061,6,0,99.8044
2023-02-07,3175,108,3067,3061,6,0,99.8044
2023-02-08,3175,108,3067,3059,8,0,99.7392
2023-02-09,3175,108,3067,3060,7,0,99.7718
2023-02-10,3175,108,3067,3060,7,0,99.7718
2023-02-13,3175,108,3067,3061,6,0,99.8044
2023-02-14,3176,108,3068,3061,7,0,99.7718
2023-02-15,3176,108,3068,3062,5,1,99.8044
2023-02-16,3177,108,3069,3064,5,0,99.8371
2023-02-17,3178,107,3071,3066,5,0,99.8372
2023-02-20,3178,108,3070,3067,3,0,99.9023
2023-02-21,3178,108,3070,3066,4,0,99.8697
2023-02-22,3179,108,3071,3067,4,0,99.8697
2023-02-23,3179,108,3071,3066,5,0,99.8372
2023-02-24,3179,108,3071,3065,6,0,99.8046
2023-02-27,3180,107,3073,3066,7,0,99.7722
2023-02-28,3180,106,3074,3068,6,0,99.8048
2023-03-01,3180,106,3074,3068,6,0,99.8048
2023-03-02,3180,106,3074,3070,4,0,99.8699
2023-03-03,3182,105,3077,3072,5,0,99.8375
2023-03-06,3182,105,3077,3071,6,0,99.805
2023-03-07,3183,105,3078,3072,6,0,99.8051
2023-03-08,3184,104,3080,3073,7,0,99.7727
2023-03-09,3184,104,3080,3073,7,0,99.7727
2023-03-10,3185,104,3081,3074,7,0,99.7728
2023-03-13,3187,105,3082,3077,5,0,99.8378
2023-03-14,3187,105,3082,3077,5,0,99.8378
2023-03-15,3188,105,3083,3078,5,0,99.8378
2023-03-16,3189,105,3084,3078,6,0,99.8054
2023-03-17,3189,105,3084,3077,6,1,99.773
2023-03-20,3188,104,3084,3076,8,0,99.7406
2023-03-21,3189,104,3085,3078,7,0,99.7731
2023-03-22,3189,104,3085,3077,8,0,99.7407
2023-03-23,3189,105,3084,3078,6,0,99.8054
2023-03-24,3189,105,3084,3079,5,0,99.8379
2023-03-27,3190,105,3085,3081,2,2,99.8703
2023-03-28,3188,105,3083,3081,2,0,99.9351
2023-03-29,3190,105,3085,3084,1,0,99.9676
2023-03-30,3190,104,3086,3084,2,0,99.9352
2023-03-31,3190,103,3087,3084,3,0,99.9028
2023-04-03,3190,102,3088,3085,2,1,99.9028
2023-04-04,3189,102,3087,3086,1,0,99.9676
2023-04-06,3189,102,3087,3085,2,0,99.9352
2023-04-07,3189,102,3087,3084,3,0,99.9028
2023-04-10,3199,102,3097,3094,3,0,99.9031
2023-04-11,3199,102,3097,3095,2,0,99.9354
2023-04-12,3199,101,3098,3095,3,0,99.9032
2023-04-13,3199,101,3098,3096,2,0,99.9354
2023-04-14,3199,99,3100,3096,4,0,99.871
2023-04-17,3199,99,3100,3096,4,0,99.871
2023-04-18,3199,99,3100,3098,1,1,99.9355
2023-04-19,3199,98,3101,3099,2,0,99.9355
2023-04-20,3199,99,3100,3099,1,0,99.9677
2023-04-21,3199,99,3100,3097,3,0,99.9032
2023-04-24,3199,100,3099,3096,3,0,99.9032
2023-04-25,3199,100,3099,3095,4,0,99.8709
2023-04-26,3199,100,3099,3092,7,0,99.7741
2023-04-27,3199,102,3097,3086,11,0,99.6448
2023-04-28,3199,101,3098,3076,22,0,99.2899
2023-05-04,3199,95,3104,3047,57,0,98.1637
2023-05-05,3199,131,3068,3048,20,0,99.3481
2023-05-08,3199,131,3068,3047,21,0,99.3155
2023-05-09,3199,128,3071,3047,24,0,99.2185
2023-05-10,3200,126,3074,3050,24,0,99.2193
2023-05-11,3200,126,3074,3052,22,0,99.2843
2023-05-12,3200,126,3074,3053,21,0,99.3169
2023-05-15,3200,126,3074,3053,21,0,99.3169
2023-05-16,3201,126,3075,3056,19,0,99.3821
2023-05-17,3201,126,3075,3058,17,0,99.4472
2023-05-18,3201,125,3076,3058,18,0,99.4148
2023-05-19,3201,124,3077,3059,18,0,99.415
2023-05-22,3202,123,3079,3060,19,0,99.3829
2023-05-23,3202,122,3080,3061,19,0,99.3831
2023-05-24,3203,122,3081,3063,18,0,99.4158
2023-05-25,3203,121,3082,3063,19,0,99.3835
2023-05-26,3203,120,3083,3062,21,0,99.3188
2023-05-29,3203,118,3085,3061,24,0,99.222
2023-05-30,3203,117,3086,3064,22,0,99.2871
2023-05-31,3203,116,3087,3067,20,0,99.3521
2023-06-01,3204,114,3090,3069,21,0,99.3204
2023-06-02,3204,113,3091,3070,21,0,99.3206
2023-06-05,3204,112,3092,3070,22,0,99.2885
2023-06-06,3204,111,3093,3070,22,1,99.2564
2023-06-07,3203,111,3092,3070,22,0,99.2885
2023-06-08,3203,110,3093,3069,24,0,99.2241
2023-06-09,3203,110,3093,3070,22,1,99.2564
2023-06-12,3202,108,3094,3072,22,0,99.2889
2023-06-13,3202,105,3097,3074,23,0,99.2573
2023-06-14,3202,101,3101,3075,26,0,99.1616
2023-06-15,3202,102,3100,3075,25,0,99.1935
2023-06-16,3202,101,3101,3075,26,0,99.1616
2023-06-19,3202,101,3101,3077,24,0,99.2261
2023-06-20,3202,100,3102,3076,26,0,99.1618
2023-06-21,3202,100,3102,3077,25,0,99.1941
2023-06-26,3202,100,3102,3077,24,1,99.1941
2023-06-27,3201,98,3103,3077,26,0,99.1621
2023-06-28,3201,98,3103,3079,22,2,99.2266
2023-06-29,3199,98,3101,3079,20,2,99.2906
2023-06-30,3197,100,3097,3078,17,2,99.3865
2023-07-03,3195,101,3094,3079,15,0,99.5152
2023-07-04,3195,101,3094,3079,15,0,99.5152
2023-07-05,3195,102,3093,3079,13,1,99.5474
2023-07-06,3194,102,3092,3077,13,2,99.5149
2023-07-07,3192,102,3090,3078,12,0,99.6117
2023-07-10,3192,102,3090,3076,13,1,99.5469
2023-07-11,3191,102,3089,3075,14,0,99.5468
2023-07-12,3191,102,3089,3074,13,2,99.5144
2023-07-13,3189,102,3087,3073,13,1,99.5465
2023-07-14,3188,101,3087,3074,12,1,99.5789
2023-07-17,3187,101,3086,3075,11,0,99.6436
2023-07-18,3187,101,3086,3074,11,1,99.6111
2023-07-19,3186,102,3084,3074,10,0,99.6757
2023-07-20,3186,102,3084,3074,10,0,99.6757
2023-07-21,3186,101,3085,3074,11,0,99.6434
2023-07-24,3186,101,3085,3073,12,0,99.611
2023-07-25,3186,101,3085,3074,10,1,99.6434
2023-07-26,3185,101,3084,3075,9,0,99.7082
2023-07-27,3185,101,3084,3075,9,0,99.7082
2023-07-28,3185,101,3084,3075,8,1,99.7082
2023-07-31,3184,101,3083,3076,7,0,99.7729
2023-08-01,3185,101,3084,3076,8,0,99.7406
2023-08-02,3185,101,3084,3075,9,0,99.7082
2023-08-03,3185,101,3084,3076,8,0,99.7406
2023-08-04,3185,101,3084,3076,6,2,99.7406
2023-08-07,3183,101,3082,3076,6,0,99.8053
2023-08-08,3184,101,3083,3077,6,0,99.8054
2023-08-09,3184,101,3083,3077,6,0,99.8054
2023-08-10,3184,101,3083,3078,5,0,99.8378
2023-08-11,3184,101,3083,3078,3,2,99.8378
2023-08-14,3182,101,3081,3078,3,0,99.9026
2023-08-15,3182,101,3081,3078,3,0,99.9026
2023-08-16,3182,101,3081,3078,2,1,99.9026
2023-08-17,3181,100,3081,3078,3,0,99.9026
2023-08-18,3181,100,3081,3078,3,0,99.9026
2023-08-21,3181,100,3081,3077,3,1,99.8702
2023-08-22,3180,100,3080,3077,3,0,99.9026
2023-08-23,3181,100,3081,3079,1,1,99.9351
2023-08-24,3180,100,3080,3079,1,0,99.9675
2023-08-25,3180,100,3080,3079,1,0,99.9675
2023-08-28,3180,100,3080,3078,2,0,99.9351
2023-08-29,3180,100,3080,3077,3,0,99.9026
2023-08-30,3180,100,3080,3078,2,0,99.9351
2023-08-31,3180,100,3080,3078,2,0,99.9351
2023-09-01,3181,100,3081,3078,3,0,99.9026
2023-09-04,3181,100,3081,3079,2,0,99.9351
2023-09-05,3181,100,3081,3079,2,0,99.9351
2023-09-06,3181,100,3081,3079,2,0,99.9351
2023-09-07,3181,100,3081,3079,2,0,99.9351
2023-09-08,3181,100,3081,3079,2,0,99.9351
2023-09-11,3182,100,3082,3079,3,0,99.9027
2023-09-12,3182,100,3082,3080,2,0,99.9351
2023-09-13,3182,100,3082,3080,2,0,99.9351
2023-09-14,3182,100,3082,3080,2,0,99.9351
2023-09-15,3182,100,3082,3079,3,0,99.9027
2023-09-18,3182,100,3082,3080,2,0,99.9351
2023-09-19,3182,100,3082,3080,2,0,99.9351
2023-09-20,3182,100,3082,3080,2,0,99.9351
2023-09-21,3182,99,3083,3081,2,0,99.9351
2023-09-22,3182,100,3082,3081,1,0,99.9676
2023-09-25,3183,99,3084,3082,2,0,99.9351
2023-09-26,3183,99,3084,3082,2,0,99.9351
2023-09-27,3183,100,3083,3081,2,0,99.9351
2023-09-28,3183,99,3084,3080,4,0,99.8703
2023-10-09,3183,100,3083,3079,4,0,99.8703
2023-10-10,3183,100,3083,3079,4,0,99.8703
2023-10-11,3183,100,3083,3078,5,0,99.8378
2023-10-12,3183,101,3082,3078,4,0,99.8702
2023-10-13,3183,101,3082,3078,4,0,99.8702
2023-10-16,3183,101,3082,3079,3,0,99.9027
2023-10-17,3184,101,3083,3080,3,0,99.9027
2023-10-18,3184,100,3084,3080,4,0,99.8703
2023-10-19,3184,100,3084,3082,2,0,99.9351
2023-10-20,3184,100,3084,3083,1,0,99.9676
2023-10-23,3185,100,3085,3084,1,0,99.9676
2023-10-24,3185,100,3085,3083,2,0,99.9352
2023-10-25,3185,100,3085,3083,2,0,99.9352
2023-10-26,3185,100,3085,3083,1,1,99.9352
2023-10-27,3184,100,3084,3083,1,0,99.9676
2023-10-30,3185,100,3085,3083,2,0,99.9352
2023-10-31,3185,101,3084,3084,0,0,100.0
2023-11-01,3186,101,3085,3085,0,0,100.0
2023-11-02,3186,100,3086,3085,1,0,99.9676
2023-11-03,3187,100,3087,3087,0,0,100.0
2023-11-06,3187,98,3089,3083,6,0,99.8058
2023-11-07,3188,98,3090,3086,4,0,99.8706
2023-11-08,3188,98,3090,3088,2,0,99.9353
2023-11-09,3189,98,3091,3087,4,0,99.8706
2023-11-10,3189,98,3091,3087,4,0,99.8706
2023-11-13,3189,98,3091,3088,3,0,99.9029
2023-11-14,3189,98,3091,3088,3,0,99.9029
2023-11-15,3189,98,3091,3087,4,0,99.8706
2023-11-16,3190,97,3093,3087,6,0,99.806
2023-11-17,3190,97,3093,3087,6,0,99.806
2023-11-20,3190,97,3093,3090,3,0,99.903
2023-11-21,3190,98,3092,3091,1,0,99.9677
2023-11-22,3190,97,3093,3091,2,0,99.9353
2023-11-23,3190,97,3093,3092,1,0,99.9677
2023-11-24,3190,96,3094,3092,2,0,99.9354
2023-11-27,3190,98,3092,3092,0,0,100.0
2023-11-28,3190,98,3092,3092,0,0,100.0
2023-11-29,3190,98,3092,3092,0,0,100.0
2023-11-30,3190,98,3092,3091,1,0,99.9677
2023-12-01,3190,98,3092,3091,1,0,99.9677
2023-12-04,3190,98,3092,3090,2,0,99.9353
2023-12-05,3191,98,3093,3091,2,0,99.9353
2023-12-06,3191,98,3093,3091,2,0,99.9353
2023-12-07,3191,96,3095,3091,4,0,99.8708
2023-12-08,3191,97,3094,3092,2,0,99.9354
2023-12-11,3191,97,3094,3092,2,0,99.9354
2023-12-12,3192,97,3095,3092,3,0,99.9031
2023-12-13,3192,97,3095,3093,2,0,99.9354
2023-12-14,3192,98,3094,3093,1,0,99.9677
2023-12-15,3193,97,3096,3094,2,0,99.9354
2023-12-18,3193,98,3095,3092,3,0,99.9031
2023-12-19,3193,96,3097,3091,6,0,99.8063
2023-12-20,3194,98,3096,3092,4,0,99.8708
2023-12-21,3195,98,3097,3092,5,0,99.8386
2023-12-22,3196,97,3099,3093,6,0,99.8064
2023-12-25,3196,95,3101,3096,5,0,99.8388
2023-12-26,3196,97,3099,3096,3,0,99.9032
2023-12-27,3197,96,3101,3097,4,0,99.871
2023-12-28,3197,92,3105,3097,8,0,99.7424
2023-12-29,3197,95,3102,3097,5,0,99.8388
2024-01-02,3197,95,3102,3096,6,0,99.8066
2024-01-03,3197,95,3102,3096,6,0,99.8066
2024-01-04,3197,95,3102,3096,6,0,99.8066
2024-01-05,3197,95,3102,3097,5,0,99.8388
2024-01-08,3197,95,3102,3097,5,0,99.8388
2024-01-09,3197,94,3103,3097,6,0,99.8066
2024-01-10,3198,94,3104,3099,5,0,99.8389
2024-01-11,3200,94,3106,3101,5,0,99.839
2024-01-12,3200,92,3108,3100,8,0,99.7426
2024-01-15,3200,93,3107,3100,7,0,99.7747
2024-01-16,3200,93,3107,3101,5,1,99.8069
2024-01-17,3199,93,3106,3101,5,0,99.839
2024-01-18,3200,93,3107,3103,4,0,99.8713
2024-01-19,3201,92,3109,3104,5,0,99.8392
2024-01-22,3201,92,3109,3104,5,0,99.8392
2024-01-23,3201,92,3109,3104,5,0,99.8392
2024-01-24,3202,92,3110,3105,5,0,99.8392
2024-01-25,3202,92,3110,3105,4,1,99.8392
2024-01-26,3201,93,3108,3105,3,0,99.9035
2024-01-29,3201,93,3108,3105,3,0,99.9035
2024-01-30,3202,93,3109,3105,4,0,99.8713
2024-01-31,3202,93,3109,3105,4,0,99.8713
2024-02-01,3202,93,3109,3105,4,0,99.8713
2024-02-02,3202,93,3109,3104,5,0,99.8392
2024-02-05,3202,92,3110,3104,6,0,99.8071
2024-02-06,3202,91,3111,3106,5,0,99.8393
2024-02-07,3202,91,3111,3106,4,1,99.8393
2024-02-08,3201,91,3110,3106,4,0,99.8714
2024-02-19,3201,91,3110,3106,4,0,99.8714
2024-02-20,3201,91,3110,3106,4,0,99.8714
2024-02-21,3201,91,3110,3106,4,0,99.8714
2024-02-22,3201,91,3110,3106,4,0,99.8714
2024-02-23,3201,91,3110,3105,5,0,99.8392
2024-02-26,3201,91,3110,3104,6,0,99.8071
2024-02-27,3201,92,3109,3104,5,0,99.8392
2024-02-28,3201,92,3109,3103,6,0,99.807
2024-02-29,3201,92,3109,3103,6,0,99.807
2024-03-01,3202,92,3110,3104,6,0,99.8071
2024-03-04,3202,92,3110,3104,5,1,99.8071
2024-03-05,3201,92,3109,3104,5,0,99.8392
2024-03-06,3201,91,3110,3104,6,0,99.8071
2024-03-07,3201,91,3110,3104,6,0,99.8071
2024-03-08,3201,90,3111,3105,6,0,99.8071
2024-03-11,3201,90,3111,3105,6,0,99.8071
2024-03-12,3201,90,3111,3105,6,0,99.8071
2024-03-13,3201,90,3111,3105,6,0,99.8071
2024-03-14,3201,90,3111,3105,6,0,99.8071
2024-03-15,3201,90,3111,3104,7,0,99.775
2024-03-18,3201,90,3111,3103,7,1,99.7428
2024-03-19,3200,90,3110,3105,5,0,99.8392
2024-03-20,3201,90,3111,3105,6,0,99.8071
2024-03-21,3201,90,3111,3105,6,0,99.8071
2024-03-22,3201,90,3111,3105,6,0,99.8071
2024-03-25,3201,90,3111,3105,6,0,99.8071
2024-03-26,3201,90,3111,3106,5,0,99.8393
2024-03-27,3201,90,3111,3108,3,0,99.9036
2024-03-28,3202,89,3113,3109,4,0,99.8715
2024-03-29,3202,90,3112,3107,4,1,99.8393
2024-04-01,3201,92,3109,3107,2,0,99.9357
2024-04-02,3202,92,3110,3108,2,0,99.9357
2024-04-03,3202,92,3110,3107,3,0,99.9035
2024-04-08,3202,93,3109,3107,2,0,99.9357
2024-04-09,3202,93,3109,3108,1,0,99.9678
2024-04-10,3202,93,3109,3108,1,0,99.9678
2024-04-11,3202,93,3109,3108,1,0,99.9678
2024-04-12,3202,93,3109,3108,1,0,99.9678
2024-04-15,3202,93,3109,3107,2,0,99.9357
2024-04-16,3202,93,3109,3107,2,0,99.9357
2024-04-17,3202,93,3109,3106,3,0,99.9035
2024-04-18,3202,93,3109,3105,3,1,99.8713
2024-04-19,3201,93,3108,3103,5,0,99.8391
2024-04-22,3201,92,3109,3103,6,0,99.807
2024-04-23,3201,94,3107,3100,7,0,99.7747
2024-04-24,3201,95,3106,3100,6,0,99.8068
2024-04-25,3201,94,3107,3099,7,1,99.7425
2024-04-26,3200,95,3105,3092,12,1,99.5813
2024-04-29,3199,97,3102,3086,16,0,99.4842
2024-04-30,3199,91,3108,3054,54,0,98.2625
2024-05-06,3199,133,3066,3052,14,0,99.5434
2024-05-07,3199,133,3066,3052,14,0,99.5434
2024-05-08,3199,131,3068,3052,16,0,99.4785
2024-05-09,3199,132,3067,3052,15,0,99.5109
2024-05-10,3199,132,3067,3052,15,0,99.5109
2024-05-13,3199,132,3067,3051,16,0,99.4783
2024-05-14,3199,133,3066,3051,15,0,99.5108
2024-05-15,3199,132,3067,3052,15,0,99.5109
2024-05-16,3199,131,3068,3052,16,0,99.4785
2024-05-17,3199,132,3067,3052,15,0,99.5109
2024-05-20,3199,131,3068,3050,18,0,99.4133
2024-05-21,3199,132,3067,3051,16,0,99.4783
2024-05-22,3199,132,3067,3052,15,0,99.5109
2024-05-23,3199,132,3067,3052,15,0,99.5109
2024-05-24,3199,132,3067,3052,15,0,99.5109
2024-05-27,3199,132,3067,3051,16,0,99.4783
2024-05-28,3199,131,3068,3051,17,0,99.4459
2024-05-29,3199,131,3068,3052,16,0,99.4785
2024-05-30,3199,130,3069,3052,17,0,99.4461
2024-05-31,3199,129,3070,3052,18,0,99.4137
2024-06-03,3199,129,3070,3052,18,0,99.4137
2024-06-04,3199,128,3071,3052,19,0,99.3813
2024-06-05,3199,127,3072,3057,13,2,99.5117
2024-06-06,3197,127,3070,3059,11,0,99.6417
2024-06-07,3197,125,3072,3059,13,0,99.5768
2024-06-11,3197,121,3076,3062,14,0,99.5449
2024-06-12,3197,121,3076,3065,11,0,99.6424
2024-06-13,3197,119,3078,3067,11,0,99.6426
2024-06-14,3197,118,3079,3069,9,1,99.6752
2024-06-17,3196,117,3079,3069,10,0,99.6752
2024-06-18,3196,114,3082,3070,12,0,99.6106
2024-06-19,3196,114,3082,3070,12,0,99.6106
2024-06-20,3196,113,3083,3069,14,0,99.5459
2024-06-21,3196,112,3084,3070,14,0,99.546
2024-06-24,3196,110,3086,3070,16,0,99.4815
2024-06-25,3196,105,3091,3070,21,0,99.3206
2024-06-26,3197,106,3091,3075,15,1,99.4824
2024-06-27,3196,103,3093,3071,21,1,99.2887
2024-06-28,3195,103,3092,3070,20,2,99.2885
2024-07-01,3193,101,3092,3069,23,0,99.2561
2024-07-02,3193,100,3093,3070,23,0,99.2564
2024-07-03,3194,98,3096,3071,22,3,99.1925
2024-07-04,3191,98,3093,3072,21,0,99.321
2024-07-05,3192,97,3095,3072,22,1,99.2569
2024-07-08,3191,97,3094,3070,24,0,99.2243
2024-07-09,3191,102,3089,3070,19,0,99.3849
2024-07-10,3191,102,3089,3071,17,1,99.4173
2024-07-11,3190,102,3088,3071,15,2,99.4495
2024-07-12,3188,102,3086,3071,15,0,99.5139
2024-07-15,3188,102,3086,3072,14,0,99.5463
2024-07-16,3188,102,3086,3072,14,0,99.5463
2024-07-17,3188,100,3088,3071,17,0,99.4495
2024-07-18,3188,99,3089,3070,18,1,99.3849
2024-07-19,3187,100,3087,3068,19,0,99.3845
2024-07-22,3187,99,3088,3068,20,0,99.3523
2024-07-23,3187,99,3088,3068,20,0,99.3523
2024-07-24,3187,99,3088,3068,19,1,99.3523
2024-07-25,3186,98,3088,3067,21,0,99.3199
2024-07-26,3186,97,3089,3069,20,0,99.3525
2024-07-29,3186,96,3090,3069,21,0,99.3204
2024-07-30,3186,96,3090,3070,20,0,99.3528
2024-07-31,3187,96,3091,3070,21,0,99.3206
2024-08-01,3187,96,3091,3069,22,0,99.2883
2024-08-02,3187,97,3090,3070,20,0,99.3528
2024-08-05,3187,95,3092,3070,21,1,99.2885
2024-08-06,3186,96,3090,3069,21,0,99.3204
2024-08-07,3186,97,3089,3069,19,1,99.3525
2024-08-08,3185,97,3088,3070,18,0,99.4171
2024-08-09,3185,97,3088,3070,18,0,99.4171
2024-08-12,3185,98,3087,3070,14,3,99.4493
2024-08-13,3182,98,3084,3070,14,0,99.546
2024-08-14,3183,98,3085,3071,14,0,99.5462
2024-08-15,3183,97,3086,3072,11,3,99.5463
2024-08-16,3180,96,3084,3072,11,1,99.6109
2024-08-19,3179,95,3084,3072,11,1,99.6109
2024-08-20,3178,95,3083,3073,10,0,99.6756
2024-08-21,3178,95,3083,3073,10,0,99.6756
2024-08-22,3178,95,3083,3072,11,0,99.6432
2024-08-23,3178,93,3085,3072,12,1,99.5786
2024-08-26,3178,94,3084,3073,10,1,99.6433
2024-08-27,3177,94,3083,3072,10,1,99.6432
2024-08-28,3176,94,3082,3071,10,1,99.6431
2024-08-29,3175,93,3082,3071,11,0,99.6431
2024-08-30,3175,93,3082,3071,10,1,99.6431
2024-09-02,3174,93,3081,3069,11,1,99.6105
2024-09-03,3174,94,3080,3068,12,0,99.6104
2024-09-04,3174,93,3081,3068,13,0,99.5781
2024-09-05,3174,93,3081,3068,12,1,99.5781
2024-09-06,3173,93,3080,3068,12,0,99.6104
2024-09-09,3173,93,3080,3068,12,0,99.6104
2024-09-10,3173,92,3081,3069,12,0,99.6105
2024-09-11,3173,93,3080,3070,10,0,99.6753
2024-09-12,3173,93,3080,3070,10,0,99.6753
2024-09-13,3173,93,3080,3070,10,0,99.6753
2024-09-18,3173,92,3081,3067,13,1,99.5456
2024-09-19,3172,95,3077,3069,8,0,99.74
2024-09-20,3173,95,3078,3069,9,0,99.7076
2024-09-23,3173,95,3078,3070,8,0,99.7401
2024-09-24,3173,95,3078,3071,7,0,99.7726
2024-09-25,3173,95,3078,3072,6,0,99.8051
2024-09-26,3173,95,3078,3072,6,0,99.8051
2024-09-27,3173,95,3078,3072,5,1,99.8051
2024-09-30,3172,95,3077,3069,8,0,99.74
2024-10-08,3172,94,3078,3068,10,0,99.6751
2024-10-09,3172,94,3078,3067,11,0,99.6426
2024-10-10,3172,94,3078,3069,9,0,99.7076
2024-10-11,3173,94,3079,3069,9,1,99.6752
2024-10-14,3172,94,3078,3069,9,0,99.7076
2024-10-15,3172,94,3078,3070,8,0,99.7401
2024-10-16,3172,95,3077,3071,6,0,99.805
2024-10-17,3172,95,3077,3072,4,1,99.8375
2024-10-18,3171,95,3076,3071,5,0,99.8375
2024-10-21,3171,95,3076,3072,4,0,99.87
2024-10-22,3171,95,3076,3072,4,0,99.87
2024-10-23,3171,95,3076,3071,5,0,99.8375
2024-10-24,3171,95,3076,3072,4,0,99.87
2024-10-25,3171,95,3076,3072,4,0,99.87
2024-10-28,3171,94,3077,3070,7,0,99.7725
2024-10-29,3171,94,3077,3069,8,0,99.74
2024-10-30,3171,94,3077,3067,10,0,99.675
2024-10-31,3171,94,3077,3067,10,0,99.675
2024-11-01,3171,96,3075,3066,9,0,99.7073
2024-11-04,3171,96,3075,3066,9,0,99.7073
2024-11-05,3171,96,3075,3068,7,0,99.7724
2024-11-06,3171,96,3075,3069,6,0,99.8049
2024-11-07,3172,96,3076,3069,7,0,99.7724
2024-11-08,3172,97,3075,3070,5,0,99.8374
2024-11-11,3172,93,3079,3070,9,0,99.7077
2024-11-12,3172,93,3079,3070,9,0,99.7077
2024-11-13,3172,94,3078,3069,9,0,99.7076
2024-11-14,3172,94,3078,3069,9,0,99.7076
2024-11-15,3172,93,3079,3072,7,0,99.7727
2024-11-18,3172,92,3080,3069,11,0,99.6429
2024-11-19,3172,92,3080,3069,11,0,99.6429
2024-11-20,3172,93,3079,3071,8,0,99.7402
2024-11-21,3172,94,3078,3070,8,0,99.7401
2024-11-22,3172,94,3078,3071,7,0,99.7726
2024-11-25,3172,94,3078,3071,7,0,99.7726
2024-11-26,3173,94,3079,3072,7,0,99.7727
2024-11-27,3173,94,3079,3071,8,0,99.7402
2024-11-28,3173,94,3079,3069,10,0,99.6752
2024-11-29,3173,94,3079,3072,7,0,99.7727
2024-12-02,3173,94,3079,3071,8,0,99.7402
2024-12-03,3173,94,3079,3070,9,0,99.7077
2024-12-04,3173,94,3079,3069,10,0,99.6752
2024-12-05,3173,94,3079,3071,8,0,99.7402
2024-12-06,3173,94,3079,3070,9,0,99.7077
2024-12-09,3173,94,3079,3070,9,0,99.7077
2024-12-10,3173,94,3079,3071,8,0,99.7402
2024-12-11,3173,94,3079,3072,7,0,99.7727
2024-12-12,3173,94,3079,3071,8,0,99.7402
2024-12-13,3173,93,3080,3071,9,0,99.7078
2024-12-16,3173,94,3079,3072,7,0,99.7727
2024-12-17,3173,93,3080,3070,10,0,99.6753
2024-12-18,3173,94,3079,3069,10,0,99.6752
2024-12-19,3173,94,3079,3069,10,0,99.6752
2024-12-20,3173,95,3078,3070,8,0,99.7401
2024-12-23,3173,95,3078,3069,9,0,99.7076
2024-12-24,3174,95,3079,3069,10,0,99.6752
2024-12-25,3174,92,3082,3069,13,0,99.5782
2024-12-26,3174,94,3080,3070,10,0,99.6753
2024-12-27,3174,93,3081,3069,12,0,99.6105
2024-12-30,3175,93,3082,3067,15,0,99.5133
2024-12-31,3175,94,3081,3069,12,0,99.6105
2025-01-02,3175,94,3081,3068,13,0,99.5781
2025-01-03,3176,95,3081,3069,12,0,99.6105
2025-01-06,3176,94,3082,3068,14,0,99.5457
2025-01-07,3176,94,3082,3068,14,0,99.5457
2025-01-08,3176,94,3082,3069,13,0,99.5782
2025-01-09,3176,95,3081,3069,12,0,99.6105
2025-01-10,3176,95,3081,3068,13,0,99.5781
2025-01-13,3176,93,3083,3069,14,0,99.5459
2025-01-14,3176,96,3080,3071,9,0,99.7078
2025-01-15,3176,96,3080,3072,8,0,99.7403
2025-01-16,3176,96,3080,3073,7,0,99.7727
2025-01-17,3176,95,3081,3074,7,0,99.7728
2025-01-20,3176,95,3081,3073,8,0,99.7403
2025-01-21,3176,95,3081,3074,7,0,99.7728
2025-01-22,3176,95,3081,3075,6,0,99.8053
2025-01-23,3177,95,3082,3077,5,0,99.8378
2025-01-24,3177,95,3082,3077,5,0,99.8378
2025-01-27,3178,95,3083,3078,5,0,99.8378
2025-02-05,3178,95,3083,3079,4,0,99.8703
2025-02-06,3178,95,3083,3077,6,0,99.8054
2025-02-07,3178,95,3083,3078,5,0,99.8378
2025-02-10,3178,94,3084,3078,5,1,99.8054
2025-02-11,3177,94,3083,3077,6,0,99.8054
2025-02-12,3177,94,3083,3077,6,0,99.8054
2025-02-13,3177,94,3083,3077,6,0,99.8054
2025-02-14,3177,94,3083,3076,7,0,99.7729
2025-02-17,3177,94,3083,3077,6,0,99.8054
2025-02-18,3177,93,3084,3077,7,0,99.773
2025-02-19,3177,93,3084,3077,7,0,99.773
2025-02-20,3177,93,3084,3076,8,0,99.7406
2025-02-21,3177,95,3082,3076,6,0,99.8053
2025-02-24,3177,95,3082,3075,7,0,99.7729
2025-02-25,3177,95,3082,3073,9,0,99.708
2025-02-26,3177,95,3082,3073,9,0,99.708
2025-02-27,3177,95,3082,3073,9,0,99.708
2025-02-28,3177,95,3082,3073,9,0,99.708
2025-03-03,3177,95,3082,3072,10,0,99.6755
2025-03-04,3178,95,3083,3074,8,1,99.7081
2025-03-05,3177,95,3082,3074,7,1,99.7404
2025-03-06,3176,95,3081,3074,6,1,99.7728
2025-03-07,3175,95,3080,3075,5,0,99.8377
2025-03-10,3175,96,3079,3075,4,0,99.8701
2025-03-11,3176,96,3080,3076,4,0,99.8701
2025-03-12,3176,95,3081,3076,5,0,99.8377
2025-03-13,3176,96,3080,3076,4,0,99.8701
2025-03-14,3176,96,3080,3076,4,0,99.8701
2025-03-17,3176,96,3080,3073,7,0,99.7727
2025-03-18,3176,99,3077,3074,3,0,99.9025
2025-03-19,3176,99,3077,3070,7,0,99.7725
2025-03-20,3177,99,3078,3071,7,0,99.7726
2025-03-21,3178,98,3080,3073,6,1,99.7727
2025-03-24,3177,98,3079,3073,6,0,99.8051
2025-03-25,3177,98,3079,3072,7,0,99.7727
2025-03-26,3177,99,3078,3072,6,0,99.8051
2025-03-27,3177,99,3078,3071,7,0,99.7726
2025-03-28,3177,99,3078,3069,9,0,99.7076
2025-03-31,3177,99,3078,3070,8,0,99.7401
2025-04-01,3177,99,3078,3070,8,0,99.7401
2025-04-02,3177,99,3078,3071,7,0,99.7726
2025-04-03,3177,99,3078,3070,8,0,99.7401
2025-04-07,3177,99,3078,3070,8,0,99.7401
2025-04-08,3178,99,3079,3072,7,0,99.7727
2025-04-09,3179,99,3080,3075,5,0,99.8377
2025-04-10,3179,99,3080,3075,5,0,99.8377
2025-04-11,3179,98,3081,3075,6,0,99.8053
2025-04-14,3179,97,3082,3075,7,0,99.7729
2025-04-15,3180,96,3084,3075,9,0,99.7082
2025-04-16,3181,98,3083,3077,6,0,99.8054
2025-04-17,3181,97,3084,3077,7,0,99.773
2025-04-18,3181,96,3085,3076,9,0,99.7083
2025-04-21,3181,97,3084,3076,8,0,99.7406
2025-04-22,3181,98,3083,3069,14,0,99.5459
2025-04-23,3181,103,3078,3067,11,0,99.6426
2025-04-24,3183,103,3080,3068,12,0,99.6104
2025-04-25,3183,103,3080,3066,14,0,99.5455
2025-04-28,3183,106,3077,3055,22,0,99.285
2025-04-29,3183,115,3068,3030,38,0,98.7614
2025-04-30,3183,128,3055,3018,34,3,98.7889
2025-05-06,3180,143,3037,3021,16,0,99.4732
2025-05-07,3180,143,3037,3022,15,0,99.5061
2025-05-08,3180,143,3037,3023,14,0,99.539
2025-05-09,3180,143,3037,3023,14,0,99.539
2025-05-12,3180,143,3037,3023,14,0,99.539
2025-05-13,3180,143,3037,3022,15,0,99.5061
2025-05-14,3180,143,3037,3022,15,0,99.5061
2025-05-15,3180,142,3038,3022,16,0,99.4733
2025-05-16,3180,142,3038,3021,17,0,99.4404
2025-05-19,3181,137,3044,3023,21,0,99.3101
2025-05-20,3181,137,3044,3028,16,0,99.4744
2025-05-21,3181,135,3046,3027,19,0,99.3762
2025-05-22,3181,134,3047,3028,19,0,99.3764
2025-05-23,3181,134,3047,3029,18,0,99.4093
2025-05-26,3181,135,3046,3028,18,0,99.4091
2025-05-27,3181,135,3046,3027,17,2,99.3762
2025-05-28,3179,133,3046,3027,19,0,99.3762
2025-05-29,3180,134,3046,3029,17,0,99.4419
2025-05-30,3180,133,3047,3030,17,0,99.4421
2025-06-03,3180,130,3050,3027,23,0,99.2459
2025-06-04,3180,130,3050,3031,19,0,99.377
2025-06-05,3181,130,3051,3032,19,0,99.3773
2025-06-06,3181,130,3051,3033,18,0,99.41
2025-06-09,3181,130,3051,3032,19,0,99.3773
2025-06-10,3181,129,3052,3036,16,0,99.4758
2025-06-11,3181,130,3051,3037,14,0,99.5411
2025-06-12,3182,129,3053,3038,15,0,99.5087
2025-06-13,3182,127,3055,3041,14,0,99.5417
2025-06-16,3182,127,3055,3044,11,0,99.6399
2025-06-17,3182,128,3054,3047,7,0,99.7708
2025-06-18,3182,128,3054,3047,7,0,99.7708
2025-06-19,3182,127,3055,3047,8,0,99.7381
2025-06-20,3183,126,3057,3049,8,0,99.7383
2025-06-23,3183,125,3058,3048,10,0,99.673
2025-06-24,3183,125,3058,3050,8,0,99.7384
2025-06-25,3183,125,3058,3051,7,0,99.7711
2025-06-26,3183,126,3057,3051,6,0,99.8037
2025-06-27,3183,123,3060,3049,10,1,99.6405
2025-06-30,3182,123,3059,3051,8,0,99.7385
2025-07-01,3183,123,3060,3050,10,0,99.6732
2025-07-02,3183,123,3060,3050,10,0,99.6732
2025-07-03,3183,122,3061,3050,9,2,99.6406
2025-07-04,3181,124,3057,3049,7,1,99.7383
2025-07-07,3180,124,3056,3048,8,0,99.7382
2025-07-08,3180,124,3056,3046,10,0,99.6728
2025-07-09,3180,125,3055,3047,8,0,99.7381
2025-07-10,3180,125,3055,3048,7,0,99.7709
2025-07-11,3180,126,3054,3048,4,2,99.8035
2025-07-14,3178,125,3053,3048,5,0,99.8362
2025-07-15,3178,124,3054,3048,6,0,99.8035
2025-07-16,3179,123,3056,3047,8,1,99.7055
2025-07-17,3178,123,3055,3047,8,0,99.7381
2025-07-18,3178,123,3055,3047,8,0,99.7381
2025-07-21,3178,124,3054,3047,6,1,99.7708
2025-07-22,3177,124,3053,3044,9,0,99.7052
2025-07-23,3178,124,3054,3047,7,0,99.7708
2025-07-24,3178,124,3054,3046,8,0,99.738
2025-07-25,3178,124,3054,3046,7,1,99.738
2025-07-28,3177,124,3053,3046,7,0,99.7707
2025-07-29,3177,124,3053,3051,2,0,99.9345
2025-07-30,3178,124,3054,3052,2,0,99.9345
2025-07-31,3178,124,3054,3051,3,0,99.9018
2025-08-01,3178,124,3054,3051,3,0,99.9018
2025-08-04,3178,124,3054,3049,5,0,99.8363
2025-08-05,3178,123,3055,3049,6,0,99.8036
2025-08-06,3178,123,3055,3049,6,0,99.8036
2025-08-07,3178,121,3057,3050,7,0,99.771
2025-08-08,3179,121,3058,3051,7,0,99.7711
2025-08-11,3179,122,3057,3052,5,0,99.8364
2025-08-12,3179,123,3056,3052,4,0,99.8691
2025-08-13,3179,121,3058,3051,7,0,99.7711
2025-08-14,3179,120,3059,3051,8,0,99.7385
2025-08-15,3179,120,3059,3050,9,0,99.7058
2025-08-18,3179,120,3059,3050,9,0,99.7058
2025-08-19,3179,122,3057,3051,6,0,99.8037
2025-08-20,3179,121,3058,3050,8,0,99.7384
2025-08-21,3179,123,3056,3050,6,0,99.8037
2025-08-22,3179,123,3056,3051,5,0,99.8364
2025-08-25,3179,123,3056,3051,5,0,99.8364
2025-08-26,3179,123,3056,3051,5,0,99.8364
2025-08-27,3179,123,3056,3051,5,0,99.8364
2025-08-28,3179,123,3056,3051,5,0,99.8364
2025-08-29,3179,123,3056,3051,5,0,99.8364
2025-09-01,3179,123,3056,3050,6,0,99.8037
2025-09-02,3179,123,3056,3051,5,0,99.8364
2025-09-03,3179,123,3056,3052,4,0,99.8691
2025-09-04,3179,123,3056,3051,5,0,99.8364
2025-09-05,3180,122,3058,3052,5,1,99.8038
2025-09-08,3179,123,3056,3053,3,0,99.9018
2025-09-09,3179,123,3056,3053,3,0,99.9018
2025-09-10,3179,123,3056,3054,2,0,99.9346
2025-09-11,3179,122,3057,3052,5,0,99.8364
2025-09-12,3179,123,3056,3053,3,0,99.9018
2025-09-15,3179,123,3056,3052,4,0,99.8691
2025-09-16,3179,123,3056,3053,3,0,99.9018
2025-09-17,3179,123,3056,3052,4,0,99.8691
2025-09-18,3179,122,3057,3053,4,0,99.8692
2025-09-19,3179,123,3056,3053,3,0,99.9018
2025-09-22,3179,123,3056,3051,5,0,99.8364
2025-09-23,3180,125,3055,3052,3,0,99.9018
2025-09-24,3180,124,3056,3051,5,0,99.8364
2025-09-25,3180,125,3055,3050,5,0,99.8363
2025-09-26,3180,125,3055,3050,5,0,99.8363
2025-09-29,3180,124,3056,3047,9,0,99.7055
2025-09-30,3181,125,3056,3048,7,1,99.7382
2025-10-09,3180,124,3056,3044,12,0,99.6073
2025-10-10,3180,125,3055,3044,11,0,99.6399
2025-10-13,3180,124,3056,3046,10,0,99.6728
2025-10-14,3180,124,3056,3046,10,0,99.6728
2025-10-15,3180,124,3056,3046,10,0,99.6728
2025-10-16,3180,125,3055,3048,7,0,99.7709
2025-10-17,3181,125,3056,3051,5,0,99.8364
2025-10-20,3181,125,3056,3050,6,0,99.8037
2025-10-21,3181,125,3056,3049,7,0,99.7709
2025-10-22,3182,124,3058,3050,8,0,99.7384
2025-10-23,3182,125,3057,3051,6,0,99.8037
2025-10-24,3183,125,3058,3052,6,0,99.8038
2025-10-27,3183,126,3057,3052,5,0,99.8364
2025-10-28,3183,125,3058,3052,6,0,99.8038
2025-10-29,3183,124,3059,3054,5,0,99.8365
2025-10-30,3183,124,3059,3052,7,0,99.7712
2025-10-31,3183,126,3057,3052,5,0,99.8364
2025-11-03,3183,126,3057,3051,6,0,99.8037
2025-11-04,3183,126,3057,3050,7,0,99.771
2025-11-05,3184,127,3057,3050,7,0,99.771
2025-11-06,3185,127,3058,3050,8,0,99.7384
2025-11-07,3186,126,3060,3051,9,0,99.7059
2025-11-10,3186,126,3060,3054,6,0,99.8039
2025-11-11,3186,124,3062,3055,6,1,99.7714
2025-11-12,3185,125,3060,3056,4,0,99.8693
2025-11-13,3185,124,3061,3056,5,0,99.8367
2025-11-14,3185,123,3062,3056,6,0,99.804
2025-11-17,3185,123,3062,3055,7,0,99.7714
2025-11-18,3185,124,3061,3055,6,0,99.804
2025-11-19,3185,124,3061,3057,4,0,99.8693
2025-11-20,3185,124,3061,3055,6,0,99.804
2025-11-21,3185,124,3061,3056,5,0,99.8367
2025-11-24,3185,124,3061,3054,7,0,99.7713
2025-11-25,3186,124,3062,3053,9,0,99.7061
2025-11-26,3186,123,3063,3053,10,0,99.6735
2025-11-27,3186,122,3064,3053,11,0,99.641
2025-11-28,3186,123,3063,3052,11,0,99.6409
2025-12-01,3186,123,3063,3051,12,0,99.6082
2025-12-02,3186,124,3062,3052,10,0,99.6734
2025-12-03,3187,125,3062,3054,8,0,99.7387
2025-12-04,3187,125,3062,3053,9,0,99.7061
2025-12-05,3187,125,3062,3052,9,1,99.6734
2025-12-08,3186,125,3061,3052,9,0,99.706
2025-12-09,3186,124,3062,3053,9,0,99.7061
2025-12-10,3186,123,3063,3050,13,0,99.5756
2025-12-11,3186,124,3062,3051,11,0,99.6408
2025-12-12,3186,125,3061,3052,9,0,99.706
2025-12-15,3186,125,3061,3050,11,0,99.6406
2025-12-16,3186,126,3060,3051,9,0,99.7059
2025-12-17,3186,126,3060,3052,8,0,99.7386
2025-12-18,3187,126,3061,3054,7,0,99.7713
2025-12-19,3187,126,3061,3053,8,0,99.7386
2025-12-22,3187,125,3062,3053,9,0,99.7061
2025-12-23,3188,126,3062,3055,7,0,99.7714
2025-12-24,3188,125,3063,3056,7,0,99.7715
2025-12-25,3188,126,3062,3058,4,0,99.8694
2025-12-26,3188,124,3064,3059,5,0,99.8368
2025-12-29,3188,124,3064,3058,6,0,99.8042
2025-12-30,3190,126,3064,3056,8,0,99.7389
2025-12-31,3190,125,3065,3056,8,1,99.7064
