period,factor,qlib_expression,mean_rank_ic,ic_ir,months
train,KMID,($close-$open)/$open,-0.002209970573608151,-0.014047558278661615,36
train,KLEN,($high-$low)/$open,-0.04808896645144687,-0.261755414780345,36
train,KSFT,(2*$close-$high-$low)/$open,-0.00531523577808522,-0.03408776191936884,36
train,ROC5,"Ref($close, 5)/$close",0.013873948391922474,0.07907326707793284,36
train,ROC10,"Ref($close, 10)/$close",0.04682637696069936,0.2592908168302815,36
train,ROC20,"Ref($close, 20)/$close",0.04768229803965595,0.2459354500092749,36
train,ROC60,"Ref($close, 60)/$close",0.06687548622555947,0.31718257725008353,36
train,MA5,"Mean($close, 5)/$close",0.018329761820014098,0.09583557414216151,36
train,MA10,"Mean($close, 10)/$close",0.025362385557262262,0.14095346605465228,36
train,MA20,"Mean($close, 20)/$close",0.029017769700715228,0.155496307592373,36
train,MA60,"Mean($close, 60)/$close",0.06848240939138084,0.3136575997600328,36
train,STD5,"Std($close, 5)/$close",-0.024401583327303095,-0.12066455272905724,36
train,STD10,"Std($close, 10)/$close",-0.018995864517189803,-0.09329154250687596,36
train,STD20,"Std($close, 20)/$close",-0.03805687881422373,-0.17268245010984298,36
train,STD60,"Std($close, 60)/$close",-0.01471453679021238,-0.06538223097628762,36
train,RSV5,"($close-Min($low, 5))/(Max($high, 5)-Min($low, 5)+1e-12)",-0.03196510137128269,-0.18855020302105235,36
train,RSV20,"($close-Min($low, 20))/(Max($high, 20)-Min($low, 20)+1e-12)",-0.02145612918749483,-0.11467292608360352,36
train,RSV60,"($close-Min($low, 60))/(Max($high, 60)-Min($low, 60)+1e-12)",-0.04873088152246623,-0.24002899577429918,36
train,CORR20,"Corr($close, Log($volume+1), 20)",-0.055192881782606985,-0.36322804622493554,36
train,CNTP20,"Mean($close>Ref($close, 1), 20)",-0.060113863749112616,-0.40626911937459703,36
train,WVMA20,"Std(Abs($close/Ref($close, 1)-1)*$volume, 20)/(Mean(Abs($close/Ref($close, 1)-1)*$volume, 20)+1e-12)",0.03694342392846613,0.32818826458653355,36
validation,KMID,($close-$open)/$open,-0.018180571921480943,-0.07755578899061295,24
validation,KLEN,($high-$low)/$open,-0.07092109151607966,-0.34702362052133495,24
validation,KSFT,(2*$close-$high-$low)/$open,-0.03244301092198013,-0.15389502254327364,24
validation,ROC5,"Ref($close, 5)/$close",0.012000708986637765,0.05467968153903008,24
validation,ROC10,"Ref($close, 10)/$close",0.013332141337879022,0.06583177658854036,24
validation,ROC20,"Ref($close, 20)/$close",-0.025275716352974167,-0.15426890370861004,24
validation,ROC60,"Ref($close, 60)/$close",-0.013908652395319116,-0.07505680175740409,24
validation,MA5,"Mean($close, 5)/$close",0.044711123538247216,0.19381401888250868,24
validation,MA10,"Mean($close, 10)/$close",0.026938486838222264,0.11737000576568844,24
validation,MA20,"Mean($close, 20)/$close",-0.00040614691677066245,-0.0021418941052570345,24
validation,MA60,"Mean($close, 60)/$close",-0.01821319125186438,-0.10089317576183106,24
validation,STD5,"Std($close, 5)/$close",-0.1030543125039155,-0.5691481633521864,24
validation,STD10,"Std($close, 10)/$close",-0.12247583382160765,-0.7665100392023632,24
validation,STD20,"Std($close, 20)/$close",-0.13695516072505312,-0.6823267731049433,24
validation,STD60,"Std($close, 60)/$close",-0.11509310836121671,-0.580105067149341,24
validation,RSV5,"($close-Min($low, 5))/(Max($high, 5)-Min($low, 5)+1e-12)",-0.01483451453061404,-0.07647020965338151,24
validation,RSV20,"($close-Min($low, 20))/(Max($high, 20)-Min($low, 20)+1e-12)",-0.0006674776067119165,-0.00395367172956624,24
validation,RSV60,"($close-Min($low, 60))/(Max($high, 60)-Min($low, 60)+1e-12)",0.0139293280595851,0.07896965068735133,24
validation,CORR20,"Corr($close, Log($volume+1), 20)",-0.014260726807927275,-0.08547327455546998,24
validation,CNTP20,"Mean($close>Ref($close, 1), 20)",0.0037527854773470475,0.028313265900341774,24
validation,WVMA20,"Std(Abs($close/Ref($close, 1)-1)*$volume, 20)/(Mean(Abs($close/Ref($close, 1)-1)*$volume, 20)+1e-12)",-0.05517994958276871,-0.44868241287981325,24
test,KMID,($close-$open)/$open,0.013399816989457268,0.07727752008097928,11
test,KLEN,($high-$low)/$open,0.004005310280045279,0.017117206785533707,11
test,KSFT,(2*$close-$high-$low)/$open,0.02022691057298774,0.09556334126238146,11
test,ROC5,"Ref($close, 5)/$close",-0.0722110952795298,-0.3216285914625368,11
test,ROC10,"Ref($close, 10)/$close",-0.033227470435684574,-0.20645108633813175,11
test,ROC20,"Ref($close, 20)/$close",-0.042327352310912565,-0.2028651698242128,11
test,ROC60,"Ref($close, 60)/$close",0.020557546511808036,0.11671499436571388,11
test,MA5,"Mean($close, 5)/$close",-0.06438511466210343,-0.28347110624903243,11
test,MA10,"Mean($close, 10)/$close",-0.059397111033805954,-0.29318103064497597,11
test,MA20,"Mean($close, 20)/$close",-0.06275569174689798,-0.33266472184550794,11
test,MA60,"Mean($close, 60)/$close",-0.025884024638799727,-0.12156678839317657,11
test,STD5,"Std($close, 5)/$close",-0.00106911899416604,-0.005672551193382072,11
test,STD10,"Std($close, 10)/$close",-0.018012419788558248,-0.09889739088282841,11
test,STD20,"Std($close, 20)/$close",-0.010877140114943236,-0.061196769196222925,11
test,STD60,"Std($close, 60)/$close",-0.0024862883200365738,-0.009636896154516841,11
test,RSV5,"($close-Min($low, 5))/(Max($high, 5)-Min($low, 5)+1e-12)",0.06258651809549584,0.3222538492125551,11
test,RSV20,"($close-Min($low, 20))/(Max($high, 20)-Min($low, 20)+1e-12)",0.07895292657749321,0.38863927372786544,11
test,RSV60,"($close-Min($low, 60))/(Max($high, 60)-Min($low, 60)+1e-12)",0.03505127276174544,0.17390281074338584,11
test,CORR20,"Corr($close, Log($volume+1), 20)",-0.03523507420100829,-0.18606781384683593,11
test,CNTP20,"Mean($close>Ref($close, 1), 20)",0.011545193827120392,0.06615186973686976,11
test,WVMA20,"Std(Abs($close/Ref($close, 1)-1)*$volume, 20)/(Mean(Abs($close/Ref($close, 1)-1)*$volume, 20)+1e-12)",0.03868988887170533,0.40879953292855786,11
