rebalance_date,formation_date,strategy,selected_assets,assets_with_sufficient_history,forecast_annual_volatility,target_equity_exposure,target_cash_weight,maximum_target_weight,erc_solver_success,erc_max_risk_contribution_error,history_last_date
2020-02-03,2020-01-23,monthly_equal,20,20,0.15179451167397837,1.0000000000000002,-2.220446049250313e-16,0.05,False,,2020-01-23
2020-02-03,2020-01-23,monthly_risk_parity,20,20,0.13422269362932976,1.0,0.0,0.09842126250168118,True,1.693983054315562e-07,2020-01-23
2020-02-03,2020-01-23,monthly_risk_parity_cap_08,20,20,0.1358286507456862,1.0,0.0,0.08,True,0.012935571739794156,2020-01-23
2020-02-03,2020-01-23,monthly_vol_target_10,20,20,0.15179451167397837,0.65878534669803,0.34121465330197,0.032939267334901504,False,,2020-01-23
2020-02-03,2020-01-23,monthly_vol_target_15,20,20,0.15179451167397837,0.9881780200470451,0.011821979952954864,0.04940890100235225,False,,2020-01-23
2020-02-03,2020-01-23,monthly_vol_target_20,20,20,0.15179451167397837,1.0000000000000002,-2.220446049250313e-16,0.05,False,,2020-01-23
2020-02-03,2020-01-23,monthly_risk_parity_cap_08_vol_15,20,20,0.1358286507456862,1.0,0.0,0.08,True,0.012935571739794156,2020-01-23
2020-03-02,2020-02-28,monthly_equal,20,20,0.2634796127690282,1.0000000000000002,-2.220446049250313e-16,0.05,False,,2020-02-28
2020-03-02,2020-02-28,monthly_risk_parity,20,20,0.255895425468916,1.0,0.0,0.08003705942406475,True,1.5952788005174634e-07,2020-02-28
2020-03-02,2020-02-28,monthly_risk_parity_cap_08,20,20,0.25589936100157745,1.0000000000000002,-2.220446049250313e-16,0.08000000000000002,True,2.51767833439262e-05,2020-02-28
2020-03-02,2020-02-28,monthly_vol_target_10,20,20,0.2634796127690282,0.3795360064069251,0.6204639935930749,0.01897680032034625,False,,2020-02-28
2020-03-02,2020-02-28,monthly_vol_target_15,20,20,0.2634796127690282,0.5693040096103874,0.4306959903896126,0.02846520048051937,False,,2020-02-28
2020-03-02,2020-02-28,monthly_vol_target_20,20,20,0.2634796127690282,0.7590720128138502,0.24092798718614983,0.0379536006406925,False,,2020-02-28
2020-03-02,2020-02-28,monthly_risk_parity_cap_08_vol_15,20,20,0.25589936100157745,0.5861679349761072,0.4138320650238928,0.04689343479808858,True,2.51767833439262e-05,2020-02-28
2020-04-01,2020-03-31,monthly_equal,20,20,0.29452167215449376,1.0000000000000002,-2.220446049250313e-16,0.05,False,,2020-03-31
2020-04-01,2020-03-31,monthly_risk_parity,20,20,0.2861622330968855,1.0,0.0,0.06266776847933762,True,8.134563485306945e-08,2020-03-31
2020-04-01,2020-03-31,monthly_risk_parity_cap_08,20,20,0.2861622330968855,1.0,0.0,0.06266776847933762,True,8.134563485306945e-08,2020-03-31
2020-04-01,2020-03-31,monthly_vol_target_10,20,20,0.29452167215449376,0.3395335876931468,0.6604664123068532,0.016976679384657335,False,,2020-03-31
2020-04-01,2020-03-31,monthly_vol_target_15,20,20,0.29452167215449376,0.50930038153972,0.49069961846028,0.025465019076986003,False,,2020-03-31
2020-04-01,2020-03-31,monthly_vol_target_20,20,20,0.29452167215449376,0.6790671753862936,0.3209328246137064,0.03395335876931467,False,,2020-03-31
2020-04-01,2020-03-31,monthly_risk_parity_cap_08_vol_15,20,20,0.2861622330968855,0.5241781851388291,0.4758218148611709,0.03284907714819951,True,8.134563485306945e-08,2020-03-31
2020-05-06,2020-04-30,monthly_equal,20,20,0.22682182856371322,1.0000000000000002,-2.220446049250313e-16,0.05,False,,2020-04-30
2020-05-06,2020-04-30,monthly_risk_parity,20,20,0.21475368427015745,1.0000000000000002,-2.220446049250313e-16,0.07950935681599863,True,9.030962148243171e-08,2020-04-30
2020-05-06,2020-04-30,monthly_risk_parity_cap_08,20,20,0.2147537152408756,1.0,0.0,0.07950932436373494,True,3.531224247940723e-07,2020-04-30
2020-05-06,2020-04-30,monthly_vol_target_10,20,20,0.22682182856371322,0.440874675216325,0.5591253247836749,0.02204373376081625,False,,2020-04-30
2020-05-06,2020-04-30,monthly_vol_target_15,20,20,0.22682182856371322,0.6613120128244873,0.33868798717551274,0.03306560064122437,False,,2020-04-30
2020-05-06,2020-04-30,monthly_vol_target_20,20,20,0.22682182856371322,0.88174935043265,0.11825064956734999,0.0440874675216325,False,,2020-04-30
2020-05-06,2020-04-30,monthly_risk_parity_cap_08_vol_15,20,20,0.2147537152408756,0.6984745285163263,0.3015254714836737,0.05553523784761141,True,3.531224247940723e-07,2020-04-30
2020-06-01,2020-05-29,monthly_equal,20,20,0.18609460093126437,1.0000000000000002,-2.220446049250313e-16,0.05,False,,2020-05-29
2020-06-01,2020-05-29,monthly_risk_parity,20,20,0.17971165126827876,0.9999999999999998,2.220446049250313e-16,0.07225001524904245,True,6.070143371977865e-08,2020-05-29
2020-06-01,2020-05-29,monthly_risk_parity_cap_08,20,20,0.17971165126827876,0.9999999999999998,2.220446049250313e-16,0.07225001524904245,True,6.070143371977865e-08,2020-05-29
2020-06-01,2020-05-29,monthly_vol_target_10,20,20,0.18609460093126437,0.5373611028991424,0.4626388971008576,0.02686805514495712,False,,2020-05-29
2020-06-01,2020-05-29,monthly_vol_target_15,20,20,0.18609460093126437,0.8060416543487134,0.19395834565128656,0.04030208271743568,False,,2020-05-29
2020-06-01,2020-05-29,monthly_vol_target_20,20,20,0.18609460093126437,1.0000000000000002,-2.220446049250313e-16,0.05,False,,2020-05-29
2020-06-01,2020-05-29,monthly_risk_parity_cap_08_vol_15,20,20,0.17971165126827876,0.8346704230994774,0.16532957690052263,0.060304950796861975,True,6.070143371977865e-08,2020-05-29
2020-07-01,2020-06-30,monthly_equal,20,20,0.11012511164018947,1.0000000000000002,-2.220446049250313e-16,0.05,False,,2020-06-30
2020-07-01,2020-06-30,monthly_risk_parity,20,20,0.0978763292151953,1.0,0.0,0.08002373524081946,True,1.4293437081147609e-07,2020-06-30
2020-07-01,2020-06-30,monthly_risk_parity_cap_08,20,20,0.0978770184762535,0.9999999999999999,1.1102230246251565e-16,0.07999999999999999,True,2.6019571985426426e-05,2020-06-30
2020-07-01,2020-06-30,monthly_vol_target_10,20,20,0.11012511164018947,0.9080581032846431,0.09194189671535691,0.04540290516423215,False,,2020-06-30
2020-07-01,2020-06-30,monthly_vol_target_15,20,20,0.11012511164018947,1.0000000000000002,-2.220446049250313e-16,0.05,False,,2020-06-30
2020-07-01,2020-06-30,monthly_vol_target_20,20,20,0.11012511164018947,1.0000000000000002,-2.220446049250313e-16,0.05,False,,2020-06-30
2020-07-01,2020-06-30,monthly_risk_parity_cap_08_vol_15,20,20,0.0978770184762535,0.9999999999999999,1.1102230246251565e-16,0.07999999999999999,True,2.6019571985426426e-05,2020-06-30
2020-08-03,2020-07-31,monthly_equal,20,20,0.146623851397945,1.0000000000000002,-2.220446049250313e-16,0.05,False,,2020-07-31
2020-08-03,2020-07-31,monthly_risk_parity,20,20,0.1422534351728378,1.0000000000000002,-2.220446049250313e-16,0.07204522902470338,True,8.15000130507948e-08,2020-07-31
2020-08-03,2020-07-31,monthly_risk_parity_cap_08,20,20,0.1422534351728378,1.0000000000000002,-2.220446049250313e-16,0.07204522902470338,True,8.15000130507948e-08,2020-07-31
2020-08-03,2020-07-31,monthly_vol_target_10,20,20,0.146623851397945,0.6820172778615305,0.31798272213846945,0.034100863893076525,False,,2020-07-31
2020-08-03,2020-07-31,monthly_vol_target_15,20,20,0.146623851397945,1.0000000000000002,-2.220446049250313e-16,0.05,False,,2020-07-31
2020-08-03,2020-07-31,monthly_vol_target_20,20,20,0.146623851397945,1.0000000000000002,-2.220446049250313e-16,0.05,False,,2020-07-31
2020-08-03,2020-07-31,monthly_risk_parity_cap_08_vol_15,20,20,0.1422534351728378,1.0000000000000002,-2.220446049250313e-16,0.07204522902470338,True,8.15000130507948e-08,2020-07-31
2020-09-01,2020-08-31,monthly_equal,20,20,0.1777469963050621,1.0000000000000002,-2.220446049250313e-16,0.05,False,,2020-08-31
2020-09-01,2020-08-31,monthly_risk_parity,20,20,0.16938362851802857,1.0,0.0,0.07094402670060217,True,1.1172095697870033e-07,2020-08-31
2020-09-01,2020-08-31,monthly_risk_parity_cap_08,20,20,0.16938364035183262,1.0000000000000002,-2.220446049250313e-16,0.07094387356912941,True,2.509520704296886e-07,2020-08-31
2020-09-01,2020-08-31,monthly_vol_target_10,20,20,0.1777469963050621,0.5625974113698826,0.4374025886301174,0.028129870568494128,False,,2020-08-31
2020-09-01,2020-08-31,monthly_vol_target_15,20,20,0.1777469963050621,0.8438961170548236,0.1561038829451764,0.042194805852741185,False,,2020-08-31
2020-09-01,2020-08-31,monthly_vol_target_20,20,20,0.1777469963050621,1.0000000000000002,-2.220446049250313e-16,0.05,False,,2020-08-31
2020-09-01,2020-08-31,monthly_risk_parity_cap_08_vol_15,20,20,0.16938364035183262,0.8855636806980285,0.11443631930197151,0.06282531780085382,True,2.509520704296886e-07,2020-08-31
2020-10-09,2020-09-30,monthly_equal,20,20,0.23389136246708908,1.0000000000000002,-2.220446049250313e-16,0.05,False,,2020-09-30
2020-10-09,2020-09-30,monthly_risk_parity,20,20,0.21630406324660414,1.0000000000000002,-2.220446049250313e-16,0.09909585726543636,True,4.396861333563762e-07,2020-09-30
2020-10-09,2020-09-30,monthly_risk_parity_cap_08,20,20,0.21843087666647656,1.0,0.0,0.08,True,0.010800318940818121,2020-09-30
2020-10-09,2020-09-30,monthly_vol_target_10,20,20,0.23389136246708908,0.4275489224792174,0.5724510775207826,0.02137744612396087,False,,2020-09-30
2020-10-09,2020-09-30,monthly_vol_target_15,20,20,0.23389136246708908,0.641323383718826,0.358676616281174,0.0320661691859413,False,,2020-09-30
2020-10-09,2020-09-30,monthly_vol_target_20,20,20,0.23389136246708908,0.8550978449584348,0.14490215504156523,0.04275489224792174,False,,2020-09-30
2020-10-09,2020-09-30,monthly_risk_parity_cap_08_vol_15,20,20,0.21843087666647656,0.6867161011720698,0.3132838988279302,0.05493728809376558,True,0.010800318940818121,2020-09-30
2020-11-02,2020-10-30,monthly_equal,20,20,0.16362540005153367,1.0000000000000002,-2.220446049250313e-16,0.05,False,,2020-10-30
2020-11-02,2020-10-30,monthly_risk_parity,20,20,0.1550737283036463,1.0,0.0,0.087468138577417,True,2.6131048793537337e-07,2020-10-30
2020-11-02,2020-10-30,monthly_risk_parity_cap_08,20,20,0.155578787292412,1.0,0.0,0.08,True,0.005005434198144393,2020-10-30
2020-11-02,2020-10-30,monthly_vol_target_10,20,20,0.16362540005153367,0.6111520581065353,0.3888479418934647,0.03055760290532677,False,,2020-10-30
2020-11-02,2020-10-30,monthly_vol_target_15,20,20,0.16362540005153367,0.9167280871598033,0.08327191284019675,0.045836404357990156,False,,2020-10-30
2020-11-02,2020-10-30,monthly_vol_target_20,20,20,0.16362540005153367,1.0000000000000002,-2.220446049250313e-16,0.05,False,,2020-10-30
2020-11-02,2020-10-30,monthly_risk_parity_cap_08_vol_15,20,20,0.155578787292412,0.9641417227277482,0.03585827727225177,0.07713133781821985,True,0.005005434198144393,2020-10-30
2020-12-01,2020-11-30,monthly_equal,20,20,0.14457031694855302,1.0000000000000002,-2.220446049250313e-16,0.05,False,,2020-11-30
2020-12-01,2020-11-30,monthly_risk_parity,20,20,0.13490093905284892,1.0,0.0,0.07132526236766804,True,2.066595231678403e-07,2020-11-30
2020-12-01,2020-11-30,monthly_risk_parity_cap_08,20,20,0.13490093408355608,1.0,0.0,0.07132526685855747,True,2.1445660597363414e-07,2020-11-30
2020-12-01,2020-11-30,monthly_vol_target_10,20,20,0.14457031694855302,0.6917049233252089,0.30829507667479106,0.03458524616626044,False,,2020-11-30
2020-12-01,2020-11-30,monthly_vol_target_15,20,20,0.14457031694855302,1.0000000000000002,-2.220446049250313e-16,0.05,False,,2020-11-30
2020-12-01,2020-11-30,monthly_vol_target_20,20,20,0.14457031694855302,1.0000000000000002,-2.220446049250313e-16,0.05,False,,2020-11-30
2020-12-01,2020-11-30,monthly_risk_parity_cap_08_vol_15,20,20,0.13490093408355608,1.0,0.0,0.07132526685855747,True,2.1445660597363414e-07,2020-11-30
2021-01-04,2020-12-31,monthly_equal,20,20,0.13621138301285723,1.0000000000000002,-2.220446049250313e-16,0.05,False,,2020-12-31
2021-01-04,2020-12-31,monthly_risk_parity,20,20,0.12555754264603883,1.0,0.0,0.09479238308633044,True,2.0046764719755528e-07,2020-12-31
2021-01-04,2020-12-31,monthly_risk_parity_cap_08,20,20,0.12669457389594269,1.0,0.0,0.08,True,0.009623024377250732,2020-12-31
2021-01-04,2020-12-31,monthly_vol_target_10,20,20,0.13621138301285723,0.7341530332348277,0.2658469667651723,0.036707651661741385,False,,2020-12-31
2021-01-04,2020-12-31,monthly_vol_target_15,20,20,0.13621138301285723,1.0000000000000002,-2.220446049250313e-16,0.05,False,,2020-12-31
2021-01-04,2020-12-31,monthly_vol_target_20,20,20,0.13621138301285723,1.0000000000000002,-2.220446049250313e-16,0.05,False,,2020-12-31
2021-01-04,2020-12-31,monthly_risk_parity_cap_08_vol_15,20,20,0.12669457389594269,1.0,0.0,0.08,True,0.009623024377250732,2020-12-31
2021-02-01,2021-01-29,monthly_equal,20,20,0.15214770165779679,1.0000000000000002,-2.220446049250313e-16,0.05,False,,2021-01-29
2021-02-01,2021-01-29,monthly_risk_parity,20,20,0.14144405833178134,1.0,0.0,0.08326401885400798,True,2.633798708712165e-07,2021-01-29
2021-02-01,2021-01-29,monthly_risk_parity_cap_08,20,20,0.14163581273448797,1.0,0.0,0.08,True,0.0021787723570553044,2021-01-29
2021-02-01,2021-01-29,monthly_vol_target_10,20,20,0.15214770165779679,0.6572560670348814,0.3427439329651186,0.03286280335174407,False,,2021-01-29
2021-02-01,2021-01-29,monthly_vol_target_15,20,20,0.15214770165779679,0.9858841005523218,0.014115899447678215,0.0492942050276161,False,,2021-01-29
2021-02-01,2021-01-29,monthly_vol_target_20,20,20,0.15214770165779679,1.0000000000000002,-2.220446049250313e-16,0.05,False,,2021-01-29
2021-02-01,2021-01-29,monthly_risk_parity_cap_08_vol_15,20,20,0.14163581273448797,1.0,0.0,0.08,True,0.0021787723570553044,2021-01-29
2021-03-01,2021-02-26,monthly_equal,20,20,0.1427193009543676,1.0000000000000002,-2.220446049250313e-16,0.05,False,,2021-02-26
2021-03-01,2021-02-26,monthly_risk_parity,20,20,0.13601290172177274,1.0,0.0,0.07863413743884369,True,1.500328219092295e-07,2021-02-26
2021-03-01,2021-02-26,monthly_risk_parity_cap_08,20,20,0.1360128764914531,1.0,0.0,0.0786343561656466,True,1.4614699976600587e-07,2021-02-26
2021-03-01,2021-02-26,monthly_vol_target_10,20,20,0.1427193009543676,0.7006760776664225,0.2993239223335775,0.03503380388332113,False,,2021-02-26
2021-03-01,2021-02-26,monthly_vol_target_15,20,20,0.1427193009543676,1.0000000000000002,-2.220446049250313e-16,0.05,False,,2021-02-26
2021-03-01,2021-02-26,monthly_vol_target_20,20,20,0.1427193009543676,1.0000000000000002,-2.220446049250313e-16,0.05,False,,2021-02-26
2021-03-01,2021-02-26,monthly_risk_parity_cap_08_vol_15,20,20,0.1360128764914531,1.0,0.0,0.0786343561656466,True,1.4614699976600587e-07,2021-02-26
2021-04-01,2021-03-31,monthly_equal,20,20,0.18853027163931782,1.0000000000000002,-2.220446049250313e-16,0.05,False,,2021-03-31
2021-04-01,2021-03-31,monthly_risk_parity,20,20,0.1719175884221762,1.0,0.0,0.0970297127802404,True,1.0249969593228991e-07,2021-03-31
2021-04-01,2021-03-31,monthly_risk_parity_cap_08,20,20,0.17426759960699764,0.9999999999999999,1.1102230246251565e-16,0.07999999999999999,True,0.010660076228764269,2021-03-31
2021-04-01,2021-03-31,monthly_vol_target_10,20,20,0.18853027163931782,0.5304187976311445,0.4695812023688555,0.026520939881557223,False,,2021-03-31
2021-04-01,2021-03-31,monthly_vol_target_15,20,20,0.18853027163931782,0.7956281964467165,0.20437180355328355,0.03978140982233583,False,,2021-03-31
2021-04-01,2021-03-31,monthly_vol_target_20,20,20,0.18853027163931782,1.0000000000000002,-2.220446049250313e-16,0.05,False,,2021-03-31
2021-04-01,2021-03-31,monthly_risk_parity_cap_08_vol_15,20,20,0.17426759960699764,0.8607452007044044,0.1392547992955956,0.06885961605635235,True,0.010660076228764269,2021-03-31
2021-05-06,2021-04-30,monthly_equal,20,20,0.16878243492472564,1.0000000000000002,-2.220446049250313e-16,0.05,False,,2021-04-30
2021-05-06,2021-04-30,monthly_risk_parity,20,20,0.16268414092641745,1.0,0.0,0.06652419332265144,True,1.4554931880572664e-07,2021-04-30
2021-05-06,2021-04-30,monthly_risk_parity_cap_08,20,20,0.1626841481893425,0.9999999999999998,2.220446049250313e-16,0.06652414899622955,True,1.6794415631793402e-07,2021-04-30
2021-05-06,2021-04-30,monthly_vol_target_10,20,20,0.16878243492472564,0.5924787140593063,0.4075212859406937,0.029623935702965322,False,,2021-04-30
2021-05-06,2021-04-30,monthly_vol_target_15,20,20,0.16878243492472564,0.8887180710889594,0.1112819289110406,0.04443590355444798,False,,2021-04-30
2021-05-06,2021-04-30,monthly_vol_target_20,20,20,0.16878243492472564,1.0000000000000002,-2.220446049250313e-16,0.05,False,,2021-04-30
2021-05-06,2021-04-30,monthly_risk_parity_cap_08_vol_15,20,20,0.1626841481893425,0.9220320582520438,0.07796794174795618,0.06133739802245918,True,1.6794415631793402e-07,2021-04-30
2021-06-01,2021-05-31,monthly_equal,20,20,0.09643461561728482,1.0000000000000002,-2.220446049250313e-16,0.05,False,,2021-05-31
2021-06-01,2021-05-31,monthly_risk_parity,20,20,0.0888741442905699,1.0,0.0,0.09052230457457833,True,1.4011912660705228e-07,2021-05-31
2021-06-01,2021-05-31,monthly_risk_parity_cap_08,20,20,0.08959409757600022,1.0,0.0,0.08,True,0.009691192843636676,2021-05-31
2021-06-01,2021-05-31,monthly_vol_target_10,20,20,0.09643461561728482,1.0000000000000002,-2.220446049250313e-16,0.05,False,,2021-05-31
2021-06-01,2021-05-31,monthly_vol_target_15,20,20,0.09643461561728482,1.0000000000000002,-2.220446049250313e-16,0.05,False,,2021-05-31
2021-06-01,2021-05-31,monthly_vol_target_20,20,20,0.09643461561728482,1.0000000000000002,-2.220446049250313e-16,0.05,False,,2021-05-31
2021-06-01,2021-05-31,monthly_risk_parity_cap_08_vol_15,20,20,0.08959409757600022,1.0,0.0,0.08,True,0.009691192843636676,2021-05-31
2021-07-01,2021-06-30,monthly_equal,20,20,0.10202411521670236,1.0000000000000002,-2.220446049250313e-16,0.05,False,,2021-06-30
2021-07-01,2021-06-30,monthly_risk_parity,20,20,0.09081611133848641,1.0,0.0,0.08909445482803426,True,2.6029122561499474e-07,2021-06-30
2021-07-01,2021-06-30,monthly_risk_parity_cap_08,20,20,0.09114334998750291,0.9999999999999999,1.1102230246251565e-16,0.07999999999999999,True,0.008182788294408633,2021-06-30
2021-07-01,2021-06-30,monthly_vol_target_10,20,20,0.10202411521670236,0.9801604237154808,0.019839576284519156,0.049008021185774034,False,,2021-06-30
2021-07-01,2021-06-30,monthly_vol_target_15,20,20,0.10202411521670236,1.0000000000000002,-2.220446049250313e-16,0.05,False,,2021-06-30
2021-07-01,2021-06-30,monthly_vol_target_20,20,20,0.10202411521670236,1.0000000000000002,-2.220446049250313e-16,0.05,False,,2021-06-30
2021-07-01,2021-06-30,monthly_risk_parity_cap_08_vol_15,20,20,0.09114334998750291,0.9999999999999999,1.1102230246251565e-16,0.07999999999999999,True,0.008182788294408633,2021-06-30
2021-08-02,2021-07-30,monthly_equal,20,20,0.10674215425946325,1.0000000000000002,-2.220446049250313e-16,0.05,False,,2021-07-30
2021-08-02,2021-07-30,monthly_risk_parity,20,20,0.0994980140984749,0.9999999999999997,3.3306690738754696e-16,0.06885772535772221,True,1.9487978304005837e-07,2021-07-30
2021-08-02,2021-07-30,monthly_risk_parity_cap_08,20,20,0.0994980140984749,0.9999999999999997,3.3306690738754696e-16,0.06885772535772221,True,1.9487978304005837e-07,2021-07-30
2021-08-02,2021-07-30,monthly_vol_target_10,20,20,0.10674215425946325,0.9368370040286543,0.06316299597134567,0.046841850201432715,False,,2021-07-30
2021-08-02,2021-07-30,monthly_vol_target_15,20,20,0.10674215425946325,1.0000000000000002,-2.220446049250313e-16,0.05,False,,2021-07-30
2021-08-02,2021-07-30,monthly_vol_target_20,20,20,0.10674215425946325,1.0000000000000002,-2.220446049250313e-16,0.05,False,,2021-07-30
2021-08-02,2021-07-30,monthly_risk_parity_cap_08_vol_15,20,20,0.0994980140984749,0.9999999999999997,3.3306690738754696e-16,0.06885772535772221,True,1.9487978304005837e-07,2021-07-30
2021-09-01,2021-08-31,monthly_equal,20,20,0.1301576591562806,1.0000000000000002,-2.220446049250313e-16,0.05,False,,2021-08-31
2021-09-01,2021-08-31,monthly_risk_parity,20,20,0.11168967063437393,1.0,0.0,0.12373288575425184,True,1.2446419113409934e-07,2021-08-31
2021-09-01,2021-08-31,monthly_risk_parity_cap_08,20,20,0.11509501010285235,0.9999999999999999,1.1102230246251565e-16,0.08000000000001088,True,0.024620641045864047,2021-08-31
2021-09-01,2021-08-31,monthly_vol_target_10,20,20,0.1301576591562806,0.7682990048240631,0.2317009951759369,0.038414950241203165,False,,2021-08-31
2021-09-01,2021-08-31,monthly_vol_target_15,20,20,0.1301576591562806,1.0000000000000002,-2.220446049250313e-16,0.05,False,,2021-08-31
2021-09-01,2021-08-31,monthly_vol_target_20,20,20,0.1301576591562806,1.0000000000000002,-2.220446049250313e-16,0.05,False,,2021-08-31
2021-09-01,2021-08-31,monthly_risk_parity_cap_08_vol_15,20,20,0.11509501010285235,0.9999999999999999,1.1102230246251565e-16,0.08000000000001088,True,0.024620641045864047,2021-08-31
2021-10-08,2021-09-30,monthly_equal,20,20,0.16870654440937688,1.0000000000000002,-2.220446049250313e-16,0.05,False,,2021-09-30
2021-10-08,2021-09-30,monthly_risk_parity,20,20,0.15410442537047558,1.0,0.0,0.07797508254248221,True,7.976667090042744e-08,2021-09-30
2021-10-08,2021-09-30,monthly_risk_parity_cap_08,20,20,0.15410441022875968,1.0000000000000002,-2.220446049250313e-16,0.07797507509772264,True,9.220288612471483e-08,2021-09-30
2021-10-08,2021-09-30,monthly_vol_target_10,20,20,0.16870654440937688,0.5927452331507889,0.40725476684921114,0.029637261657539445,False,,2021-09-30
2021-10-08,2021-09-30,monthly_vol_target_15,20,20,0.16870654440937688,0.8891178497261834,0.11088215027381665,0.044455892486309156,False,,2021-09-30
2021-10-08,2021-09-30,monthly_vol_target_20,20,20,0.16870654440937688,1.0000000000000002,-2.220446049250313e-16,0.05,False,,2021-09-30
2021-10-08,2021-09-30,monthly_risk_parity_cap_08_vol_15,20,20,0.15410441022875968,0.9733660430440187,0.026633956955981253,0.07589829030393049,True,9.220288612471483e-08,2021-09-30
2021-11-01,2021-10-29,monthly_equal,20,20,0.16213957864457593,1.0000000000000002,-2.220446049250313e-16,0.05,False,,2021-10-29
2021-11-01,2021-10-29,monthly_risk_parity,20,20,0.15411943911954246,1.0,0.0,0.07877621770823338,True,6.727290573216305e-08,2021-10-29
2021-11-01,2021-10-29,monthly_risk_parity_cap_08,20,20,0.15411942071840096,1.0,0.0,0.07877630983158718,True,2.6653133280291064e-07,2021-10-29
2021-11-01,2021-10-29,monthly_vol_target_10,20,20,0.16213957864457593,0.6167525587272475,0.38324744127275245,0.030837627936362383,False,,2021-10-29
2021-11-01,2021-10-29,monthly_vol_target_15,20,20,0.16213957864457593,0.9251288380908715,0.07487116190912846,0.046256441904543574,False,,2021-10-29
2021-11-01,2021-10-29,monthly_vol_target_20,20,20,0.16213957864457593,1.0000000000000002,-2.220446049250313e-16,0.05,False,,2021-10-29
2021-11-01,2021-10-29,monthly_risk_parity_cap_08_vol_15,20,20,0.15411942071840096,0.9732712418772469,0.026728758122753105,0.07667071690029563,True,2.6653133280291064e-07,2021-10-29
2021-12-01,2021-11-30,monthly_equal,20,20,0.14441156627927174,1.0000000000000002,-2.220446049250313e-16,0.05,False,,2021-11-30
2021-12-01,2021-11-30,monthly_risk_parity,20,20,0.13893887654068152,1.0,0.0,0.06853007444509572,True,1.2282992447459895e-07,2021-11-30
2021-12-01,2021-11-30,monthly_risk_parity_cap_08,20,20,0.13893887654068152,1.0,0.0,0.06853007444509572,True,1.2282992447459895e-07,2021-11-30
2021-12-01,2021-11-30,monthly_vol_target_10,20,20,0.14441156627927174,0.692465309922711,0.30753469007728895,0.03462326549613554,False,,2021-11-30
2021-12-01,2021-11-30,monthly_vol_target_15,20,20,0.14441156627927174,1.0000000000000002,-2.220446049250313e-16,0.05,False,,2021-11-30
2021-12-01,2021-11-30,monthly_vol_target_20,20,20,0.14441156627927174,1.0000000000000002,-2.220446049250313e-16,0.05,False,,2021-11-30
2021-12-01,2021-11-30,monthly_risk_parity_cap_08_vol_15,20,20,0.13893887654068152,1.0,0.0,0.06853007444509572,True,1.2282992447459895e-07,2021-11-30
2022-01-04,2021-12-31,monthly_equal,20,20,0.0989976882974923,1.0000000000000002,-2.220446049250313e-16,0.05,False,,2021-12-31
2022-01-04,2021-12-31,monthly_risk_parity,20,20,0.08741351136970213,1.0,0.0,0.09439127109443883,True,1.0727558594214592e-07,2021-12-31
2022-01-04,2021-12-31,monthly_risk_parity_cap_08,20,20,0.08794797756388606,1.0,0.0,0.08,True,0.011399290136566938,2021-12-31
2022-01-04,2021-12-31,monthly_vol_target_10,20,20,0.0989976882974923,1.0000000000000002,-2.220446049250313e-16,0.05,False,,2021-12-31
2022-01-04,2021-12-31,monthly_vol_target_15,20,20,0.0989976882974923,1.0000000000000002,-2.220446049250313e-16,0.05,False,,2021-12-31
2022-01-04,2021-12-31,monthly_vol_target_20,20,20,0.0989976882974923,1.0000000000000002,-2.220446049250313e-16,0.05,False,,2021-12-31
2022-01-04,2021-12-31,monthly_risk_parity_cap_08_vol_15,20,20,0.08794797756388606,1.0,0.0,0.08,True,0.011399290136566938,2021-12-31
2022-02-07,2022-01-28,monthly_equal,20,20,0.184690643398983,1.0000000000000002,-2.220446049250313e-16,0.05,False,,2022-01-28
2022-02-07,2022-01-28,monthly_risk_parity,20,20,0.16990723478973987,1.0,0.0,0.08792454812965288,True,1.284789209465842e-07,2022-01-28
2022-02-07,2022-01-28,monthly_risk_parity_cap_08,20,20,0.17109070276883612,0.9999999999999999,1.1102230246251565e-16,0.07999999999999999,True,0.006755275244341816,2022-01-28
2022-02-07,2022-01-28,monthly_vol_target_10,20,20,0.184690643398983,0.5414459452825245,0.45855405471747546,0.02707229726412623,False,,2022-01-28
2022-02-07,2022-01-28,monthly_vol_target_15,20,20,0.184690643398983,0.8121689179237865,0.18783108207621346,0.04060844589618934,False,,2022-01-28
2022-02-07,2022-01-28,monthly_vol_target_20,20,20,0.184690643398983,1.0000000000000002,-2.220446049250313e-16,0.05,False,,2022-01-28
2022-02-07,2022-01-28,monthly_risk_parity_cap_08_vol_15,20,20,0.17109070276883612,0.8767279435555759,0.12327205644442407,0.07013823548444607,True,0.006755275244341816,2022-01-28
2022-03-01,2022-02-28,monthly_equal,20,20,0.18342792350196646,1.0000000000000002,-2.220446049250313e-16,0.05,False,,2022-02-28
2022-03-01,2022-02-28,monthly_risk_parity,20,20,0.172660462385804,1.0,0.0,0.08647137969105947,True,1.2387904142069361e-07,2022-02-28
2022-03-01,2022-02-28,monthly_risk_parity_cap_08,20,20,0.17327331883548966,0.9999999999999998,2.220446049250313e-16,0.07999999999999999,True,0.004625044286928108,2022-02-28
2022-03-01,2022-02-28,monthly_vol_target_10,20,20,0.18342792350196646,0.5451732652849224,0.4548267347150776,0.02725866326424612,False,,2022-02-28
2022-03-01,2022-02-28,monthly_vol_target_15,20,20,0.18342792350196646,0.8177598979273836,0.18224010207261643,0.04088799489636918,False,,2022-02-28
2022-03-01,2022-02-28,monthly_vol_target_20,20,20,0.18342792350196646,1.0000000000000002,-2.220446049250313e-16,0.05,False,,2022-02-28
2022-03-01,2022-02-28,monthly_risk_parity_cap_08_vol_15,20,20,0.17327331883548966,0.8656843477582028,0.1343156522417972,0.06925474782065623,True,0.004625044286928108,2022-02-28
2022-04-01,2022-03-31,monthly_equal,20,20,0.20267029262059438,1.0000000000000002,-2.220446049250313e-16,0.05,False,,2022-03-31
2022-04-01,2022-03-31,monthly_risk_parity,20,20,0.19427398948497973,1.0,0.0,0.07107987689147872,True,1.0185566366727183e-07,2022-03-31
2022-04-01,2022-03-31,monthly_risk_parity_cap_08,20,20,0.19427398948497973,1.0,0.0,0.07107987689147872,True,1.0185566366727183e-07,2022-03-31
2022-04-01,2022-03-31,monthly_vol_target_10,20,20,0.20267029262059438,0.493412224884894,0.506587775115106,0.024670611244244703,False,,2022-03-31
2022-04-01,2022-03-31,monthly_vol_target_15,20,20,0.20267029262059438,0.7401183373273409,0.2598816626726591,0.037005916866367054,False,,2022-03-31
2022-04-01,2022-03-31,monthly_vol_target_20,20,20,0.20267029262059438,0.986824449769788,0.013175550230211996,0.049341222488489406,False,,2022-03-31
2022-04-01,2022-03-31,monthly_risk_parity_cap_08_vol_15,20,20,0.19427398948497973,0.7721054187318125,0.2278945812681875,0.05488115811070086,True,1.0185566366727183e-07,2022-03-31
2022-05-05,2022-04-29,monthly_equal,20,20,0.28426632651719747,1.0000000000000002,-2.220446049250313e-16,0.05,False,,2022-04-29
2022-05-05,2022-04-29,monthly_risk_parity,20,20,0.28008389795655597,1.0,0.0,0.06631352833542561,True,2.3370437040454162e-07,2022-04-29
2022-05-05,2022-04-29,monthly_risk_parity_cap_08,20,20,0.28008389795655597,1.0,0.0,0.06631352833542561,True,2.3370437040454162e-07,2022-04-29
2022-05-05,2022-04-29,monthly_vol_target_10,20,20,0.28426632651719747,0.3517827849157864,0.6482172150842136,0.017589139245789323,False,,2022-04-29
2022-05-05,2022-04-29,monthly_vol_target_15,20,20,0.28426632651719747,0.5276741773736797,0.4723258226263203,0.026383708868683988,False,,2022-04-29
2022-05-05,2022-04-29,monthly_vol_target_20,20,20,0.28426632651719747,0.7035655698315728,0.2964344301684272,0.035178278491578646,False,,2022-04-29
2022-05-05,2022-04-29,monthly_risk_parity_cap_08_vol_15,20,20,0.28008389795655597,0.5355538147475605,0.4644461852524395,0.03551446306940763,True,2.3370437040454162e-07,2022-04-29
2022-06-01,2022-05-31,monthly_equal,20,20,0.25280706139288894,1.0000000000000002,-2.220446049250313e-16,0.05,False,,2022-05-31
2022-06-01,2022-05-31,monthly_risk_parity,20,20,0.24279695769777787,1.0,0.0,0.07675595220553726,True,8.259648260483532e-08,2022-05-31
2022-06-01,2022-05-31,monthly_risk_parity_cap_08,20,20,0.24279695530976816,1.0,0.0,0.0767559744381081,True,8.688044745436274e-08,2022-05-31
2022-06-01,2022-05-31,monthly_vol_target_10,20,20,0.25280706139288894,0.3955585712243592,0.6044414287756408,0.01977792856121796,False,,2022-05-31
2022-06-01,2022-05-31,monthly_vol_target_15,20,20,0.25280706139288894,0.5933378568365386,0.4066621431634614,0.02966689284182694,False,,2022-05-31
2022-06-01,2022-05-31,monthly_vol_target_20,20,20,0.25280706139288894,0.7911171424487184,0.20888285755128155,0.03955585712243592,False,,2022-05-31
2022-06-01,2022-05-31,monthly_risk_parity_cap_08_vol_15,20,20,0.24279695530976816,0.6178001689050227,0.38219983109497735,0.047419853972332775,True,8.688044745436274e-08,2022-05-31
2022-07-01,2022-06-30,monthly_equal,20,20,0.23279644011689782,1.0000000000000002,-2.220446049250313e-16,0.05,False,,2022-06-30
2022-07-01,2022-06-30,monthly_risk_parity,20,20,0.21150236893410218,1.0,0.0,0.11891891153368277,True,2.3535735207969033e-07,2022-06-30
2022-07-01,2022-06-30,monthly_risk_parity_cap_08,20,20,0.21712812833506168,1.0,0.0,0.08000000000000002,True,0.030237858812140826,2022-06-30
2022-07-01,2022-06-30,monthly_vol_target_10,20,20,0.23279644011689782,0.42955983325941505,0.570440166740585,0.02147799166297075,False,,2022-06-30
2022-07-01,2022-06-30,monthly_vol_target_15,20,20,0.23279644011689782,0.6443397498891223,0.35566025011087765,0.03221698749445612,False,,2022-06-30
2022-07-01,2022-06-30,monthly_vol_target_20,20,20,0.23279644011689782,0.8591196665188301,0.1408803334811699,0.0429559833259415,False,,2022-06-30
2022-07-01,2022-06-30,monthly_risk_parity_cap_08_vol_15,20,20,0.21712812833506168,0.6908363331374884,0.3091636668625116,0.05526690665099908,True,0.030237858812140826,2022-06-30
2022-08-01,2022-07-29,monthly_equal,20,20,0.14583107140929713,1.0000000000000002,-2.220446049250313e-16,0.05,False,,2022-07-29
2022-08-01,2022-07-29,monthly_risk_parity,20,20,0.14209433034400998,1.0,0.0,0.07141929237473987,True,9.298523994533126e-08,2022-07-29
2022-08-01,2022-07-29,monthly_risk_parity_cap_08,20,20,0.14209433004991584,0.9999999999999999,1.1102230246251565e-16,0.07141929061241344,True,9.418800453464549e-08,2022-07-29
2022-08-01,2022-07-29,monthly_vol_target_10,20,20,0.14583107140929713,0.6857249215383927,0.3142750784616073,0.03428624607691963,False,,2022-07-29
2022-08-01,2022-07-29,monthly_vol_target_15,20,20,0.14583107140929713,1.0000000000000002,-2.220446049250313e-16,0.05,False,,2022-07-29
2022-08-01,2022-07-29,monthly_vol_target_20,20,20,0.14583107140929713,1.0000000000000002,-2.220446049250313e-16,0.05,False,,2022-07-29
2022-08-01,2022-07-29,monthly_risk_parity_cap_08_vol_15,20,20,0.14209433004991584,0.9999999999999999,1.1102230246251565e-16,0.07141929061241344,True,9.418800453464549e-08,2022-07-29
2022-09-01,2022-08-31,monthly_equal,20,20,0.17319369775498197,1.0000000000000002,-2.220446049250313e-16,0.05,False,,2022-08-31
2022-09-01,2022-08-31,monthly_risk_parity,20,20,0.16723621394728458,1.0,0.0,0.06910296735133187,True,1.140980591882168e-07,2022-08-31
2022-09-01,2022-08-31,monthly_risk_parity_cap_08,20,20,0.16723621394728458,1.0,0.0,0.06910296735133187,True,1.140980591882168e-07,2022-08-31
2022-09-01,2022-08-31,monthly_vol_target_10,20,20,0.17319369775498197,0.577388215023104,0.422611784976896,0.028869410751155195,False,,2022-08-31
2022-09-01,2022-08-31,monthly_vol_target_15,20,20,0.17319369775498197,0.8660823225346559,0.1339176774653441,0.043304116126732795,False,,2022-08-31
2022-09-01,2022-08-31,monthly_vol_target_20,20,20,0.17319369775498197,1.0000000000000002,-2.220446049250313e-16,0.05,False,,2022-08-31
2022-09-01,2022-08-31,monthly_risk_parity_cap_08_vol_15,20,20,0.16723621394728458,0.8969349189361719,0.10306508106382806,0.06198086441951579,True,1.140980591882168e-07,2022-08-31
2022-10-10,2022-09-30,monthly_equal,20,20,0.1914032554719116,1.0000000000000002,-2.220446049250313e-16,0.05,False,,2022-09-30
2022-10-10,2022-09-30,monthly_risk_parity,20,20,0.18371684576922542,1.0,0.0,0.08219050057937033,True,1.3412622496683513e-07,2022-09-30
2022-10-10,2022-09-30,monthly_risk_parity_cap_08,20,20,0.18387035332396712,1.0,0.0,0.08,True,0.0015409961197374936,2022-09-30
2022-10-10,2022-09-30,monthly_vol_target_10,20,20,0.1914032554719116,0.5224571533720597,0.47754284662794033,0.026122857668602978,False,,2022-09-30
2022-10-10,2022-09-30,monthly_vol_target_15,20,20,0.1914032554719116,0.7836857300580895,0.2163142699419105,0.03918428650290447,False,,2022-09-30
2022-10-10,2022-09-30,monthly_vol_target_20,20,20,0.1914032554719116,1.0000000000000002,-2.220446049250313e-16,0.05,False,,2022-09-30
2022-10-10,2022-09-30,monthly_risk_parity_cap_08_vol_15,20,20,0.18387035332396712,0.8157921997120992,0.18420780028790085,0.06526337597696792,True,0.0015409961197374936,2022-09-30
2022-11-01,2022-10-31,monthly_equal,20,20,0.17651051493641642,1.0000000000000002,-2.220446049250313e-16,0.05,False,,2022-10-31
2022-11-01,2022-10-31,monthly_risk_parity,20,20,0.1669619735377333,1.0,0.0,0.09803357157992099,True,8.804754848129592e-08,2022-10-31
2022-11-01,2022-10-31,monthly_risk_parity_cap_08,20,20,0.1685671712688711,1.0,0.0,0.08,True,0.010571948221944572,2022-10-31
2022-11-01,2022-10-31,monthly_vol_target_10,20,20,0.17651051493641642,0.5665384865939719,0.4334615134060281,0.02832692432969859,False,,2022-10-31
2022-11-01,2022-10-31,monthly_vol_target_15,20,20,0.17651051493641642,0.8498077298909574,0.15019227010904257,0.04249038649454788,False,,2022-10-31
2022-11-01,2022-10-31,monthly_vol_target_20,20,20,0.17651051493641642,1.0000000000000002,-2.220446049250313e-16,0.05,False,,2022-10-31
2022-11-01,2022-10-31,monthly_risk_parity_cap_08_vol_15,20,20,0.1685671712688711,0.8898529818759563,0.1101470181240437,0.07118823855007651,True,0.010571948221944572,2022-10-31
2022-12-01,2022-11-30,monthly_equal,20,20,0.19361012590766602,1.0000000000000002,-2.220446049250313e-16,0.05,False,,2022-11-30
2022-12-01,2022-11-30,monthly_risk_parity,20,20,0.18549673876191575,1.0,0.0,0.07656154565292334,True,1.791810231646651e-07,2022-11-30
2022-12-01,2022-11-30,monthly_risk_parity_cap_08,20,20,0.1854967393697355,0.9999999999999999,1.1102230246251565e-16,0.07656154387461833,True,1.8602515373944417e-07,2022-11-30
2022-12-01,2022-11-30,monthly_vol_target_10,20,20,0.19361012590766602,0.5165019108953561,0.48349808910464387,0.025825095544767807,False,,2022-11-30
2022-12-01,2022-11-30,monthly_vol_target_15,20,20,0.19361012590766602,0.7747528663430341,0.22524713365696591,0.03873764331715171,False,,2022-11-30
2022-12-01,2022-11-30,monthly_vol_target_20,20,20,0.19361012590766602,1.0000000000000002,-2.220446049250313e-16,0.05,False,,2022-11-30
2022-12-01,2022-11-30,monthly_risk_parity_cap_08_vol_15,20,20,0.1854967393697355,0.808639550806428,0.19136044919357198,0.06191069244781801,True,1.8602515373944417e-07,2022-11-30
2023-01-03,2022-12-30,monthly_equal,20,20,0.15791507288561915,1.0000000000000002,-2.220446049250313e-16,0.05,False,,2022-12-30
2023-01-03,2022-12-30,monthly_risk_parity,20,20,0.15324967602998105,1.0,0.0,0.0682183267472915,True,1.251104601932007e-07,2022-12-30
2023-01-03,2022-12-30,monthly_risk_parity_cap_08,20,20,0.15324967773326528,0.9999999999999999,1.1102230246251565e-16,0.06821853740522855,True,1.6424092534605972e-07,2022-12-30
2023-01-03,2022-12-30,monthly_vol_target_10,20,20,0.15791507288561915,0.633251773707706,0.366748226292294,0.0316625886853853,False,,2022-12-30
2023-01-03,2022-12-30,monthly_vol_target_15,20,20,0.15791507288561915,0.9498776605615592,0.0501223394384408,0.04749388302807795,False,,2022-12-30
2023-01-03,2022-12-30,monthly_vol_target_20,20,20,0.15791507288561915,1.0000000000000002,-2.220446049250313e-16,0.05,False,,2022-12-30
2023-01-03,2022-12-30,monthly_risk_parity_cap_08_vol_15,20,20,0.15324967773326528,0.9787948804765421,0.021205119523457938,0.0667719551658352,True,1.6424092534605972e-07,2022-12-30
2023-02-01,2023-01-31,monthly_equal,20,20,0.11104707988629015,1.0000000000000002,-2.220446049250313e-16,0.05,False,,2023-01-31
2023-02-01,2023-01-31,monthly_risk_parity,20,20,0.10590257552419927,1.0000000000000002,-2.220446049250313e-16,0.07191319944124752,True,8.59553806673019e-08,2023-01-31
2023-02-01,2023-01-31,monthly_risk_parity_cap_08,20,20,0.10590257552419927,1.0000000000000002,-2.220446049250313e-16,0.07191319944124752,True,8.59553806673019e-08,2023-01-31
2023-02-01,2023-01-31,monthly_vol_target_10,20,20,0.11104707988629015,0.9005189519832297,0.09948104801677027,0.045025947599161495,False,,2023-01-31
2023-02-01,2023-01-31,monthly_vol_target_15,20,20,0.11104707988629015,1.0000000000000002,-2.220446049250313e-16,0.05,False,,2023-01-31
2023-02-01,2023-01-31,monthly_vol_target_20,20,20,0.11104707988629015,1.0000000000000002,-2.220446049250313e-16,0.05,False,,2023-01-31
2023-02-01,2023-01-31,monthly_risk_parity_cap_08_vol_15,20,20,0.10590257552419927,1.0000000000000002,-2.220446049250313e-16,0.07191319944124752,True,8.59553806673019e-08,2023-01-31
2023-03-01,2023-02-28,monthly_equal,20,20,0.12079330152890735,1.0000000000000002,-2.220446049250313e-16,0.05,False,,2023-02-28
2023-03-01,2023-02-28,monthly_risk_parity,20,20,0.11351551476769658,1.0,0.0,0.09098439438226069,True,9.375429850522199e-08,2023-02-28
2023-03-01,2023-02-28,monthly_risk_parity_cap_08,20,20,0.11409024525559301,1.0,0.0,0.08000000000000036,True,0.008591036435309854,2023-02-28
2023-03-01,2023-02-28,monthly_vol_target_10,20,20,0.12079330152890735,0.8278604751611062,0.17213952483889383,0.04139302375805531,False,,2023-02-28
2023-03-01,2023-02-28,monthly_vol_target_15,20,20,0.12079330152890735,1.0000000000000002,-2.220446049250313e-16,0.05,False,,2023-02-28
2023-03-01,2023-02-28,monthly_vol_target_20,20,20,0.12079330152890735,1.0000000000000002,-2.220446049250313e-16,0.05,False,,2023-02-28
2023-03-01,2023-02-28,monthly_risk_parity_cap_08_vol_15,20,20,0.11409024525559301,1.0,0.0,0.08000000000000036,True,0.008591036435309854,2023-02-28
2023-04-03,2023-03-31,monthly_equal,20,20,0.13220365982217067,1.0000000000000002,-2.220446049250313e-16,0.05,False,,2023-03-31
2023-04-03,2023-03-31,monthly_risk_parity,20,20,0.12838743577936873,1.0,0.0,0.06859462628724865,True,1.4267802874584623e-07,2023-03-31
2023-04-03,2023-03-31,monthly_risk_parity_cap_08,20,20,0.12838743577936873,1.0,0.0,0.06859462628724865,True,1.4267802874584623e-07,2023-03-31
2023-04-03,2023-03-31,monthly_vol_target_10,20,20,0.13220365982217067,0.7564087116386315,0.24359128836136845,0.03782043558193157,False,,2023-03-31
2023-04-03,2023-03-31,monthly_vol_target_15,20,20,0.13220365982217067,1.0000000000000002,-2.220446049250313e-16,0.05,False,,2023-03-31
2023-04-03,2023-03-31,monthly_vol_target_20,20,20,0.13220365982217067,1.0000000000000002,-2.220446049250313e-16,0.05,False,,2023-03-31
2023-04-03,2023-03-31,monthly_risk_parity_cap_08_vol_15,20,20,0.12838743577936873,1.0,0.0,0.06859462628724865,True,1.4267802874584623e-07,2023-03-31
2023-05-04,2023-04-28,monthly_equal,20,20,0.12976831505289033,1.0000000000000002,-2.220446049250313e-16,0.05,False,,2023-04-28
2023-05-04,2023-04-28,monthly_risk_parity,20,20,0.1207205144292772,1.0,0.0,0.09019195358604609,True,1.4796392674293335e-07,2023-04-28
2023-05-04,2023-04-28,monthly_risk_parity_cap_08,20,20,0.12132770640788239,1.0,0.0,0.08,True,0.007534878989479646,2023-04-28
2023-05-04,2023-04-28,monthly_vol_target_10,20,20,0.12976831505289033,0.7706041336765644,0.22939586632343556,0.03853020668382822,False,,2023-04-28
2023-05-04,2023-04-28,monthly_vol_target_15,20,20,0.12976831505289033,1.0000000000000002,-2.220446049250313e-16,0.05,False,,2023-04-28
2023-05-04,2023-04-28,monthly_vol_target_20,20,20,0.12976831505289033,1.0000000000000002,-2.220446049250313e-16,0.05,False,,2023-04-28
2023-05-04,2023-04-28,monthly_risk_parity_cap_08_vol_15,20,20,0.12132770640788239,1.0,0.0,0.08,True,0.007534878989479646,2023-04-28
2023-06-01,2023-05-31,monthly_equal,20,20,0.1410815685614938,1.0000000000000002,-2.220446049250313e-16,0.05,False,,2023-05-31
2023-06-01,2023-05-31,monthly_risk_parity,20,20,0.13553248360970127,1.0,0.0,0.07340645817938138,True,2.1157995701293064e-07,2023-05-31
2023-06-01,2023-05-31,monthly_risk_parity_cap_08,20,20,0.13553247248027683,1.0,0.0,0.0734065451413308,True,2.5545070207744214e-07,2023-05-31
2023-06-01,2023-05-31,monthly_vol_target_10,20,20,0.1410815685614938,0.7088098113710201,0.29119018862897994,0.035440490568550996,False,,2023-05-31
2023-06-01,2023-05-31,monthly_vol_target_15,20,20,0.1410815685614938,1.0000000000000002,-2.220446049250313e-16,0.05,False,,2023-05-31
2023-06-01,2023-05-31,monthly_vol_target_20,20,20,0.1410815685614938,1.0000000000000002,-2.220446049250313e-16,0.05,False,,2023-05-31
2023-06-01,2023-05-31,monthly_risk_parity_cap_08_vol_15,20,20,0.13553247248027683,1.0,0.0,0.0734065451413308,True,2.5545070207744214e-07,2023-05-31
2023-07-03,2023-06-30,monthly_equal,20,20,0.10947127547500961,1.0000000000000002,-2.220446049250313e-16,0.05,False,,2023-06-30
2023-07-03,2023-06-30,monthly_risk_parity,20,20,0.10204053492578083,1.0,0.0,0.06720789732316429,True,3.554709930575495e-07,2023-06-30
2023-07-03,2023-06-30,monthly_risk_parity_cap_08,20,20,0.10204053492578076,1.0,0.0,0.0672078973231658,True,3.554709946534951e-07,2023-06-30
2023-07-03,2023-06-30,monthly_vol_target_10,20,20,0.10947127547500961,0.9134816376815511,0.0865183623184489,0.045674081884077566,False,,2023-06-30
2023-07-03,2023-06-30,monthly_vol_target_15,20,20,0.10947127547500961,1.0000000000000002,-2.220446049250313e-16,0.05,False,,2023-06-30
2023-07-03,2023-06-30,monthly_vol_target_20,20,20,0.10947127547500961,1.0000000000000002,-2.220446049250313e-16,0.05,False,,2023-06-30
2023-07-03,2023-06-30,monthly_risk_parity_cap_08_vol_15,20,20,0.10204053492578076,1.0,0.0,0.0672078973231658,True,3.554709946534951e-07,2023-06-30
2023-08-01,2023-07-31,monthly_equal,20,20,0.0991754156368031,1.0000000000000002,-2.220446049250313e-16,0.05,False,,2023-07-31
2023-08-01,2023-07-31,monthly_risk_parity,20,20,0.08658585000018103,0.9999999999999999,1.1102230246251565e-16,0.09242060792690389,True,2.002018999885946e-07,2023-07-31
2023-08-01,2023-07-31,monthly_risk_parity_cap_08,20,20,0.08751964920948556,1.0,0.0,0.08,True,0.01662398688558997,2023-07-31
2023-08-01,2023-07-31,monthly_vol_target_10,20,20,0.0991754156368031,1.0000000000000002,-2.220446049250313e-16,0.05,False,,2023-07-31
2023-08-01,2023-07-31,monthly_vol_target_15,20,20,0.0991754156368031,1.0000000000000002,-2.220446049250313e-16,0.05,False,,2023-07-31
2023-08-01,2023-07-31,monthly_vol_target_20,20,20,0.0991754156368031,1.0000000000000002,-2.220446049250313e-16,0.05,False,,2023-07-31
2023-08-01,2023-07-31,monthly_risk_parity_cap_08_vol_15,20,20,0.08751964920948556,1.0,0.0,0.08,True,0.01662398688558997,2023-07-31
2023-09-01,2023-08-31,monthly_equal,20,20,0.116852265292202,1.0000000000000002,-2.220446049250313e-16,0.05,False,,2023-08-31
2023-09-01,2023-08-31,monthly_risk_parity,20,20,0.11082614997951516,1.0000000000000002,-2.220446049250313e-16,0.06522621000159867,True,1.0089406763530429e-07,2023-08-31
2023-09-01,2023-08-31,monthly_risk_parity_cap_08,20,20,0.11082615619712216,1.0,0.0,0.06522625573783651,True,1.1738080605422363e-07,2023-08-31
2023-09-01,2023-08-31,monthly_vol_target_10,20,20,0.116852265292202,0.855781441206458,0.14421855879354195,0.042789072060322904,False,,2023-08-31
2023-09-01,2023-08-31,monthly_vol_target_15,20,20,0.116852265292202,1.0000000000000002,-2.220446049250313e-16,0.05,False,,2023-08-31
2023-09-01,2023-08-31,monthly_vol_target_20,20,20,0.116852265292202,1.0000000000000002,-2.220446049250313e-16,0.05,False,,2023-08-31
2023-09-01,2023-08-31,monthly_risk_parity_cap_08_vol_15,20,20,0.11082615619712216,1.0,0.0,0.06522625573783651,True,1.1738080605422363e-07,2023-08-31
2023-10-09,2023-09-28,monthly_equal,20,20,0.12283304326052452,1.0000000000000002,-2.220446049250313e-16,0.05,False,,2023-09-28
2023-10-09,2023-09-28,monthly_risk_parity,20,20,0.11594802583077622,0.9999999999999999,1.1102230246251565e-16,0.076656254976113,True,1.654220818519958e-07,2023-09-28
2023-10-09,2023-09-28,monthly_risk_parity_cap_08,20,20,0.1159480239623124,1.0,0.0,0.07665630575584025,True,1.6911157279392297e-07,2023-09-28
2023-10-09,2023-09-28,monthly_vol_target_10,20,20,0.12283304326052452,0.8141131844132815,0.1858868155867185,0.04070565922066408,False,,2023-09-28
2023-10-09,2023-09-28,monthly_vol_target_15,20,20,0.12283304326052452,1.0000000000000002,-2.220446049250313e-16,0.05,False,,2023-09-28
2023-10-09,2023-09-28,monthly_vol_target_20,20,20,0.12283304326052452,1.0000000000000002,-2.220446049250313e-16,0.05,False,,2023-09-28
2023-10-09,2023-09-28,monthly_risk_parity_cap_08_vol_15,20,20,0.1159480239623124,1.0,0.0,0.07665630575584025,True,1.6911157279392297e-07,2023-09-28
2023-11-01,2023-10-31,monthly_equal,20,20,0.1786764838751039,1.0000000000000002,-2.220446049250313e-16,0.05,False,,2023-10-31
2023-11-01,2023-10-31,monthly_risk_parity,20,20,0.17007880163762276,0.9999999999999998,2.220446049250313e-16,0.09129104840168971,True,1.0824636854228631e-07,2023-10-31
2023-11-01,2023-10-31,monthly_risk_parity_cap_08,20,20,0.17102534725294663,1.0000000000000002,-2.220446049250313e-16,0.08000000000000002,True,0.007733465960944597,2023-10-31
2023-11-01,2023-10-31,monthly_vol_target_10,20,20,0.1786764838751039,0.5596707402743648,0.4403292597256352,0.02798353701371824,False,,2023-10-31
2023-11-01,2023-10-31,monthly_vol_target_15,20,20,0.1786764838751039,0.8395061104115472,0.1604938895884528,0.041975305520577356,False,,2023-10-31
2023-11-01,2023-10-31,monthly_vol_target_20,20,20,0.1786764838751039,1.0000000000000002,-2.220446049250313e-16,0.05,False,,2023-10-31
2023-11-01,2023-10-31,monthly_risk_parity_cap_08_vol_15,20,20,0.17102534725294663,0.8770629758064453,0.12293702419355468,0.07016503806451563,True,0.007733465960944597,2023-10-31
2023-12-01,2023-11-30,monthly_equal,20,20,0.1535618668631562,1.0000000000000002,-2.220446049250313e-16,0.05,False,,2023-11-30
2023-12-01,2023-11-30,monthly_risk_parity,20,20,0.14619857017262106,1.0,0.0,0.06923701210634572,True,1.7969802685452452e-07,2023-11-30
2023-12-01,2023-11-30,monthly_risk_parity_cap_08,20,20,0.14619857462528763,1.0,0.0,0.06923695635983253,True,2.0533545912193585e-07,2023-11-30
2023-12-01,2023-11-30,monthly_vol_target_10,20,20,0.1535618668631562,0.6512033361063078,0.34879666389369224,0.03256016680531539,False,,2023-11-30
2023-12-01,2023-11-30,monthly_vol_target_15,20,20,0.1535618668631562,0.9768050041594618,0.02319499584053819,0.048840250207973085,False,,2023-11-30
2023-12-01,2023-11-30,monthly_vol_target_20,20,20,0.1535618668631562,1.0000000000000002,-2.220446049250313e-16,0.05,False,,2023-11-30
2023-12-01,2023-11-30,monthly_risk_parity_cap_08_vol_15,20,20,0.14619857462528763,1.0,0.0,0.06923695635983253,True,2.0533545912193585e-07,2023-11-30
2024-01-02,2023-12-29,monthly_equal,20,20,0.14593858961124637,1.0000000000000002,-2.220446049250313e-16,0.05,False,,2023-12-29
2024-01-02,2023-12-29,monthly_risk_parity,20,20,0.13917307717878413,1.0000000000000002,-2.220446049250313e-16,0.07476208537053369,True,7.800669019064621e-08,2023-12-29
2024-01-02,2023-12-29,monthly_risk_parity_cap_08,20,20,0.13917307717878413,1.0000000000000002,-2.220446049250313e-16,0.07476208537053369,True,7.800669019064621e-08,2023-12-29
2024-01-02,2023-12-29,monthly_vol_target_10,20,20,0.14593858961124637,0.6852197233533756,0.31478027664662445,0.03426098616766877,False,,2023-12-29
2024-01-02,2023-12-29,monthly_vol_target_15,20,20,0.14593858961124637,1.0000000000000002,-2.220446049250313e-16,0.05,False,,2023-12-29
2024-01-02,2023-12-29,monthly_vol_target_20,20,20,0.14593858961124637,1.0000000000000002,-2.220446049250313e-16,0.05,False,,2023-12-29
2024-01-02,2023-12-29,monthly_risk_parity_cap_08_vol_15,20,20,0.13917307717878413,1.0000000000000002,-2.220446049250313e-16,0.07476208537053369,True,7.800669019064621e-08,2023-12-29
2024-02-01,2024-01-31,monthly_equal,20,20,0.23318360004151298,1.0000000000000002,-2.220446049250313e-16,0.05,False,,2024-01-31
2024-02-01,2024-01-31,monthly_risk_parity,20,20,0.22079967318888066,1.0,0.0,0.07912207542598944,True,1.6901262186314048e-07,2024-01-31
2024-02-01,2024-01-31,monthly_risk_parity_cap_08,20,20,0.22079968358805357,1.0,0.0,0.07912208350745924,True,1.796156534616955e-07,2024-01-31
2024-02-01,2024-01-31,monthly_vol_target_10,20,20,0.23318360004151298,0.42884662550109576,0.5711533744989042,0.021442331275054786,False,,2024-01-31
2024-02-01,2024-01-31,monthly_vol_target_15,20,20,0.23318360004151298,0.6432699382516435,0.35673006174835653,0.03216349691258218,False,,2024-01-31
2024-02-01,2024-01-31,monthly_vol_target_20,20,20,0.23318360004151298,0.8576932510021915,0.14230674899780849,0.04288466255010957,False,,2024-01-31
2024-02-01,2024-01-31,monthly_risk_parity_cap_08_vol_15,20,20,0.22079968358805357,0.6793487996108514,0.3206512003891486,0.05375149245350198,True,1.796156534616955e-07,2024-01-31
2024-03-01,2024-02-29,monthly_equal,20,20,0.2013056172300726,1.0000000000000002,-2.220446049250313e-16,0.05,False,,2024-02-29
2024-03-01,2024-02-29,monthly_risk_parity,20,20,0.18292639538771457,1.0,0.0,0.08884279621094271,True,1.0663823402784489e-07,2024-02-29
2024-03-01,2024-02-29,monthly_risk_parity_cap_08,20,20,0.18404391113060456,0.9999999999999998,2.220446049250313e-16,0.07999999999999999,True,0.005733427655284867,2024-02-29
2024-03-01,2024-02-29,monthly_vol_target_10,20,20,0.2013056172300726,0.49675712668121835,0.5032428733187817,0.024837856334060913,False,,2024-02-29
2024-03-01,2024-02-29,monthly_vol_target_15,20,20,0.2013056172300726,0.7451356900218274,0.25486430997817255,0.03725678450109137,False,,2024-02-29
2024-03-01,2024-02-29,monthly_vol_target_20,20,20,0.2013056172300726,0.9935142533624367,0.006485746637563294,0.049675712668121826,False,,2024-02-29
2024-03-01,2024-02-29,monthly_risk_parity_cap_08_vol_15,20,20,0.18404391113060456,0.8150228881712597,0.18497711182874033,0.06520183105370077,True,0.005733427655284867,2024-02-29
2024-04-01,2024-03-29,monthly_equal,20,20,0.3550966987685122,1.0000000000000002,-2.220446049250313e-16,0.05,False,,2024-03-29
2024-04-01,2024-03-29,monthly_risk_parity,20,20,0.33938313381557983,0.9999999999999999,1.1102230246251565e-16,0.07308797565941173,True,1.203237919716882e-07,2024-03-29
2024-04-01,2024-03-29,monthly_risk_parity_cap_08,20,20,0.33938313381557983,0.9999999999999999,1.1102230246251565e-16,0.07308797565941173,True,1.203237919716882e-07,2024-03-29
2024-04-01,2024-03-29,monthly_vol_target_10,20,20,0.3550966987685122,0.2816134319096841,0.7183865680903159,0.014080671595484205,False,,2024-03-29
2024-04-01,2024-03-29,monthly_vol_target_15,20,20,0.3550966987685122,0.42242014786452614,0.5775798521354738,0.021121007393226306,False,,2024-03-29
2024-04-01,2024-03-29,monthly_vol_target_20,20,20,0.3550966987685122,0.5632268638193682,0.43677313618063185,0.02816134319096841,False,,2024-03-29
2024-04-01,2024-03-29,monthly_risk_parity_cap_08_vol_15,20,20,0.33938313381557983,0.44197835736147606,0.5580216426385239,0.03230330342482234,True,1.203237919716882e-07,2024-03-29
2024-05-06,2024-04-30,monthly_equal,20,20,0.255817373031153,1.0000000000000002,-2.220446049250313e-16,0.05,False,,2024-04-30
2024-05-06,2024-04-30,monthly_risk_parity,20,20,0.23445982621331923,1.0,0.0,0.09619930701772247,True,1.4231472066084105e-07,2024-04-30
2024-05-06,2024-04-30,monthly_risk_parity_cap_08,20,20,0.23638699054451434,1.0,0.0,0.08,True,0.00991042890615873,2024-04-30
2024-05-06,2024-04-30,monthly_vol_target_10,20,20,0.255817373031153,0.3909038655784422,0.6090961344215577,0.019545193278922107,False,,2024-04-30
2024-05-06,2024-04-30,monthly_vol_target_15,20,20,0.255817373031153,0.5863557983676632,0.41364420163233684,0.029317789918383155,False,,2024-04-30
2024-05-06,2024-04-30,monthly_vol_target_20,20,20,0.255817373031153,0.7818077311568844,0.2181922688431156,0.03909038655784421,False,,2024-04-30
2024-05-06,2024-04-30,monthly_risk_parity_cap_08_vol_15,20,20,0.23638699054451434,0.6345526869075026,0.36544731309249745,0.050764214952600216,True,0.00991042890615873,2024-04-30
2024-06-03,2024-05-31,monthly_equal,20,20,0.3230242131057945,1.0000000000000002,-2.220446049250313e-16,0.05,False,,2024-05-31
2024-06-03,2024-05-31,monthly_risk_parity,20,20,0.308731531411583,0.9999999999999999,1.1102230246251565e-16,0.08087024174263066,True,2.1629436951914327e-07,2024-05-31
2024-06-03,2024-05-31,monthly_risk_parity_cap_08,20,20,0.30883927775602815,1.0000000000000002,-2.220446049250313e-16,0.08000000000000002,True,0.0005865178250980263,2024-05-31
2024-06-03,2024-05-31,monthly_vol_target_10,20,20,0.3230242131057945,0.30957431654588935,0.6904256834541107,0.015478715827294463,False,,2024-05-31
2024-06-03,2024-05-31,monthly_vol_target_15,20,20,0.3230242131057945,0.4643614748188339,0.5356385251811662,0.023218073740941692,False,,2024-05-31
2024-06-03,2024-05-31,monthly_vol_target_20,20,20,0.3230242131057945,0.6191486330917787,0.3808513669082213,0.030957431654588925,False,,2024-05-31
2024-06-03,2024-05-31,monthly_risk_parity_cap_08_vol_15,20,20,0.30883927775602815,0.48568951815285166,0.5143104818471483,0.03885516145222813,True,0.0005865178250980263,2024-05-31
2024-07-01,2024-06-28,monthly_equal,20,20,0.23190289957415894,1.0000000000000002,-2.220446049250313e-16,0.05,False,,2024-06-28
2024-07-01,2024-06-28,monthly_risk_parity,20,20,0.20796096963428962,1.0,0.0,0.09332906679221155,True,1.143395075078879e-07,2024-06-28
2024-07-01,2024-06-28,monthly_risk_parity_cap_08,20,20,0.21037108111239558,1.0,0.0,0.08,True,0.008739815032649825,2024-06-28
2024-07-01,2024-06-28,monthly_vol_target_10,20,20,0.23190289957415894,0.43121496188115405,0.568785038118846,0.021560748094057697,False,,2024-06-28
2024-07-01,2024-06-28,monthly_vol_target_15,20,20,0.23190289957415894,0.6468224428217307,0.35317755717826926,0.03234112214108654,False,,2024-06-28
2024-07-01,2024-06-28,monthly_vol_target_20,20,20,0.23190289957415894,0.8624299237623081,0.1375700762376919,0.043121496188115394,False,,2024-06-28
2024-07-01,2024-06-28,monthly_risk_parity_cap_08_vol_15,20,20,0.21037108111239558,0.7130257600371367,0.2869742399628633,0.05704206080297094,True,0.008739815032649825,2024-06-28
2024-08-01,2024-07-31,monthly_equal,20,20,0.14473069060661983,1.0000000000000002,-2.220446049250313e-16,0.05,False,,2024-07-31
2024-08-01,2024-07-31,monthly_risk_parity,20,20,0.13433358653351005,1.0,0.0,0.08795314833615858,True,1.215308086388589e-07,2024-07-31
2024-08-01,2024-07-31,monthly_risk_parity_cap_08,20,20,0.1348086929631751,1.0,0.0,0.08000000000000046,True,0.006434161718041849,2024-07-31
2024-08-01,2024-07-31,monthly_vol_target_10,20,20,0.14473069060661983,0.6909384566663991,0.3090615433336009,0.034546922833319955,False,,2024-07-31
2024-08-01,2024-07-31,monthly_vol_target_15,20,20,0.14473069060661983,1.0000000000000002,-2.220446049250313e-16,0.05,False,,2024-07-31
2024-08-01,2024-07-31,monthly_vol_target_20,20,20,0.14473069060661983,1.0000000000000002,-2.220446049250313e-16,0.05,False,,2024-07-31
2024-08-01,2024-07-31,monthly_risk_parity_cap_08_vol_15,20,20,0.1348086929631751,1.0,0.0,0.08000000000000046,True,0.006434161718041849,2024-07-31
2024-09-02,2024-08-30,monthly_equal,20,20,0.15865287086923652,1.0000000000000002,-2.220446049250313e-16,0.05,False,,2024-08-30
2024-09-02,2024-08-30,monthly_risk_parity,20,20,0.14047600887676379,1.0,0.0,0.11593343504124899,True,7.960507616283641e-08,2024-08-30
2024-09-02,2024-08-30,monthly_risk_parity_cap_08,20,20,0.14459654149091652,0.9999999999999999,1.1102230246251565e-16,0.08000000000000139,True,0.023529074415238625,2024-08-30
2024-09-02,2024-08-30,monthly_vol_target_10,20,20,0.15865287086923652,0.6303069049561743,0.36969309504382575,0.031515345247808704,False,,2024-08-30
2024-09-02,2024-08-30,monthly_vol_target_15,20,20,0.15865287086923652,0.9454603574342608,0.05453964256573918,0.04727301787171305,False,,2024-08-30
2024-09-02,2024-08-30,monthly_vol_target_20,20,20,0.15865287086923652,1.0000000000000002,-2.220446049250313e-16,0.05,False,,2024-08-30
2024-09-02,2024-08-30,monthly_risk_parity_cap_08_vol_15,20,20,0.14459654149091652,0.9999999999999999,1.1102230246251565e-16,0.08000000000000139,True,0.023529074415238625,2024-08-30
2024-10-08,2024-09-30,monthly_equal,20,20,0.17729221622644464,1.0000000000000002,-2.220446049250313e-16,0.05,False,,2024-09-30
2024-10-08,2024-09-30,monthly_risk_parity,20,20,0.1687838169370623,1.0,0.0,0.08823926318035531,True,1.4316762743382672e-07,2024-09-30
2024-10-08,2024-09-30,monthly_risk_parity_cap_08,20,20,0.1694408682218457,1.0,0.0,0.08000000000000002,True,0.005954184635282918,2024-09-30
2024-10-08,2024-09-30,monthly_vol_target_10,20,20,0.17729221622644464,0.5640405547882374,0.43595944521176255,0.02820202773941188,False,,2024-09-30
2024-10-08,2024-09-30,monthly_vol_target_15,20,20,0.17729221622644464,0.8460608321823562,0.15393916781764383,0.04230304160911781,False,,2024-09-30
2024-10-08,2024-09-30,monthly_vol_target_20,20,20,0.17729221622644464,1.0000000000000002,-2.220446049250313e-16,0.05,False,,2024-09-30
2024-10-08,2024-09-30,monthly_risk_parity_cap_08_vol_15,20,20,0.1694408682218457,0.8852645856583304,0.11473541434166956,0.07082116685266644,True,0.005954184635282918,2024-09-30
2024-11-01,2024-10-31,monthly_equal,20,20,0.24955751937775786,1.0000000000000002,-2.220446049250313e-16,0.05,False,,2024-10-31
2024-11-01,2024-10-31,monthly_risk_parity,20,20,0.2467395598292753,1.0,0.0,0.06006138398010238,True,2.842203840613955e-07,2024-10-31
2024-11-01,2024-10-31,monthly_risk_parity_cap_08,20,20,0.2467395598292753,1.0,0.0,0.06006138398010238,True,2.842203840613955e-07,2024-10-31
2024-11-01,2024-10-31,monthly_vol_target_10,20,20,0.24955751937775786,0.4007092242675683,0.5992907757324317,0.020035461213378417,False,,2024-10-31
2024-11-01,2024-10-31,monthly_vol_target_15,20,20,0.24955751937775786,0.6010638364013524,0.3989361635986476,0.03005319182006762,False,,2024-10-31
2024-11-01,2024-10-31,monthly_vol_target_20,20,20,0.24955751937775786,0.8014184485351366,0.19858155146486345,0.04007092242675683,False,,2024-10-31
2024-11-01,2024-10-31,monthly_risk_parity_cap_08_vol_15,20,20,0.2467395598292753,0.6079284574544448,0.3920715425455552,0.03651302451560273,True,2.842203840613955e-07,2024-10-31
2024-12-02,2024-11-29,monthly_equal,20,20,0.30378795656570895,1.0000000000000002,-2.220446049250313e-16,0.05,False,,2024-11-29
2024-12-02,2024-11-29,monthly_risk_parity,20,20,0.2944701051864916,1.0,0.0,0.06737365185030586,True,1.7937983572136051e-07,2024-11-29
2024-12-02,2024-11-29,monthly_risk_parity_cap_08,20,20,0.2944701051864916,1.0,0.0,0.06737365185030586,True,1.7937983572136051e-07,2024-11-29
2024-12-02,2024-11-29,monthly_vol_target_10,20,20,0.30378795656570895,0.3291769730784906,0.6708230269215094,0.016458848653924524,False,,2024-11-29
2024-12-02,2024-11-29,monthly_vol_target_15,20,20,0.30378795656570895,0.49376545961773566,0.5062345403822643,0.024688272980886786,False,,2024-11-29
2024-12-02,2024-11-29,monthly_vol_target_20,20,20,0.30378795656570895,0.6583539461569812,0.3416460538430188,0.03291769730784905,False,,2024-11-29
2024-12-02,2024-11-29,monthly_risk_parity_cap_08_vol_15,20,20,0.2944701051864916,0.5093895691211273,0.4906104308788727,0.03431943548614414,True,1.7937983572136051e-07,2024-11-29
2025-01-02,2024-12-31,monthly_equal,20,20,0.3007286544203086,1.0000000000000002,-2.220446049250313e-16,0.05,False,,2024-12-31
2025-01-02,2024-12-31,monthly_risk_parity,20,20,0.2862338731496207,1.0,0.0,0.08463721218999203,True,1.4978385799724325e-07,2024-12-31
2025-01-02,2024-12-31,monthly_risk_parity_cap_08,20,20,0.2868239341816702,1.0,0.0,0.08,True,0.003176877416065413,2024-12-31
2025-01-02,2024-12-31,monthly_vol_target_10,20,20,0.3007286544203086,0.3325256789804824,0.6674743210195175,0.016626283949024125,False,,2024-12-31
2025-01-02,2024-12-31,monthly_vol_target_15,20,20,0.3007286544203086,0.49878851847072386,0.5012114815292761,0.02493942592353619,False,,2024-12-31
2025-01-02,2024-12-31,monthly_vol_target_20,20,20,0.3007286544203086,0.6650513579609648,0.3349486420390352,0.03325256789804825,False,,2024-12-31
2025-01-02,2024-12-31,monthly_risk_parity_cap_08_vol_15,20,20,0.2868239341816702,0.5229689092298418,0.47703109077015815,0.04183751273838735,True,0.003176877416065413,2024-12-31
2025-02-05,2025-01-27,monthly_equal,20,20,0.3758482835775911,1.0000000000000002,-2.220446049250313e-16,0.05,False,,2025-01-27
2025-02-05,2025-01-27,monthly_risk_parity,20,20,0.3590113108971706,1.0,0.0,0.08249018165526283,True,1.1449909070176956e-07,2025-01-27
2025-02-05,2025-01-27,monthly_risk_parity_cap_08,20,20,0.3593591794511928,1.0,0.0,0.08,True,0.0018165333268549202,2025-01-27
2025-02-05,2025-01-27,monthly_vol_target_10,20,20,0.3758482835775911,0.26606480425593254,0.7339351957440674,0.013303240212796628,False,,2025-01-27
2025-02-05,2025-01-27,monthly_vol_target_15,20,20,0.3758482835775911,0.3990972063838987,0.6009027936161013,0.01995486031919494,False,,2025-01-27
2025-02-05,2025-01-27,monthly_vol_target_20,20,20,0.3758482835775911,0.5321296085118651,0.4678703914881349,0.026606480425593257,False,,2025-01-27
2025-02-05,2025-01-27,monthly_risk_parity_cap_08_vol_15,20,20,0.3593591794511928,0.4174096797223253,0.5825903202776748,0.033392774377786025,True,0.0018165333268549202,2025-01-27
2025-03-03,2025-02-28,monthly_equal,20,20,0.22937760149777348,1.0000000000000002,-2.220446049250313e-16,0.05,False,,2025-02-28
2025-03-03,2025-02-28,monthly_risk_parity,20,20,0.21799224933113448,1.0,0.0,0.08076244456947641,True,2.8063239073533586e-07,2025-02-28
2025-03-03,2025-02-28,monthly_risk_parity_cap_08,20,20,0.21805724731484888,1.0,0.0,0.08,True,0.0005466984781894307,2025-02-28
2025-03-03,2025-02-28,monthly_vol_target_10,20,20,0.22937760149777348,0.43596235790690613,0.5640376420930939,0.021798117895345307,False,,2025-02-28
2025-03-03,2025-02-28,monthly_vol_target_15,20,20,0.22937760149777348,0.6539435368603592,0.3460564631396408,0.032697176843017955,False,,2025-02-28
2025-03-03,2025-02-28,monthly_vol_target_20,20,20,0.22937760149777348,0.8719247158138123,0.12807528418618774,0.043596235790690614,False,,2025-02-28
2025-03-03,2025-02-28,monthly_risk_parity_cap_08_vol_15,20,20,0.21805724731484888,0.6878927522340853,0.3121072477659147,0.05503142017872682,True,0.0005466984781894307,2025-02-28
2025-04-01,2025-03-31,monthly_equal,20,20,0.21651325424022813,1.0000000000000002,-2.220446049250313e-16,0.05,False,,2025-03-31
2025-04-01,2025-03-31,monthly_risk_parity,20,20,0.172151946778937,1.0,0.0,0.09761717598104522,True,2.5992427456211775e-07,2025-03-31
2025-04-01,2025-03-31,monthly_risk_parity_cap_08,20,20,0.17698359065930008,1.0,0.0,0.08,True,0.011564886754339317,2025-03-31
2025-04-01,2025-03-31,monthly_vol_target_10,20,20,0.21651325424022813,0.46186548879380346,0.5381345112061966,0.023093274439690174,False,,2025-03-31
2025-04-01,2025-03-31,monthly_vol_target_15,20,20,0.21651325424022813,0.6927982331907052,0.3072017668092948,0.034639911659535255,False,,2025-03-31
2025-04-01,2025-03-31,monthly_vol_target_20,20,20,0.21651325424022813,0.9237309775876069,0.07626902241239308,0.04618654887938035,False,,2025-03-31
2025-04-01,2025-03-31,monthly_risk_parity_cap_08_vol_15,20,20,0.17698359065930008,0.847536200623003,0.15246379937699694,0.06780289604984023,True,0.011564886754339317,2025-03-31
2025-05-06,2025-04-30,monthly_equal,20,20,0.2326444526731152,1.0000000000000002,-2.220446049250313e-16,0.05,False,,2025-04-30
2025-05-06,2025-04-30,monthly_risk_parity,20,20,0.21875181996697077,1.0,0.0,0.08237186958169831,True,1.0317627752859382e-07,2025-04-30
2025-05-06,2025-04-30,monthly_risk_parity_cap_08,20,20,0.21894359514154668,0.9999999999999998,2.220446049250313e-16,0.07999999999999999,True,0.0017923561425951737,2025-04-30
2025-05-06,2025-04-30,monthly_vol_target_10,20,20,0.2326444526731152,0.42984046621781413,0.5701595337821859,0.0214920233108907,False,,2025-04-30
2025-05-06,2025-04-30,monthly_vol_target_15,20,20,0.2326444526731152,0.644760699326721,0.355239300673279,0.03223803496633605,False,,2025-04-30
2025-05-06,2025-04-30,monthly_vol_target_20,20,20,0.2326444526731152,0.8596809324356283,0.14031906756437174,0.0429840466217814,False,,2025-04-30
2025-05-06,2025-04-30,monthly_risk_parity_cap_08_vol_15,20,20,0.21894359514154668,0.6851079608107523,0.3148920391892477,0.05480863686486018,True,0.0017923561425951737,2025-04-30
2025-06-03,2025-05-30,monthly_equal,20,20,0.21030916633767516,1.0000000000000002,-2.220446049250313e-16,0.05,False,,2025-05-30
2025-06-03,2025-05-30,monthly_risk_parity,20,20,0.20215998718268235,0.9999999999999998,2.220446049250313e-16,0.09088278393231906,True,1.3560926169498e-07,2025-05-30
2025-06-03,2025-05-30,monthly_risk_parity_cap_08,20,20,0.20320223699125547,1.0,0.0,0.08,True,0.007720164275027523,2025-05-30
2025-06-03,2025-05-30,monthly_vol_target_10,20,20,0.21030916633767516,0.47549044932943474,0.5245095506705653,0.023774522466471742,False,,2025-05-30
2025-06-03,2025-05-30,monthly_vol_target_15,20,20,0.21030916633767516,0.7132356739941522,0.2867643260058478,0.03566178369970761,False,,2025-05-30
2025-06-03,2025-05-30,monthly_vol_target_20,20,20,0.21030916633767516,0.9509808986588695,0.04901910134113052,0.047549044932943485,False,,2025-05-30
2025-06-03,2025-05-30,monthly_risk_parity_cap_08_vol_15,20,20,0.20320223699125547,0.7381808498813675,0.26181915011863255,0.05905446799050939,True,0.007720164275027523,2025-05-30
2025-07-01,2025-06-30,monthly_equal,20,20,0.1920175079522809,1.0000000000000002,-2.220446049250313e-16,0.05,False,,2025-06-30
2025-07-01,2025-06-30,monthly_risk_parity,20,20,0.18542313841894664,1.0,0.0,0.0859132963372213,True,2.395105875574455e-07,2025-06-30
2025-07-01,2025-06-30,monthly_risk_parity_cap_08,20,20,0.18590570820832894,0.9999999999999999,1.1102230246251565e-16,0.07999999999999999,True,0.004166031441836672,2025-06-30
2025-07-01,2025-06-30,monthly_vol_target_10,20,20,0.1920175079522809,0.5207858443035904,0.47921415569640957,0.026039292215179522,False,,2025-06-30
2025-07-01,2025-06-30,monthly_vol_target_15,20,20,0.1920175079522809,0.7811787664553858,0.21882123354461425,0.039058938322769285,False,,2025-06-30
2025-07-01,2025-06-30,monthly_vol_target_20,20,20,0.1920175079522809,1.0000000000000002,-2.220446049250313e-16,0.05,False,,2025-06-30
2025-07-01,2025-06-30,monthly_risk_parity_cap_08_vol_15,20,20,0.18590570820832894,0.8068606469679113,0.19313935303208873,0.06454885175743288,True,0.004166031441836672,2025-06-30
2025-08-01,2025-07-31,monthly_equal,20,20,0.1222302058196602,1.0000000000000002,-2.220446049250313e-16,0.05,False,,2025-07-31
2025-08-01,2025-07-31,monthly_risk_parity,20,20,0.11113198581099751,1.0,0.0,0.09531337974363051,True,1.2467288655615416e-07,2025-07-31
2025-08-01,2025-07-31,monthly_risk_parity_cap_08,20,20,0.11197239367820531,1.0,0.0,0.08,True,0.00921889486941535,2025-07-31
2025-08-01,2025-07-31,monthly_vol_target_10,20,20,0.1222302058196602,0.8181283777558316,0.18187162224416842,0.04090641888779158,False,,2025-07-31
2025-08-01,2025-07-31,monthly_vol_target_15,20,20,0.1222302058196602,1.0000000000000002,-2.220446049250313e-16,0.05,False,,2025-07-31
2025-08-01,2025-07-31,monthly_vol_target_20,20,20,0.1222302058196602,1.0000000000000002,-2.220446049250313e-16,0.05,False,,2025-07-31
2025-08-01,2025-07-31,monthly_risk_parity_cap_08_vol_15,20,20,0.11197239367820531,1.0,0.0,0.08,True,0.00921889486941535,2025-07-31
2025-09-01,2025-08-29,monthly_equal,20,20,0.17446012288514667,1.0000000000000002,-2.220446049250313e-16,0.05,False,,2025-08-29
2025-09-01,2025-08-29,monthly_risk_parity,20,20,0.1564754424623057,0.9999999999999998,2.220446049250313e-16,0.09723111365331624,True,3.5441109886430455e-07,2025-08-29
2025-09-01,2025-08-29,monthly_risk_parity_cap_08,20,20,0.15808069288824,1.0,0.0,0.08,True,0.015395144211803428,2025-08-29
2025-09-01,2025-08-29,monthly_vol_target_10,20,20,0.17446012288514667,0.5731968907635906,0.4268031092364094,0.028659844538179532,False,,2025-08-29
2025-09-01,2025-08-29,monthly_vol_target_15,20,20,0.17446012288514667,0.8597953361453858,0.14020466385461416,0.04298976680726929,False,,2025-08-29
2025-09-01,2025-08-29,monthly_vol_target_20,20,20,0.17446012288514667,1.0000000000000002,-2.220446049250313e-16,0.05,False,,2025-08-29
2025-09-01,2025-08-29,monthly_risk_parity_cap_08_vol_15,20,20,0.15808069288824,0.9488824805825408,0.051117519417459234,0.07591059844660326,True,0.015395144211803428,2025-08-29
2025-10-09,2025-09-30,monthly_equal,20,20,0.1334207069487038,1.0000000000000002,-2.220446049250313e-16,0.05,False,,2025-09-30
2025-10-09,2025-09-30,monthly_risk_parity,20,20,0.12450308811928348,0.9999999999999999,1.1102230246251565e-16,0.07476748336057318,True,2.0304599438608628e-07,2025-09-30
2025-10-09,2025-09-30,monthly_risk_parity_cap_08,20,20,0.12450308403544645,1.0,0.0,0.07476747871608777,True,8.701017437384717e-07,2025-09-30
2025-10-09,2025-09-30,monthly_vol_target_10,20,20,0.1334207069487038,0.7495088452682759,0.2504911547317241,0.03747544226341379,False,,2025-09-30
2025-10-09,2025-09-30,monthly_vol_target_15,20,20,0.1334207069487038,1.0000000000000002,-2.220446049250313e-16,0.05,False,,2025-09-30
2025-10-09,2025-09-30,monthly_vol_target_20,20,20,0.1334207069487038,1.0000000000000002,-2.220446049250313e-16,0.05,False,,2025-09-30
2025-10-09,2025-09-30,monthly_risk_parity_cap_08_vol_15,20,20,0.12450308403544645,1.0,0.0,0.07476747871608777,True,8.701017437384717e-07,2025-09-30
2025-11-03,2025-10-31,monthly_equal,20,20,0.14318601268105868,1.0000000000000002,-2.220446049250313e-16,0.05,False,,2025-10-31
2025-11-03,2025-10-31,monthly_risk_parity,20,20,0.13587732492646762,1.0,0.0,0.08675559087564887,True,9.563753131797137e-08,2025-10-31
2025-11-03,2025-10-31,monthly_risk_parity_cap_08,20,20,0.13629811363004957,1.0,0.0,0.08,True,0.004573986778444207,2025-10-31
2025-11-03,2025-10-31,monthly_vol_target_10,20,20,0.14318601268105868,0.6983922390711876,0.30160776092881236,0.034919611953559374,False,,2025-10-31
2025-11-03,2025-10-31,monthly_vol_target_15,20,20,0.14318601268105868,1.0000000000000002,-2.220446049250313e-16,0.05,False,,2025-10-31
2025-11-03,2025-10-31,monthly_vol_target_20,20,20,0.14318601268105868,1.0000000000000002,-2.220446049250313e-16,0.05,False,,2025-10-31
2025-11-03,2025-10-31,monthly_risk_parity_cap_08_vol_15,20,20,0.13629811363004957,1.0,0.0,0.08,True,0.004573986778444207,2025-10-31
2025-12-01,2025-11-28,monthly_equal,20,20,0.09863465204590241,1.0000000000000002,-2.220446049250313e-16,0.05,False,,2025-11-28
2025-12-01,2025-11-28,monthly_risk_parity,20,20,0.09153738241026829,1.0,0.0,0.08954877742224764,True,9.010071438941836e-08,2025-11-28
2025-12-01,2025-11-28,monthly_risk_parity_cap_08,20,20,0.09194733090974277,1.0,0.0,0.08,True,0.006651634581287397,2025-11-28
2025-12-01,2025-11-28,monthly_vol_target_10,20,20,0.09863465204590241,1.0000000000000002,-2.220446049250313e-16,0.05,False,,2025-11-28
2025-12-01,2025-11-28,monthly_vol_target_15,20,20,0.09863465204590241,1.0000000000000002,-2.220446049250313e-16,0.05,False,,2025-11-28
2025-12-01,2025-11-28,monthly_vol_target_20,20,20,0.09863465204590241,1.0000000000000002,-2.220446049250313e-16,0.05,False,,2025-11-28
2025-12-01,2025-11-28,monthly_risk_parity_cap_08_vol_15,20,20,0.09194733090974277,1.0,0.0,0.08,True,0.006651634581287397,2025-11-28
