date,active_return,benchmark_return,active_weight,strategy_return
2023-01-03,0.0,0.00420117212531812,0.0,0.00420117212531812
2023-01-04,0.0,0.0012985161755223462,0.0,0.0012985161755223462
2023-01-05,0.0,0.019427566417087982,0.0,0.019427566417087982
2023-01-06,0.0,0.003102017745297392,0.0,0.003102017745297392
2023-01-09,0.0,0.008096382898211019,0.0,0.008096382898211019
2023-01-10,0.0,0.0010849664186434183,0.0,0.0010849664186434183
2023-01-11,0.0,-0.0018526070251561055,0.0,-0.0018526070251561055
2023-01-12,0.0,0.0019546732171065173,0.0,0.0019546732171065173
2023-01-13,0.0,0.014064171128318481,0.0,0.014064171128318481
2023-01-16,0.0,0.015606581540854814,0.0,0.015606581540854814
2023-01-17,0.0,-0.00017450609711644471,0.0,-0.00017450609711644471
2023-01-18,0.0,-0.0016745212547623067,0.0,-0.0016745212547623067
2023-01-19,0.0,0.00622068882263993,0.0,0.00622068882263993
2023-01-20,0.0,0.006140267738194982,0.0,0.006140267738194982
2023-01-30,0.0,0.004739489048342094,0.0,0.004739489048342094
2023-01-31,0.0,-0.010588799539195337,0.0,-0.010588799539195337
2023-02-01,0.00990620158018607,0.00940022533366447,0.0,0.00940022533366447
2023-02-02,-0.004380364656070168,-0.0035233878365843463,0.0,-0.0035233878365843463
2023-02-03,-0.011085403912898029,-0.009451324782877246,0.0,-0.009451324782877246
2023-02-06,-0.006070798097789765,-0.013220392666958292,0.0,-0.013220392666958292
2023-02-07,0.0040206259431652125,0.001799809091433735,0.0,0.001799809091433735
2023-02-08,-0.005754582533095576,-0.0044189956435068956,0.0,-0.0044189956435068956
2023-02-09,0.01052714144172251,0.013423333161847628,0.0,0.013423333161847628
2023-02-10,-0.0027773727826502226,-0.005942302764571972,0.0,-0.005942302764571972
2023-02-13,0.005196583116762854,0.009074887848814717,0.0,0.009074887848814717
2023-02-14,0.004655322715861443,0.00041418350438560125,0.0,0.00041418350438560125
2023-02-15,-0.008030664475418892,-0.005210950007794479,0.0,-0.005210950007794479
2023-02-16,-0.011201999685008013,-0.007323951394689221,0.0,-0.007323951394689221
2023-02-17,-0.007410191142899425,-0.014408398354498475,0.0,-0.014408398354498475
2023-02-20,0.023474469555567534,0.024534001304248543,0.0,0.024534001304248543
2023-02-21,0.009335982266327703,0.0026282877305414676,0.0,0.0026282877305414676
2023-02-22,-0.0020868088709334875,-0.009025050372149734,0.0,-0.009025050372149734
2023-02-23,0.0031545840193880625,-0.0008045628793293957,0.0,-0.0008045628793293957
2023-02-24,-0.009682899325243466,-0.010381157849788436,0.0,-0.010381157849788436
2023-02-27,-0.004981007207433996,-0.004235682449966083,0.0,-0.004235682449966083
2023-02-28,0.0061033172099060895,0.00633414579453162,0.0,0.00633414579453162
2023-03-01,0.012577389030389075,0.014125416729256823,0.0,0.014125416729256823
2023-03-02,-0.008901179286240901,-0.002230174573591648,0.0,-0.002230174573591648
2023-03-03,0.0059067192675508196,0.00311180578597825,0.0,0.00311180578597825
2023-03-06,0.002275566850522992,-0.005215066569927429,0.0,-0.005215066569927429
2023-03-07,-0.017361755744283447,-0.014640581812135567,0.0,-0.014640581812135567
2023-03-08,0.0028145650094590913,-0.003641575529102492,0.0,-0.003641575529102492
2023-03-09,-0.0044901919095368115,-0.0035341644448412257,0.0,-0.0035341644448412257
2023-03-10,-0.018806126959696967,-0.013113746394299963,0.0,-0.013113746394299963
2023-03-13,0.006561548568598807,0.010473754461405749,0.0,0.010473754461405749
2023-03-14,-0.0072383938059099595,-0.005984604431477081,0.0,-0.005984604431477081
2023-03-15,-0.005474334820361526,0.0005537185826691715,0.0,0.0005537185826691715
2023-03-16,-0.010969439131622627,-0.01197709399428426,0.0,-0.01197709399428426
2023-03-17,0.006672136648500304,0.004993183174900162,0.0,0.004993183174900162
2023-03-20,-0.009129951667737668,-0.004986941308815385,0.0,-0.004986941308815385
2023-03-21,0.0018257659285336736,0.010992727484128828,0.0,0.010992727484128828
2023-03-22,-0.0017092727443899225,0.004285002363662915,0.0,0.004285002363662915
2023-03-23,0.017926667629479143,0.009913081140029867,0.0,0.009913081140029867
2023-03-24,-0.0026664995580524264,-0.0029818106283606705,0.0,-0.0029818106283606705
2023-03-27,0.004346863439835369,-0.003617689265358992,0.0,-0.003617689265358992
2023-03-28,-0.013701310632016628,-0.003230523110025918,0.0,-0.003230523110025918
2023-03-29,0.009030793246050495,0.0016575260993538787,0.0,0.0016575260993538787
2023-03-30,-0.002213107143735682,0.00808300949741203,0.0,0.00808300949741203
2023-03-31,0.012124903355438255,0.003070427408695009,0.0,0.003070427408695009
2023-04-03,0.004767970113588982,0.009785886717201375,0.0,0.009785886717201375
2023-04-04,-0.0035602546348341146,0.0030650025194547403,0.0,0.0030650025194547403
2023-04-06,0.002001840083837303,-0.0015756846790083712,0.0,-0.0015756846790083712
2023-04-07,0.002247839893839698,0.006502865763162058,0.0,0.006502865763162058
2023-04-10,-0.008628183286052638,-0.0044789828602225246,0.0,-0.0044789828602225246
2023-04-11,0.006465226414374081,-0.0011362031262920347,0.0,-0.0011362031262920347
2023-04-12,-0.003867362392344642,-0.0006976089813736097,0.0,-0.0006976089813736097
2023-04-13,-0.006101971947538809,-0.0069092050067462996,0.0,-0.0069092050067462996
2023-04-14,-0.0001740939474996761,0.005657488589396742,0.0,0.005657488589396742
2023-04-17,0.018260363840293836,0.014023660026488916,0.0,0.014023660026488916
2023-04-18,0.0031341773967139552,0.0030482599873389304,0.0,0.0030482599873389304
2023-04-19,-0.011710379366821178,-0.009003558838567405,0.0,-0.009003558838567405
2023-04-20,-0.004200679395167106,-0.002797802208619249,0.0,-0.002797802208619249
2023-04-21,-0.018050846390322284,-0.019560326876178924,0.0,-0.019560326876178924
2023-04-24,-0.009737637673421284,-0.01238027725861579,0.0,-0.01238027725861579
2023-04-25,-0.007301520750764623,-0.005016040981228764,0.0,-0.005016040981228764
2023-04-26,0.008904228377266676,-0.0008664621679678186,0.0,-0.0008664621679678186
2023-04-27,0.007370182158917826,0.007371681626258786,0.0,0.007371681626258786
2023-04-28,-0.000285513073017718,0.010196347248915716,0.0,0.010196347248915716
2023-05-04,-0.00679827025152091,0.00028822915610282607,0.0,0.00028822915610282607
2023-05-05,-0.011005827685985126,-0.0033173400211615744,0.0,-0.0033173400211615744
2023-05-08,0.02080856216680904,0.01139815718547954,0.0,0.01139815718547954
2023-05-09,-0.015649191174289867,-0.00856261155246374,0.0,-0.00856261155246374
2023-05-10,-0.0063570657368396954,-0.007697829977560855,0.0,-0.007697829977560855
2023-05-11,-0.001089675767401932,-0.0015526651545665349,0.0,-0.0015526651545665349
2023-05-12,-0.020263911448925143,-0.013256316236319288,0.0,-0.013256316236319288
2023-05-15,0.010563572879595196,0.015522775854773574,0.0,0.015522775854773574
2023-05-16,-0.0020177545418150755,-0.005171888819469617,0.0,-0.005171888819469617
2023-05-17,-0.006670807595448691,-0.004534808584795491,0.0,-0.004534808584795491
2023-05-18,0.001146918901746563,-0.0010340225722917928,0.0,-0.0010340225722917928
2023-05-19,-0.002568630732031618,-0.0029144579617028654,0.0,-0.0029144579617028654
2023-05-22,0.007781977614538693,0.006283976867976104,0.0,0.006283976867976104
2023-05-23,-0.011318904973480759,-0.014143327092897784,0.0,-0.014143327092897784
2023-05-24,-0.011984010505055598,-0.0138236898496219,0.0,-0.0138236898496219
2023-05-25,0.0018641753233832326,-0.002226921944233795,0.0,-0.002226921944233795
2023-05-26,-0.0022890839594206236,0.00011725751120716943,0.0,0.00011725751120716943
2023-05-29,-0.006842874309620606,-0.004416960786648327,0.0,-0.004416960786648327
2023-05-30,-0.0006909356433804081,0.0009941465983727138,0.0,0.0009941465983727138
2023-05-31,-0.007175176662830851,-0.01021683755528724,0.0,-0.01021683755528724
2023-06-01,-0.0016216065238561228,0.0021914979304962223,0.0,0.0021914979304962223
2023-06-02,0.019805934644475887,0.01443858874115378,0.0,0.01443858874115378
2023-06-05,-0.0055070244736870055,-0.004553406844007846,0.0,-0.004553406844007846
2023-06-06,-0.005098018740657184,-0.009387086560361468,0.0,-0.009387086560361468
2023-06-07,-0.004023215417168546,-0.004942304332621772,0.0,-0.004942304332621772
2023-06-08,0.015543417026405715,0.008139909680356716,0.0,0.008139909680356716
2023-06-09,-0.0010468865297155183,0.004323322731844437,0.0,0.004323322731844437
2023-06-12,-0.0025596367268444498,0.002014698767634604,0.0,0.002014698767634604
2023-06-13,0.0002508875533664412,0.005325883737739678,0.0,0.005325883737739678
2023-06-14,-0.0010213395122422586,-0.0002283883955408461,0.0,-0.0002283883955408461
2023-06-15,0.005669507409191921,0.015909499750351053,0.0,0.015909499750351053
2023-06-16,0.0010660376804023652,0.00964246740172725,0.0,0.00964246740172725
2023-06-19,-0.00601925980113982,-0.00818575009343725,0.0,-0.00818575009343725
2023-06-20,-0.007334723319799563,-0.0016968599035352971,0.0,-0.0016968599035352971
2023-06-21,-0.011096650829507615,-0.01534193507187398,0.0,-0.01534193507187398
2023-06-26,-0.00970510257315893,-0.014062020133734365,0.0,-0.014062020133734365
2023-06-27,0.013065931687194388,0.00938059050482809,0.0,0.00938059050482809
2023-06-28,0.0012682205616287856,-0.0012052737670609215,0.0,-0.0012052737670609215
2023-06-29,-0.0026693611060264466,-0.004935197591459217,0.0,-0.004935197591459217
2023-06-30,0.0034885377552422714,0.005392188350988203,0.0,0.005392188350988203
2023-07-03,0.004627860143519014,0.013124563494827157,0.0,0.013124563494827157
2023-07-04,-0.0019615871303615418,0.0015749770587709655,0.0,0.0015749770587709655
2023-07-05,-0.0024114020353221965,-0.007747575521222183,0.0,-0.007747575521222183
2023-07-06,0.0007459687786457447,-0.0067335255477053435,0.0,-0.0067335255477053435
2023-07-07,-0.0029510130064618334,-0.004438456610306063,0.0,-0.004438456610306063
2023-07-10,0.007286635746896808,0.0048692019350817795,0.0,0.0048692019350817795
2023-07-11,0.00023840113014350628,0.0065445006770885605,0.0,0.0065445006770885605
2023-07-12,-0.008268352964112768,-0.006731953372309585,0.0,-0.006731953372309585
2023-07-13,0.008669633992586245,0.014306466173543697,0.0,0.014306466173543697
2023-07-14,-0.001080314789440373,0.00017437820817223226,0.0,0.00017437820817223226
2023-07-17,-0.0010591345130426255,-0.00818849936935484,0.0,-0.00818849936935484
2023-07-18,0.0017054880534042027,-0.0031639634400812966,0.0,-0.0031639634400812966
2023-07-19,0.0035051136409525174,-0.0010565665716188999,0.0,-0.0010565665716188999
2023-07-20,-0.003641290080140802,-0.007055996724685154,0.0,-0.007055996724685154
2023-07-21,0.0030737672157665763,-0.0004667213746620824,0.0,-0.0004667213746620824
2023-07-24,-0.00014876026199617254,-0.004366664835121714,0.0,-0.004366664835121714
2023-07-25,0.014220708212728361,0.028879873205787554,0.0,0.028879873205787554
2023-07-26,0.003997467040599556,-0.002069543137082075,0.0,-0.002069543137082075
2023-07-27,-0.0021591471485908897,-0.0011945187382031985,0.0,-0.0011945187382031985
2023-07-28,0.019088347218707113,0.023163452095916304,0.0,0.023163452095916304
2023-07-31,0.006021583300005906,0.005483080080193492,0.0,0.005483080080193492
2023-08-01,0.000468351766292896,-0.0041421250739887006,0.0,-0.0041421250739887006
2023-08-02,-6.086558146067844e-05,-0.007030013249121336,0.0,-0.007030013249121336
2023-08-03,0.010553100042342667,0.008838747624307475,0.0,0.008838747624307475
2023-08-04,0.006365146705652913,0.0038939732067337918,0.0,0.0038939732067337918
2023-08-07,-0.007150801299149245,-0.007567591256503525,0.0,-0.007567591256503525
2023-08-08,-0.006090954881582622,-0.0026116541743724797,0.0,-0.0026116541743724797
2023-08-09,-0.002020338347539119,-0.003057240886710888,0.0,-0.003057240886710888
2023-08-10,0.006954104107691705,0.002054509400374771,0.0,0.002054509400374771
2023-08-11,-0.027017571979947697,-0.023005362102520133,0.0,-0.023005362102520133
2023-08-14,-0.006279150440097525,-0.007298107039246493,0.0,-0.007298107039246493
2023-08-15,-0.0008273371360915105,-0.0024301421655470445,0.0,-0.0024301421655470445
2023-08-16,-0.0027699889491252794,-0.007331766087599334,0.0,-0.007331766087599334
2023-08-17,-0.0004385974932741288,0.0033436050038371246,0.0,0.0033436050038371246
2023-08-18,-0.012269394863234417,-0.012293333550503327,0.0,-0.012293333550503327
2023-08-21,-0.01852683113337439,-0.014389203308939669,0.0,-0.014389203308939669
2023-08-22,0.009551330650509504,0.007687807258506707,0.0,0.007687807258506707
2023-08-23,-0.011112634449778724,-0.016388897839622385,0.0,-0.016388897839622385
2023-08-24,-0.0034704610501564703,0.007248594457784918,0.0,0.007248594457784918
2023-08-25,-0.0018684463345746138,-0.0038345296364294956,0.0,-0.0038345296364294956
2023-08-28,0.016032250231046152,0.011719040771505762,0.0,0.011719040771505762
2023-08-29,0.005893120201414304,0.009989635506334471,0.0,0.009989635506334471
2023-08-30,-0.00897799088625817,-0.0004213601690948865,0.0,-0.0004213601690948865
2023-08-31,-0.009452542977981482,-0.006134839776179013,0.0,-0.006134839776179013
2023-09-01,0.008265643688102342,0.006964551100455463,0.0,0.006964551100455463
2023-09-04,0.0019382059962174125,0.015155118914689902,0.0,0.015155118914689902
2023-09-05,-0.015348206596397684,-0.0074395061907376325,0.0,-0.0074395061907376325
2023-09-06,0.0012247702827801188,-0.002169741184331997,0.0,-0.002169741184331997
2023-09-07,-0.009735240643306775,-0.014048557824190344,0.0,-0.014048557824190344
2023-09-08,-0.0039904885248993605,-0.004917446832422567,0.0,-0.004917446832422567
2023-09-11,0.009227762410597196,0.007364800471401978,0.0,0.007364800471401978
2023-09-12,0.0024576777858515975,-0.0018399819298390296,0.0,-0.0018399819298390296
2023-09-13,-0.007922517402842444,-0.006369587147258882,0.0,-0.006369587147258882
2023-09-14,0.0021081456057250314,-0.0008412880270631806,0.0,-0.0008412880270631806
2023-09-15,-0.0057879335970482115,-0.006624092405112747,0.0,-0.006624092405112747
2023-09-18,0.0016992593015601187,0.005105295368828644,0.0,0.005105295368828644
2023-09-19,0.0007634862280625487,-0.0019338677274068905,0.0,-0.0019338677274068905
2023-09-20,0.00027960555219164185,-0.003981263711690941,0.0,-0.003981263711690941
2023-09-21,-0.004559581012101188,-0.00897133915526327,0.0,-0.00897133915526327
2023-09-22,0.01143142398882091,0.018104533524915034,0.0,0.018104533524915034
2023-09-25,-0.0022635597353094505,-0.006506937126736667,0.0,-0.006506937126736667
2023-09-26,-0.0015539541044268246,-0.005844741930343789,0.0,-0.005844741930343789
2023-09-27,-0.0004699273711711305,0.0020586029467195566,0.0,0.0020586029467195566
2023-09-28,-0.002099061505528521,-0.002966576093198392,0.0,-0.002966576093198392
2023-10-09,0.003934935107586579,-0.001298272847189863,0.0,-0.001298272847189863
2023-10-10,-0.008302539177422075,-0.007490730928465972,0.0,-0.007490730928465972
2023-10-11,0.00024203278881818058,0.002849888214130125,0.0,0.002849888214130125
2023-10-12,0.01121049746487146,0.00949792535792926,0.0,0.00949792535792926
2023-10-13,-0.004211781843861395,-0.010526195241204572,0.0,-0.010526195241204572
2023-10-16,-0.0028753426865146814,-0.01004888777954005,0.0,-0.01004888777954005
2023-10-17,0.003772496323613872,0.0035307477764554562,0.0,0.0035307477764554562
2023-10-18,-0.011073170379562902,-0.00792028514136578,0.0,-0.00792028514136578
2023-10-19,-0.020371302689945914,-0.021335151251599238,0.0,-0.021335151251599238
2023-10-20,-0.012779544694600853,-0.006496479667936761,0.0,-0.006496479667936761
2023-10-23,-0.013614785084908432,-0.010352992342680722,0.0,-0.010352992342680722
2023-10-24,0.009902262020561992,0.0037091236947734973,0.0,0.0037091236947734973
2023-10-25,0.007307692541175248,0.004968956995067275,0.0,0.004968956995067275
2023-10-26,0.004931040696839029,0.0027642508786522857,0.0,0.0027642508786522857
2023-10-27,0.01427798706134853,0.013727465072014056,0.0,0.013727465072014056
2023-10-30,0.0061130955324530944,0.006003477838485205,0.0,0.006003477838485205
2023-10-31,-0.0041920344502647255,-0.003143671145579119,0.0,-0.003143671145579119
2023-11-01,0.0006915214252141144,-0.0004139391691926342,1.0,-0.0009084785747858857
2023-11-02,0.0007256360887151203,-0.004715142434663311,1.0,0.0007256360887151203
2023-11-03,0.005031497444221822,0.008425973082072158,1.0,0.005031497444221822
2023-11-06,0.004477253748214061,0.013524038873074185,1.0,0.004477253748214061
2023-11-07,-0.004291578308528998,-0.0035371552848911803,1.0,-0.004291578308528998
2023-11-08,-0.004506713930687245,-0.0023998833292590005,1.0,-0.004506713930687245
2023-11-09,0.002471587112778284,0.00048572829738136036,1.0,0.002471587112778284
2023-11-10,-0.008270046999865444,-0.007289860572593843,1.0,-0.008270046999865444
2023-11-13,0.002865867957101864,-0.0019727369603472766,1.0,0.002865867957101864
2023-11-14,-0.0003344771180628925,0.0007387521885215964,1.0,-0.0003344771180628925
2023-11-15,0.006568804043106891,0.007031431983353542,1.0,0.006568804043106891
2023-11-16,-0.01154215428898997,-0.009669788476270536,1.0,-0.01154215428898997
2023-11-17,-0.00023152137407989049,-0.001202453019836347,1.0,-0.00023152137407989049
2023-11-20,-0.00010754057308992593,0.0023135206064570646,1.0,-0.00010754057308992593
2023-11-21,0.0007907814650967016,0.0013265299588547386,1.0,0.0007907814650967016
2023-11-22,-0.00881945666095707,-0.010234713817450003,1.0,-0.00881945666095707
2023-11-23,0.012201914150051119,0.004825674817759751,1.0,0.012201914150051119
2023-11-24,-0.004972494568510233,-0.006601590713898431,1.0,-0.004972494568510233
2023-11-27,0.0021354601857170863,-0.0073675059080550165,1.0,0.0021354601857170863
2023-11-28,0.0014750424388250138,0.0018738348328264376,1.0,0.0014750424388250138
2023-11-29,-0.012565962834330646,-0.008587665415990431,1.0,-0.012565962834330646
2023-11-30,-0.0017936392452579941,0.002263418707405762,1.0,-0.0017936392452579941
2023-12-01,0.000858719972030686,-0.003810276680746294,1.0,0.000858719972030686
2023-12-04,-0.0021403882652329953,-0.006530024436951165,1.0,-0.0021403882652329953
2023-12-05,-0.02078212021949155,-0.019039963145978556,1.0,-0.02078212021949155
2023-12-06,-0.004102177001536811,0.0015735107396550596,1.0,-0.004102177001536811
2023-12-07,0.00015313205685885123,-0.0024460833310291363,1.0,0.00015313205685885123
2023-12-08,0.008411353168056745,0.0024119195267229276,1.0,0.008411353168056745
2023-12-11,0.011668087900100321,0.005881225080981878,1.0,0.011668087900100321
2023-12-12,0.00819536630674711,0.0021489390647888573,1.0,0.00819536630674711
2023-12-13,-0.01444564259052561,-0.01669135926401366,1.0,-0.01444564259052561
2023-12-14,-0.0029135309004928445,-0.005235361414765216,1.0,-0.0029135309004928445
2023-12-15,-0.006966544455289991,-0.0031062983703374902,1.0,-0.006966544455289991
2023-12-18,-0.0024752798858389546,-0.0036468087565426632,1.0,-0.0024752798858389546
2023-12-19,0.0016843360840173016,0.0014043215498977801,1.0,0.0016843360840173016
2023-12-20,-0.013458323510215475,-0.01095937266762037,1.0,-0.013458323510215475
2023-12-21,0.005596002031136971,0.010119053142709111,1.0,0.005596002031136971
2023-12-22,-3.407264409582833e-05,0.0019089007922195034,1.0,-3.407264409582833e-05
2023-12-25,-0.000820622587302644,0.0030632308292022348,1.0,-0.000820622587302644
2023-12-26,-0.007986325091131508,-0.006769509502574378,1.0,-0.007986325091131508
2023-12-27,0.009976983337935064,0.0034790165105755833,1.0,0.009976983337935064
2023-12-28,0.01622892090552308,0.023433671910189968,1.0,0.01622892090552308
2023-12-29,0.005743806757525061,0.004852659082688282,1.0,0.005743806757525061
2024-01-02,-0.008963634280766741,-0.013044671055275736,1.0,-0.008963634280766741
2024-01-03,-0.0010708462557802445,-0.0023786952816071683,1.0,-0.0010708462557802445
2024-01-04,-0.010116373330924078,-0.00924880171137099,1.0,-0.010116373330924078
2024-01-05,0.0028928335945404005,-0.005360090173683885,1.0,0.0028928335945404005
2024-01-08,-0.005761095576380493,-0.012932880527818824,1.0,-0.005761095576380493
2024-01-09,0.0015122076741396207,0.0019607088910587045,1.0,0.0015122076741396207
2024-01-10,-0.0037606858834129397,-0.004668307608499567,1.0,-0.0037606858834129397
2024-01-11,0.0081492919600048,0.005658214858188293,1.0,0.0081492919600048
2024-01-12,-0.002677406997078746,-0.0034909423775431048,1.0,-0.002677406997078746
2024-01-15,0.00011070422974057692,-0.0009887439635754003,1.0,0.00011070422974057692
2024-01-16,0.008163158508985635,0.006082654572902468,1.0,0.008163158508985635
2024-01-17,-0.017152299045008146,-0.02175004321579832,1.0,-0.017152299045008146
2024-01-18,0.004134300687927306,0.014136091929533023,1.0,0.004134300687927306
2024-01-19,-0.00020930249484285568,-0.0015122779945794251,1.0,-0.00020930249484285568
2024-01-22,-0.022367530976465044,-0.015559076625517143,1.0,-0.022367530976465044
2024-01-23,0.008138240055180379,0.004048368549072645,1.0,0.008138240055180379
2024-01-24,0.016891711167076995,0.01397801297174217,1.0,0.016891711167076995
2024-01-25,0.013129424834925407,0.020081725083960444,1.0,0.013129424834925407
2024-01-26,0.0018337172930114054,-0.002721453996386236,1.0,0.0018337172930114054
2024-01-29,0.0050268094392966756,-0.008956958790802605,1.0,0.0050268094392966756
2024-01-30,-0.017969881559154577,-0.017833658054739354,1.0,-0.017969881559154577
2024-01-31,-0.011369905713931927,-0.00914839628877162,1.0,-0.011369905713931927
2024-02-01,0.00013094395183066432,0.0007336988755008989,1.0,0.00013094395183066432
2024-02-02,-0.009087703853102092,-0.011835525683802195,1.0,-0.009087703853102092
2024-02-05,-0.0044994428295928035,0.006539822462227951,1.0,-0.0044994428295928035
2024-02-06,0.03567688343651443,0.034767417219817576,1.0,0.03567688343651443
2024-02-07,0.015887489374636132,0.009644042402249697,1.0,0.015887489374636132
2024-02-08,0.002390418691266216,0.006370142057870565,1.0,0.002390418691266216
2024-02-19,0.011941855467282991,0.011553911512623749,1.0,0.011941855467282991
2024-02-20,0.005402294106276795,0.002070152139612702,1.0,0.005402294106276795
2024-02-21,0.0097819023742165,0.0134913711644431,1.0,0.0097819023742165
2024-02-22,0.007378692370587414,0.00862149539671897,1.0,0.007378692370587414
2024-02-23,0.0004101862450958116,0.0008796060039670817,1.0,0.0004101862450958116
2024-02-26,-0.003717103540832989,-0.010425728942223156,1.0,-0.003717103540832989
2024-02-27,0.006985556033458851,0.011996698286609986,1.0,0.006985556033458851
2024-02-28,-0.012886967741946864,-0.012741147000816189,1.0,-0.012886967741946864
2024-02-29,0.01436089209645397,0.019077635834843676,1.0,0.01436089209645397
2024-03-01,0.005695762018809392,0.006177670570082672,1.0,0.005695762018809392
2024-03-04,0.0017042791313506278,0.000866300160568434,1.0,0.0017042791313506278
2024-03-05,0.005636798277768529,0.006960354304025973,1.0,0.005636798277768529
2024-03-06,-0.0034185311811368857,-0.0040572547977159035,1.0,-0.0034185311811368857
2024-03-07,-0.004263435787258296,-0.00600628304640527,1.0,-0.004263435787258296
2024-03-08,0.0032554903402872704,0.00430357143110105,1.0,0.0032554903402872704
2024-03-11,-0.002406635909955379,0.012511911797814745,1.0,-0.002406635909955379
2024-03-12,-0.006385445566329695,0.0022930609580489314,1.0,-0.006385445566329695
2024-03-13,-0.006818784416003143,-0.006986224493667703,1.0,-0.006818784416003143
2024-03-14,-0.0019813267564376957,-0.0028379270739994356,1.0,-0.0019813267564376957
2024-03-15,0.004285796501156902,0.0021812503647651305,1.0,0.004285796501156902
2024-03-18,-0.002945968885925132,0.009393575841745383,1.0,-0.002945968885925132
2024-03-19,-0.009354013838867248,-0.007186762528277879,1.0,-0.009354013838867248
2024-03-20,0.003043053135987739,0.0021672166629402856,1.0,0.003043053135987739
2024-03-21,0.0029716639358288166,-0.0011975286997168988,1.0,0.0029716639358288166
2024-03-22,-0.013276146316769988,-0.010077350187939982,1.0,-0.013276146316769988
2024-03-25,-0.007497430269553407,-0.005427048665102463,1.0,-0.007497430269553407
2024-03-26,0.006292351773435234,0.005100540779338747,1.0,0.006292351773435234
2024-03-27,-0.006256029591921286,-0.011558416407132066,1.0,-0.006256029591921286
2024-03-28,0.004180710410845334,0.0051896395858086475,1.0,0.004180710410845334
2024-03-29,0.0044372623511734766,0.004691753805661447,1.0,0.0044372623511734766
2024-04-01,0.020926470021104704,0.01644171254696447,1.0,0.020926470021104704
2024-04-02,-0.003621111017883094,-0.004163562681605004,1.0,-0.003621111017883094
2024-04-03,0.003563912668484992,-0.0035950754437171772,1.0,0.003563912668484992
2024-04-08,-0.007363129601796969,-0.00879964480102613,1.0,-0.007363129601796969
2024-04-09,0.008579792640068806,-0.000825866316262247,1.0,0.008579792640068806
2024-04-10,-0.007826959013216728,-0.008144504050969892,1.0,-0.007826959013216728
2024-04-11,-0.0029655367161263158,-0.00013236478490674664,1.0,-0.0029655367161263158
2024-04-12,-0.017717425786932695,-0.008106111996117216,1.0,-0.017717425786932695
2024-04-15,0.012740681008441168,0.021070309098617734,1.0,0.012740681008441168
2024-04-16,-0.01750925473967957,-0.010696108246093017,1.0,-0.01750925473967957
2024-04-17,0.020171795849035057,0.015461870711938497,1.0,0.020171795849035057
2024-04-18,0.004651948722282695,0.0012337455261020036,1.0,0.004651948722282695
2024-04-19,-0.006529836270243727,-0.007882762566818191,1.0,-0.006529836270243727
2024-04-22,-0.00716216333417663,-0.003037387617378151,1.0,-0.00716216333417663
2024-04-23,-0.013461632154234238,-0.006989597141468962,1.0,-0.013461632154234238
2024-04-24,0.006389936719496614,0.004391332683764793,1.0,0.006389936719496614
2024-04-25,0.006475618485543899,0.0024589238271151004,1.0,0.006475618485543899
2024-04-26,0.01842527659439508,0.01529263404590453,1.0,0.01842527659439508
2024-04-29,0.013394815162466545,0.011060499204775143,1.0,0.013394815162466545
2024-04-30,-0.0059433306018492615,-0.00538591937266486,1.0,-0.0059433306018492615
2024-05-06,0.016977398532739052,0.014838110247816116,1.0,0.016977398532739052
2024-05-07,-0.0003330713288922649,0.0003091684309644016,1.0,-0.0003330713288922649
2024-05-08,-7.262821300080269e-05,-0.007866695876772689,1.0,-7.262821300080269e-05
2024-05-09,0.012123481720590412,0.009458839625650528,1.0,0.012123481720590412
2024-05-10,0.0024181660242075242,0.0004682962024644688,1.0,0.0024181660242075242
2024-05-13,0.009404389354136455,-0.0004327005179176613,1.0,0.009404389354136455
2024-05-14,-0.0010698373645865455,-0.0020862060746354993,1.0,-0.0010698373645865455
2024-05-15,-0.0016882730874783203,-0.008473917222903582,1.0,-0.0016882730874783203
2024-05-16,-0.00019033195613538112,0.003944588940286264,1.0,-0.00019033195613538112
2024-05-17,0.008600889413161283,0.01033150794569937,1.0,0.008600889413161283
2024-05-20,-0.0008724387846942294,0.0035325740593397104,1.0,-0.0008724387846942294
2024-05-21,-0.001023372057937677,-0.004010119528991218,1.0,-0.001023372057937677
2024-05-22,-0.0009038737465247859,0.0022550426312928362,1.0,-0.0009038737465247859
2024-05-23,-0.008824062184873971,-0.011578197131675738,1.0,-0.008824062184873971
2024-05-24,-0.0040077109623719576,-0.011070457434454672,1.0,-0.0040077109623719576
2024-05-27,0.01663978052220827,0.009505132257740856,1.0,0.01663978052220827
2024-05-28,-0.003670003660678045,-0.007298578634438724,1.0,-0.003670003660678045
2024-05-29,-0.0014944730097675718,0.00120523475132428,1.0,-0.0014944730097675718
2024-05-30,-0.005884381031444619,-0.0053161979932986325,1.0,-0.005884381031444619
2024-05-31,-0.0029710555790780635,-0.004002824351285517,1.0,-0.0029710555790780635
2024-06-03,0.005609663589329461,0.0024647445796834866,1.0,0.005609663589329461
2024-06-04,0.0057589651354486016,0.007502086451702361,1.0,0.0057589651354486016
2024-06-05,-0.008604508167772806,-0.005774252604924257,1.0,-0.008604508167772806
2024-06-06,-0.007920128099455193,-0.0007088585002488212,1.0,-0.007920128099455193
2024-06-07,0.002398854992552213,-0.005047288807162098,1.0,0.002398854992552213
2024-06-11,-0.006479651471518855,-0.008739843602651454,1.0,-0.006479651471518855
2024-06-12,0.0022082857826883906,0.0003515222134009566,1.0,0.0022082857826883906
2024-06-13,-0.010304128213074804,-0.005076545745808736,1.0,-0.010304128213074804
2024-06-14,0.004832888439923133,0.004368102531426388,1.0,0.004832888439923133
2024-06-17,-0.007478859210536037,-0.0015062685705238277,1.0,-0.007478859210536037
2024-06-18,0.004110811078086529,0.002655846309084442,1.0,0.004110811078086529
2024-06-19,-0.013199281248921557,-0.004749900312788657,1.0,-0.013199281248921557
2024-06-20,-0.01669246731892482,-0.007217090249263869,1.0,-0.01669246731892482
2024-06-21,0.00039142806326775137,-0.002187063632365094,1.0,0.00039142806326775137
2024-06-24,-0.01181888437632661,-0.005380905555003479,1.0,-0.01181888437632661
2024-06-25,-0.004705510076993824,-0.005438289383757455,1.0,-0.004705510076993824
2024-06-26,0.012890246078657297,0.006467071091048382,1.0,0.012890246078657297
2024-06-27,-0.01766147724911271,-0.007513020273629767,1.0,-0.01766147724911271
2024-06-28,0.0032623499532671296,0.0021827572455193067,1.0,0.0032623499532671296
2024-07-01,0.0009037287151518747,0.004773927630611574,0.0,0.0031739276306115742
2024-07-02,-0.006025073850696727,-0.0018391788332452474,0.0,-0.0018391788332452474
2024-07-03,-0.0048857117694922625,-0.002411323947788535,0.0,-0.002411323947788535
2024-07-04,-0.006226134823846263,-0.005082066276741126,0.0,-0.005082066276741126
2024-07-05,-0.0015665842539726027,-0.004281225027662594,0.0,-0.004281225027662594
2024-07-08,-0.009722087312349026,-0.00853966288265684,0.0,-0.00853966288265684
2024-07-09,0.014259198976682486,0.011185590848785232,0.0,0.011185590848785232
2024-07-10,0.00478962969168939,-0.0031529056929898713,0.0,-0.0031529056929898713
2024-07-11,0.01026495560468832,0.0114329810881455,0.0,0.0114329810881455
2024-07-12,0.003196377984925336,0.0012203557554433253,0.0,0.0012203557554433253
2024-07-15,-0.0028976592155138814,0.001107389255170732,0.0,0.001107389255170732
2024-07-16,0.007393785150895393,0.006339020760523173,0.0,0.006339020760523173
2024-07-17,0.002289655723040518,0.0009435772586359192,0.0,0.0009435772586359192
2024-07-18,0.004322069342104218,0.005525328597038248,0.0,0.005525328597038248
2024-07-19,0.0014754271130461571,0.005136311958399586,0.0,0.005136311958399586
2024-07-22,-0.002073109106357829,-0.00680717541906295,0.0,-0.00680717541906295
2024-07-23,-0.016875304038580174,-0.021350954041720827,0.0,-0.021350954041720827
2024-07-24,-0.00819851046718878,-0.0063117356578267225,0.0,-0.0063117356578267225
2024-07-25,0.00042354543538736245,-0.005527729882539578,0.0,-0.005527729882539578
2024-07-26,0.007332024506413681,0.0029481315938391095,0.0,0.0029481315938391095
2024-07-29,-0.0038574585691609764,-0.005441333278150773,0.0,-0.005441333278150773
2024-07-30,-0.005112575291534971,-0.006299476633728096,0.0,-0.006299476633728096
2024-07-31,0.01654005217075749,0.021577339061663592,0.0,0.021577339061663592
2024-08-01,-0.004894422463187942,-0.006629064644667171,0.0,-0.006629064644667171
2024-08-02,-0.006196972739730522,-0.01019946792098625,0.0,-0.01019946792098625
2024-08-05,-0.008854863361390852,-0.01213553312191784,0.0,-0.01213553312191784
2024-08-06,0.0006722690140639198,-0.00010217387175404102,0.0,-0.00010217387175404102
2024-08-07,0.005554296220187105,-0.00044568034814695956,0.0,-0.00044568034814695956
2024-08-08,-0.00037361403596114506,0.0004333098208613162,0.0,0.0004333098208613162
2024-08-09,0.0022890211784003522,-0.0033831030433151277,0.0,-0.0033831030433151277
2024-08-12,-0.006230487110049254,-0.001729755254143872,0.0,-0.001729755254143872
2024-08-13,0.001201288469502959,0.0025634838701336093,0.0,0.0025634838701336093
2024-08-14,-0.005515060501154911,-0.0075430281811941224,0.0,-0.0075430281811941224
2024-08-15,0.01182557780649618,0.009885687007970434,0.0,0.009885687007970434
2024-08-16,0.0018024779163337001,0.0011014517559044812,0.0,0.0011014517559044812
2024-08-19,0.007256503753746646,0.003387609045101714,0.0,0.003387609045101714
2024-08-20,-0.0030315722085663133,-0.007228040948979109,0.0,-0.007228040948979109
2024-08-21,-0.007569171704200683,-0.003321147630479082,0.0,-0.003321147630479082
2024-08-22,0.0009232345787948404,-0.002558770003326827,0.0,-0.002558770003326827
2024-08-23,0.002795821656431441,0.004242144383038715,0.0,0.004242144383038715
2024-08-26,0.0006356496339745554,-0.0008918635707814149,0.0,-0.0008918635707814149
2024-08-27,-0.006691871830367124,-0.0056823201788112065,0.0,-0.0056823201788112065
2024-08-28,-0.010166619230300378,-0.005699333604369916,0.0,-0.005699333604369916
2024-08-29,-0.01233292623612059,-0.0026820057206223824,0.0,-0.0026820057206223824
2024-08-30,0.003369335804379592,0.013348186516736193,0.0,0.013348186516736193
2024-09-02,-0.015436830300205928,-0.016987038995194936,0.0,-0.016987038995194936
2024-09-03,-0.002756292027334406,0.0025780005029079067,0.0,0.0025780005029079067
2024-09-04,-0.005854318781053691,-0.006495728239892196,0.0,-0.006495728239892196
2024-09-05,0.0011132886387745788,0.0017197467446989911,0.0,0.0017197467446989911
2024-09-06,-0.004532080595344823,-0.008107447398330248,0.0,-0.008107447398330248
2024-09-09,-0.017530801693529274,-0.01188176802005425,0.0,-0.01188176802005425
2024-09-10,-0.0015067166739836102,0.0008780590347814421,0.0,0.0008780590347814421
2024-09-11,-0.006130049914140234,-0.0030119015373893943,0.0,-0.0030119015373893943
2024-09-12,0.0003124404376781964,-0.004285826513225288,0.0,-0.004285826513225288
2024-09-13,-0.0053363318071055765,-0.004169521036684776,0.0,-0.004169521036684776
2024-09-18,0.00954420243373022,0.003723418903301967,0.0,0.003723418903301967
2024-09-19,0.011592702094128216,0.007891964522851236,0.0,0.007891964522851236
2024-09-20,0.004095199358558954,0.0015688185210196437,0.0,0.0015688185210196437
2024-09-23,0.01025059883124424,0.0036594870738808627,0.0,0.0036594870738808627
2024-09-24,0.033981314599460966,0.04331009197407876,0.0,0.04331009197407876
2024-09-25,0.017026570210871617,0.014804697860234306,0.0,0.014804697860234306
2024-09-26,0.04291118179245346,0.04227135235789281,0.0,0.04227135235789281
2024-09-27,0.02704624424860791,0.044668600332991026,0.0,0.044668600332991026
2024-09-30,0.07243529723911091,0.08482622266273232,0.0,0.08482622266273232
2024-10-08,0.038047993228038424,0.05929575100342732,1.0,0.036447993228038426
2024-10-09,-0.06842981619484723,-0.07051351423870533,1.0,-0.06842981619484723
2024-10-10,0.033976801577204396,0.010567282642378606,1.0,0.033976801577204396
2024-10-11,-0.01747031739054894,-0.0276705274934671,1.0,-0.01747031739054894
2024-10-14,0.018219615751750684,0.01908212330471004,1.0,0.018219615751750684
2024-10-15,-0.01742802289031098,-0.026593888980664726,1.0,-0.01742802289031098
2024-10-16,0.005177695190282661,-0.0063293392841365925,1.0,0.005177695190282661
2024-10-17,-0.007551967180615238,-0.011318359041118442,1.0,-0.007551967180615238
2024-10-18,0.012482726522830001,0.036167972956809846,1.0,0.012482726522830001
2024-10-21,-0.0005293957046389464,0.0025382945322496298,1.0,-0.0005293957046389464
2024-10-22,0.006442155477660805,0.005737475837933825,1.0,0.006442155477660805
2024-10-23,0.006004521727727807,0.003899513754633155,1.0,0.006004521727727807
2024-10-24,-0.004327479829502989,-0.011168680307748202,1.0,-0.004327479829502989
2024-10-25,0.0013933079194801135,0.007021829940663693,1.0,0.0013933079194801135
2024-10-28,-0.0028972907761410926,0.001955277256894483,1.0,-0.0028972907761410926
2024-10-29,-0.00273648023883577,-0.009966280598025845,1.0,-0.00273648023883577
2024-10-30,-0.004907774051617575,-0.008969031370703484,1.0,-0.004907774051617575
2024-10-31,-0.002421935502004313,0.0004090296910201907,1.0,-0.002421935502004313
2024-11-01,0.010767276858089092,-0.00026196083946306015,1.0,0.010767276858089092
2024-11-04,0.004644937619626033,0.014072317308986726,1.0,0.004644937619626033
2024-11-05,0.015418329088121574,0.025302059422141587,1.0,0.015418329088121574
2024-11-06,-0.006458935160328583,-0.005016451058795446,1.0,-0.006458935160328583
2024-11-07,0.02679641641657149,0.030169870504388685,1.0,0.02679641641657149
2024-11-08,-0.009964998475941456,-0.010046131707898032,1.0,-0.009964998475941456
2024-11-11,-0.004839838622990644,0.006599388359831204,1.0,-0.004839838622990644
2024-11-12,-0.00516585888884169,-0.010986869649649456,1.0,-0.00516585888884169
2024-11-13,0.011398788404413551,0.006154841359331531,1.0,0.011398788404413551
2024-11-14,-0.01960684599102558,-0.017337121223454655,1.0,-0.01960684599102558
2024-11-15,-0.006729459607655142,-0.01752350859020335,1.0,-0.006729459607655142
2024-11-18,0.018260730909481104,-0.004648774646679343,1.0,0.018260730909481104
2024-11-19,-0.0023885086713572035,0.006710897679074179,1.0,-0.0023885086713572035
2024-11-20,0.0015417828945230028,0.002233277088395047,1.0,0.0015417828945230028
2024-11-21,-0.005295890593077335,0.000884445819000268,1.0,-0.005295890593077335
2024-11-22,-0.027764996138517906,-0.030982644840837792,1.0,-0.027764996138517906
2024-11-25,0.004100544997974742,-0.0045549331325313025,1.0,0.004100544997974742
2024-11-26,-8.455714007848947e-05,-0.002054577245043876,1.0,-8.455714007848947e-05
2024-11-27,0.01597717698886858,0.01741062090060419,1.0,0.01597717698886858
2024-11-28,-0.0014943371567310848,-0.008828719057143108,1.0,-0.0014943371567310848
2024-11-29,0.004964399887925186,0.011370465020404508,1.0,0.004964399887925186
2024-12-02,0.0014691288647634693,0.007927522132046061,0.0,0.006327522132046061
2024-12-03,0.0030951544421180532,0.0010789252898952828,0.0,0.0010789252898952828
2024-12-04,-0.0011996320713391073,-0.00539852919027739,0.0,-0.00539852919027739
2024-12-05,-0.005827553253188289,-0.0022817886768612405,0.0,-0.0022817886768612405
2024-12-06,0.00679469683530165,0.0131457967245463,0.0,0.0131457967245463
2024-12-09,0.0010744549587726748,-0.0016535282354097625,0.0,-0.0016535282354097625
2024-12-10,0.005024917938428075,0.007327765333219327,0.0,0.007327765333219327
2024-12-11,0.002271875794809919,-0.00170338300760009,0.0,-0.00170338300760009
2024-12-12,0.008632429330986735,0.00994627297803663,0.0,0.00994627297803663
2024-12-13,-0.021995114165388907,-0.023662377167826598,0.0,-0.023662377167826598
2024-12-16,-0.0038489857385357595,-0.005425430735347847,0.0,-0.005425430735347847
2024-12-17,0.0019992915326574323,0.002605371342234264,0.0,0.002605371342234264
2024-12-18,0.002346022155587102,0.005062832968225184,0.0,0.005062832968225184
2024-12-19,-0.0027386710374085466,0.0009065448300180634,0.0,0.0009065448300180634
2024-12-20,-0.0038387095680603167,-0.004491081973005184,0.0,-0.004491081973005184
2024-12-23,0.009568095780913666,0.0014837270075716003,0.0,0.0014837270075716003
2024-12-24,0.012137811100404239,0.012740685196085622,0.0,0.012740685196085622
2024-12-25,0.005491329614049079,0.0004872118254637403,0.0,0.0004872118254637403
2024-12-26,-0.0023255128629200428,0.00046441852805623185,0.0,0.00046441852805623185
2024-12-27,-0.0014132369350896568,-0.0016174124605663476,0.0,-0.0016174124605663476
2024-12-30,0.012112209346237579,0.004527520975912136,0.0,0.004527520975912136
2024-12-31,-0.009940939203839427,-0.016039789801335358,0.0,-0.016039789801335358
2025-01-02,-0.026708250168269387,-0.029102488699299323,1.0,-0.028308250168269388
2025-01-03,-0.01213002533164842,-0.011839194018461785,1.0,-0.01213002533164842
2025-01-06,0.0009294453788748491,-0.0016410144531968651,1.0,0.0009294453788748491
2025-01-07,0.002716553990355086,0.0071997925586930744,1.0,0.002716553990355086
2025-01-08,-0.004466330167988697,-0.0018150707349940953,1.0,-0.004466330167988697
2025-01-09,-0.007448773334345238,-0.0024643624763153182,1.0,-0.007448773334345238
2025-01-10,-0.014190312817098483,-0.012539216550759513,1.0,-0.014190312817098483
2025-01-13,-0.003008119790441355,-0.0026705028286013732,1.0,-0.003008119790441355
2025-01-14,0.02124063766628015,0.026333420460855406,1.0,0.02124063766628015
2025-01-15,-0.004088552322923933,-0.006416240428871345,1.0,-0.004088552322923933
2025-01-16,0.008006549545912067,0.001147937342895089,1.0,0.008006549545912067
2025-01-17,0.004010986535204486,0.003146866542629967,1.0,0.004010986535204486
2025-01-20,0.0018626472542841999,0.004546679156274047,1.0,0.0018626472542841999
2025-01-21,-0.0043064397901316775,0.0007671927581140991,1.0,-0.0043064397901316775
2025-01-22,-0.007140958105647521,-0.009288150425773356,1.0,-0.007140958105647521
2025-01-23,0.008633479799516897,0.0017717331022466531,1.0,0.008633479799516897
2025-01-24,0.010591344709614203,0.007655562720718434,1.0,0.010591344709614203
2025-01-27,-0.0005281415549764912,-0.004117939283883265,1.0,-0.0005281415549764912
2025-02-05,-0.006948746442775544,-0.005762362551355316,1.0,-0.006948746442775544
2025-02-06,0.010894372685388731,0.012581168146756472,1.0,0.010894372685388731
2025-02-07,0.010318883245761468,0.012977774668958997,1.0,0.010318883245761468
2025-02-10,0.000512227818172839,0.00214735119259557,1.0,0.000512227818172839
2025-02-11,-0.000478024277142719,-0.004595312999142842,1.0,-0.000478024277142719
2025-02-12,0.0017435237485659005,0.009457950369587964,1.0,0.0017435237485659005
2025-02-13,-0.006361363062835079,-0.0037557192387680516,1.0,-0.006361363062835079
2025-02-14,0.008141431168198432,0.008672852121708985,1.0,0.008141431168198432
2025-02-17,-0.001894842641475325,0.002129926858497555,1.0,-0.001894842641475325
2025-02-18,-0.00459627128908946,-0.008769168289908702,1.0,-0.00459627128908946
2025-02-19,0.0014095188831770855,0.006996887049368183,1.0,0.0014095188831770855
2025-02-20,-0.006031078169253301,-0.0028588431505905954,1.0,-0.006031078169253301
2025-02-21,-0.00073172273730715,0.012611202042792646,1.0,-0.00073172273730715
2025-02-24,-0.0009232574038183783,-0.00219359629040905,1.0,-0.0009232574038183783
2025-02-25,-0.005411661491001807,-0.011100640451211952,1.0,-0.005411661491001807
2025-02-26,0.0041018205730696256,0.008735061870637661,1.0,0.0041018205730696256
2025-02-27,0.004199751525632456,0.0020643235292401307,1.0,0.004199751525632456
2025-02-28,-0.009405872418637329,-0.01967361890815733,1.0,-0.009405872418637329
2025-03-03,0.0027447802999474025,-0.000404853543350181,0.0,-0.002004853543350181
2025-03-04,0.004151420537706674,-0.0008365750079118994,0.0,-0.0008365750079118994
2025-03-05,-0.0005211885309739372,0.004465589188650476,0.0,0.004465589188650476
2025-03-06,0.0027870008485932907,0.013751525725120839,0.0,0.013751525725120839
2025-03-07,0.002199394393382681,-0.0030894509881347343,0.0,-0.0030894509881347343
2025-03-10,-0.009609332767439582,-0.003857110761489757,0.0,-0.003857110761489757
2025-03-11,0.0022419222354930213,0.0032106226381793945,0.0,0.0032106226381793945
2025-03-12,-0.007776832215478868,-0.003598757674812214,0.0,-0.003598757674812214
2025-03-13,-0.0043388087852527235,-0.003985555727998191,0.0,-0.003985555727998191
2025-03-14,0.013338466260426562,0.02428108769263604,0.0,0.02428108769263604
2025-03-17,0.00197546761123113,-0.00243827823527365,0.0,-0.00243827823527365
2025-03-18,-0.001148959002160721,0.0027360222995087558,0.0,0.0027360222995087558
2025-03-19,-0.0018921050747425783,0.0006100970703337705,0.0,0.0006100970703337705
2025-03-20,0.004630937968126414,-0.008771752205892658,0.0,-0.008771752205892658
2025-03-21,-0.010498949927086776,-0.015168886637703216,0.0,-0.015168886637703216
2025-03-24,0.005577220886227918,0.005148037563891261,0.0,0.005148037563891261
2025-03-25,-0.0013108561466053104,-0.0006489449174740258,0.0,-0.0006489449174740258
2025-03-26,-0.004436682359804878,-0.00329031765698351,0.0,-0.00329031765698351
2025-03-27,0.002184023177122185,0.003330929367335367,0.0,0.003330929367335367
2025-03-28,-0.002084856745148911,-0.004385476729204085,0.0,-0.004385476729204085
2025-03-31,-0.006587361553164861,-0.007116070832446364,0.0,-0.007116070832446364
2025-04-01,0.0013311309057104648,9.736821308825583e-05,1.0,-0.0002688690942895353
2025-04-02,0.0023829564359667543,-0.0008483971215664798,1.0,0.0023829564359667543
2025-04-03,-0.0021423320917697275,-0.005890866967951491,1.0,-0.0021423320917697275
2025-04-07,-0.08205838412211919,-0.07045514967046262,1.0,-0.08205838412211919
2025-04-08,0.018388056384077034,0.017082996163803488,1.0,0.018388056384077034
2025-04-09,0.016171452772915096,0.009870632380828193,1.0,0.016171452772915096
2025-04-10,0.010186153696306821,0.013106454027012049,1.0,0.010186153696306821
2025-04-11,0.0007814636093275151,0.00412346061303448,1.0,0.0007814636093275151
2025-04-14,0.0001583912329166104,0.0022998164492906703,1.0,0.0001583912329166104
2025-04-15,0.0007510942014332667,0.0005566695508354425,1.0,0.0007510942014332667
2025-04-16,0.004113511848187423,0.003080265023603479,1.0,0.004113511848187423
2025-04-17,-0.0044228009853735095,-0.00015858162768633832,1.0,-0.0044228009853735095
2025-04-18,-0.001589497486621072,7.976730744463367e-05,1.0,-0.001589497486621072
2025-04-21,0.004119418613685921,0.003275685794360994,1.0,0.004119418613685921
2025-04-22,0.0001040612186975487,-0.00024529175372134393,1.0,0.0001040612186975487
2025-04-23,-0.003784123736938927,0.0007743755325448909,1.0,-0.003784123736938927
2025-04-24,0.0025341780105765377,-0.0006667753928667475,1.0,0.0025341780105765377
2025-04-25,0.0026459677675083615,0.0006966308203342209,1.0,0.0026459677675083615
2025-04-28,-0.003460963305669029,-0.001419305239403923,1.0,-0.003460963305669029
2025-04-29,0.0005093682745027639,-0.0017299734177331771,1.0,0.0005093682745027639
2025-04-30,-0.0007636630802134725,-0.0011936711113711418,1.0,-0.0007636630802134725
2025-05-06,0.00410785566291505,0.01007059806997379,0.0,0.00847059806997379
2025-05-07,0.009105117285109321,0.006061269004120851,0.0,0.006061269004120851
2025-05-08,0.005153612864357449,0.005550983955379785,0.0,0.005550983955379785
2025-05-09,0.00272576981177175,-0.0017492554886566758,0.0,-0.0017492554886566758
2025-05-12,0.00500975732132436,0.011557771724635346,0.0,0.011557771724635346
2025-05-13,0.007438062936005352,0.0014518804456762346,0.0,0.0014518804456762346
2025-05-14,0.005478173171635348,0.012050664094831687,0.0,0.012050664094831687
2025-05-15,-0.0035425494829302018,-0.009132557660878726,0.0,-0.009132557660878726
2025-05-16,-0.0023339397495252268,-0.004636006272728532,0.0,-0.004636006272728532
2025-05-19,-0.003235213665058967,-0.003070156289188164,0.0,-0.003070156289188164
2025-05-20,0.004204075844992383,0.005422855831583195,0.0,0.005422855831583195
2025-05-21,0.005005792523047781,0.004671473451456354,0.0,0.004671473451456354
2025-05-22,0.003296913959368375,-0.0006423277491894863,0.0,-0.0006423277491894863
2025-05-23,-0.006939415689737993,-0.008071560769940644,0.0,-0.008071560769940644
2025-05-26,-0.00403636435513377,-0.005709900802728041,0.0,-0.005709900802728041
2025-05-27,0.0042383658588807105,-0.0053650848563330245,0.0,-0.0053650848563330245
2025-05-28,0.0021896212399135084,-0.0008231240693037378,0.0,-0.0008231240693037378
2025-05-29,0.002636622877149275,0.005855530391425834,0.0,0.005855530391425834
2025-05-30,0.007451583075148038,-0.004785938517424926,0.0,-0.004785938517424926
2025-06-03,0.005812674482303493,0.0030676269245482057,1.0,0.004212674482303493
2025-06-04,0.0035730768184931705,0.004343235940006185,1.0,0.0035730768184931705
2025-06-05,-0.0025684555305552914,0.002277949253231437,1.0,-0.0025684555305552914
2025-06-06,0.009861837016428288,-0.0009210957304880418,1.0,0.009861837016428288
2025-06-09,0.0028293001029562337,0.0029070330980449643,1.0,0.0028293001029562337
2025-06-10,-0.004864120324502674,-0.005091235023245155,1.0,-0.004864120324502674
2025-06-11,0.005928407558281723,0.007543723327272378,1.0,0.005928407558281723
2025-06-12,0.0034013765409486307,-0.0006229097475155543,1.0,0.0034013765409486307
2025-06-13,-0.004747280532946818,-0.007198244118646335,1.0,-0.004747280532946818
2025-06-16,0.0012015668625349196,0.002487693256285839,1.0,0.0012015668625349196
2025-06-17,-0.0024161730509771884,-0.0008819516551094031,1.0,-0.0024161730509771884
2025-06-18,-0.002129417237091702,0.0011864989125354164,1.0,-0.002129417237091702
2025-06-19,-0.012100843216679813,-0.008227055543231554,1.0,-0.012100843216679813
2025-06-20,0.00625144509543496,0.0009245422018608895,1.0,0.00625144509543496
2025-06-23,0.0012483313667632778,0.002926524815408671,1.0,0.0012483313667632778
2025-06-24,0.01130278954298558,0.011957951441788905,1.0,0.01130278954298558
2025-06-25,0.009877435768886,0.014352333286424601,1.0,0.009877435768886
2025-06-26,0.00640866080667335,-0.00354708716738128,1.0,0.00640866080667335
2025-06-27,-0.0032990510693819974,-0.006148398405025679,1.0,-0.0032990510693819974
2025-06-30,0.0004550036749506603,0.003651755342974017,1.0,0.0004550036749506603
2025-07-01,-0.0031458934148589357,0.0016978571391006447,1.0,-0.0031458934148589357
2025-07-02,0.007468126366190875,0.00023407448889889437,1.0,0.007468126366190875
2025-07-03,0.003923628159862025,0.006182720125535335,1.0,0.003923628159862025
2025-07-04,-0.0019745143527255538,0.003562388906882541,1.0,-0.0019745143527255538
2025-07-07,0.000708863796073933,-0.004276225568990322,1.0,0.000708863796073933
2025-07-08,0.005841025214802675,0.008392593859549047,1.0,0.005841025214802675
2025-07-09,-0.0025025094520042535,-0.001763707246055457,1.0,-0.0025025094520042535
2025-07-10,0.013415036988182694,0.004665956105733837,1.0,0.013415036988182694
2025-07-11,-0.0007490544435507784,0.0011926860393338679,1.0,-0.0007490544435507784
2025-07-14,-0.00040336051042266785,0.0007125622726074088,1.0,-0.00040336051042266785
2025-07-15,-0.00837546807533518,0.00034761460367627173,1.0,-0.00837546807533518
2025-07-16,-0.005124127193702366,-0.0029515575814113015,1.0,-0.005124127193702366
2025-07-17,0.003127065753091074,0.00681001374051049,1.0,0.003127065753091074
2025-07-18,0.013305142767940037,0.005962982691001262,1.0,0.013305142767940037
2025-07-21,0.014622208621216437,0.006667063195941569,1.0,0.014622208621216437
2025-07-22,0.013565123423551206,0.008163046119558537,1.0,0.013565123423551206
2025-07-23,-0.001590819714496594,0.00019672450184127221,1.0,-0.001590819714496594
2025-07-24,0.01095243236379595,0.0071043554995868785,1.0,0.01095243236379595
2025-07-25,-0.006851772430227165,-0.005271922389312067,1.0,-0.006851772430227165
2025-07-28,0.00042458478556839374,0.0020984873048641717,1.0,0.00042458478556839374
2025-07-29,-0.0014217918345547087,0.003917115239085778,1.0,-0.0014217918345547087
2025-07-30,0.006823440339759346,-0.00018949790929712051,1.0,0.006823440339759346
2025-07-31,-0.028309864284308484,-0.018222684852631565,1.0,-0.028309864284308484
2025-08-01,0.0010087411166408433,-0.0050698411558057765,1.0,0.0010087411166408433
2025-08-04,0.005987654809184395,0.0038900068425371526,1.0,0.005987654809184395
2025-08-05,0.01066156352102876,0.008044729775498416,1.0,0.01066156352102876
2025-08-06,0.003584084594166592,0.0024455519136337145,1.0,0.003584084594166592
2025-08-07,0.007736532565542964,0.00028705585229782393,1.0,0.007736532565542964
2025-08-08,0.00491327130307373,-0.0023572022613742583,1.0,0.00491327130307373
2025-08-11,0.00308903038413999,0.004273773803145531,1.0,0.00308903038413999
2025-08-12,0.010149213205481455,0.005170295984199713,1.0,0.010149213205481455
2025-08-13,0.003198108096248209,0.00790390482687342,1.0,0.003198108096248209
2025-08-14,-0.0016452530471099402,-0.0007816208179632911,1.0,-0.0016452530471099402
2025-08-15,0.019604979618653262,0.006958548113727536,1.0,0.019604979618653262
2025-08-18,0.006238609730474076,0.008818677858427604,1.0,0.006238609730474076
2025-08-19,-0.0033291943031759086,-0.003783165709871472,1.0,-0.0033291943031759086
2025-08-20,0.01438514054118989,0.011370458515621573,1.0,0.01438514054118989
2025-08-21,0.008290744254608517,0.0039038526937729134,1.0,0.008290744254608517
2025-08-22,0.00917081304531786,0.020971435942042538,1.0,0.00917081304531786
2025-08-25,0.027011677538363088,0.02083692277864846,1.0,0.027011677538363088
2025-08-26,0.018428844532800248,-0.0037212743328440823,1.0,0.018428844532800248
2025-08-27,-0.012042310484988605,-0.014927018327870134,1.0,-0.012042310484988605
2025-08-28,0.017991283659644752,0.017704778516881126,1.0,0.017991283659644752
2025-08-29,0.01292838953275166,0.00738770396941435,1.0,0.01292838953275166
2025-09-01,0.0005609280307272702,0.005993649960034597,1.0,0.0005609280307272702
2025-09-02,0.0052399935166556055,-0.00735199469302994,1.0,0.0052399935166556055
2025-09-03,-0.008520341497759931,-0.006819624069982377,1.0,-0.008520341497759931
2025-09-04,-0.011296711549559357,-0.021216303869546982,1.0,-0.011296711549559357
2025-09-05,0.0017934729949586892,0.021789657928137807,1.0,0.0017934729949586892
2025-09-08,0.0017893649828535363,0.0016250834104036826,1.0,0.0017893649828535363
2025-09-09,-0.003483263510575485,-0.007009375761109604,1.0,-0.003483263510575485
2025-09-10,-0.007897581219652117,0.0020527433658958927,1.0,-0.007897581219652117
2025-09-11,0.010017178982206332,0.02309587678617797,1.0,0.010017178982206332
2025-09-12,-0.00899216188005425,-0.0057247806717385386,1.0,-0.00899216188005425
2025-09-15,-0.0013197873757816447,0.002445312890452467,1.0,-0.0013197873757816447
2025-09-16,-0.00036080723059284114,-0.0021440283647959912,1.0,-0.00036080723059284114
2025-09-17,0.005742392287080511,0.006120769210039123,1.0,0.005742392287080511
2025-09-18,-0.0031634054535459866,-0.011626836427765741,1.0,-0.0031634054535459866
2025-09-19,0.000304604850615231,0.0008471337622097952,1.0,0.000304604850615231
2025-09-22,-0.00187937242330527,0.004595484215122125,1.0,-0.00187937242330527
2025-09-23,0.00010594859422830005,-0.0006257230341430997,1.0,0.00010594859422830005
2025-09-24,0.010973182471500476,0.010242250609604042,1.0,0.010973182471500476
2025-09-25,0.005806985732557557,0.006004440404209221,1.0,0.005806985732557557
2025-09-26,0.0028910924220579837,-0.00945660568359008,1.0,0.0028910924220579837
2025-09-29,0.0033126403666094983,0.015385351809531267,1.0,0.0033126403666094983
2025-09-30,0.00837203970793432,0.00446763292402208,1.0,0.00837203970793432
2025-10-09,0.015577458919288745,0.014822892311246116,1.0,0.015577458919288745
2025-10-10,0.001182453356057156,-0.019672630662990076,1.0,0.001182453356057156
2025-10-13,-0.009786281591596002,-0.004950491939920476,1.0,-0.009786281591596002
2025-10-14,0.00396081098666734,-0.011953495211176945,1.0,0.00396081098666734
2025-10-15,0.007712274850194767,0.014809990358365388,1.0,0.007712274850194767
2025-10-16,0.0006501593506700321,0.0026342035633508676,1.0,0.0006501593506700321
2025-10-17,-0.015767173587260652,-0.02255906985368905,1.0,-0.015767173587260652
2025-10-20,0.003393686049352196,0.005313326102133198,1.0,0.003393686049352196
2025-10-21,0.002595100802013528,0.015347735117563044,1.0,0.002595100802013528
2025-10-22,0.0019005365556794551,-0.003320730623673107,1.0,0.0019005365556794551
2025-10-23,0.004701658050977553,0.002999344593550113,1.0,0.004701658050977553
2025-10-24,0.0009154804143578499,0.011796511885009409,1.0,0.0009154804143578499
2025-10-27,0.004506601369850705,0.011872743557892473,1.0,0.004506601369850705
2025-10-28,-0.005016729850041091,-0.005098707625962318,1.0,-0.005016729850041091
2025-10-29,0.006833159301434577,0.011906462377341054,1.0,0.006833159301434577
2025-10-30,0.006750454355205049,-0.00798822571402924,1.0,0.006750454355205049
2025-10-31,0.0019647798578443787,-0.014701636612666436,1.0,0.0019647798578443787
2025-11-03,0.005642799750385841,0.0027442603301301993,1.0,0.005642799750385841
2025-11-04,-0.009427469667258048,-0.0074577253445586855,1.0,-0.009427469667258048
2025-11-05,0.006366957108144833,0.0018529027329989844,1.0,0.006366957108144833
2025-11-06,0.021836381600082166,0.01429490516735954,1.0,0.021836381600082166
2025-11-07,0.010727321353151131,-0.0031126241188909054,1.0,0.010727321353151131
2025-11-10,0.010411959732492981,0.003474463421602847,1.0,0.010411959732492981
2025-11-11,-0.007944852548280479,-0.009134129265100266,1.0,-0.007944852548280479
2025-11-12,-0.008752614297771522,-0.001345094021268145,1.0,-0.008752614297771522
2025-11-13,0.014135202803578606,0.012089327039823683,1.0,0.014135202803578606
2025-11-14,-0.027718225132140173,-0.01572370046595184,1.0,-0.027718225132140173
2025-11-17,0.008427525116955215,-0.006500948826135278,1.0,0.008427525116955215
2025-11-18,-0.012818215897471785,-0.006493988487517255,1.0,-0.012818215897471785
2025-11-19,0.003978558704480717,0.004399858079545238,1.0,0.003978558704480717
2025-11-20,-0.012918155942922893,-0.005087709976273946,1.0,-0.012918155942922893
2025-11-21,-0.03296653284189077,-0.024390352898410628,1.0,-0.03296653284189077
2025-11-24,-0.010103887892493613,-0.0012483811999961514,1.0,-0.010103887892493613
2025-11-25,0.007305517037798914,0.009522582019015013,1.0,0.007305517037798914
2025-11-26,-5.920205987364202e-05,0.006061992586102516,1.0,-5.920205987364202e-05
2025-11-27,0.0056821174563808086,-0.0004920283896928668,1.0,0.0056821174563808086
2025-11-28,0.008563683364862129,0.0024934431651024713,1.0,0.008563683364862129
2025-12-01,0.011120903506135482,0.0110067869884507,1.0,0.011120903506135482
2025-12-02,0.0013681432381638103,-0.004840155074452679,1.0,0.0013681432381638103
2025-12-03,0.0005832528109932511,-0.005112953160864575,1.0,0.0005832528109932511
2025-12-04,-0.003489509228194465,0.0034247701514389384,1.0,-0.003489509228194465
2025-12-05,0.003978967577634496,0.00835144516969999,1.0,0.003978967577634496
2025-12-08,-0.007464843067649496,0.008118093849742936,1.0,-0.007464843067649496
2025-12-09,-0.010518665961559814,-0.005091421450446942,1.0,-0.010518665961559814
2025-12-10,0.002860251517091683,-0.0013909503131558365,1.0,0.002860251517091683
2025-12-11,-0.0035971756231411023,-0.008633273294054389,1.0,-0.0035971756231411023
2025-12-12,0.009992457488255946,0.006318987752869765,1.0,0.009992457488255946
2025-12-15,0.003217133008249995,-0.006306639452515306,1.0,0.003217133008249995
2025-12-16,0.0016539498788330498,-0.01197372283965692,1.0,0.0016539498788330498
2025-12-17,0.015452188364099673,0.01830339132077219,1.0,0.015452188364099673
2025-12-18,0.002867294251202024,-0.005913349163459758,1.0,0.002867294251202024
2025-12-19,0.009133433351172782,0.003379354464773998,1.0,0.009133433351172782
2025-12-22,-0.003802685650608262,0.009510443561734139,1.0,-0.003802685650608262
2025-12-23,-0.001594534938389236,0.001975573244433315,1.0,-0.001594534938389236
2025-12-24,0.0020675346409024797,0.0028836327110881577,1.0,0.0020675346409024797
2025-12-25,-0.00046765986035779417,0.0018293035828247373,1.0,-0.00046765986035779417
2025-12-26,-0.002689243835127142,0.0031672992843112535,1.0,-0.002689243835127142
2025-12-29,-0.0011724197046611984,-0.0038365856172325463,1.0,-0.0011724197046611984
2025-12-30,0.0022788002168441235,0.0025670930770997913,1.0,0.0022788002168441235
2025-12-31,-0.0009784679014003261,-0.0045884770946363895,1.0,-0.0009784679014003261
