ts_code,trade_date,open,high,low,close,pre_close,change,pct_chg,vol,amount
000001.SZ,20250102,11.73,11.77,11.39,11.43,11.7,-0.27,-2.3077,1819596.99,2102923.078
000002.SZ,20250102,7.25,7.36,7.07,7.11,7.26,-0.15,-2.0661,1182666.05,854487.563
000004.SZ,20250102,13.73,14.39,13.33,14.18,13.84,0.34,2.4566,119760.37,167987.024
000006.SZ,20250102,7.23,7.52,7.18,7.25,7.32,-0.07,-0.9563,307195.1,225252.942
000007.SZ,20250102,7.0,7.27,6.94,7.02,7.03,-0.01,-0.1422,68219.01,48456.355
000008.SZ,20250102,2.95,2.98,2.81,2.84,2.9,-0.06,-2.069,1095700.44,316812.796
000009.SZ,20250102,9.16,9.17,8.82,8.9,9.15,-0.25,-2.7322,239104.54,215305.581
000010.SZ,20250102,2.79,2.83,2.67,2.71,2.81,-0.1,-3.5587,347095.0,95665.836
000011.SZ,20250102,8.7,8.86,8.55,8.62,8.74,-0.12,-1.373,42325.1,36956.749
000012.SZ,20250102,5.29,5.31,5.11,5.14,5.28,-0.14,-2.6515,163923.12,85557.805
000001.SZ,20250103,11.44,11.54,11.36,11.38,11.43,-0.05,-0.4374,1154680.44,1320520.978
000002.SZ,20250103,7.17,7.18,6.96,7.0,7.11,-0.11,-1.5471,1124915.16,795154.845
000004.SZ,20250103,14.2,14.4,12.76,12.8,14.18,-1.38,-9.732,123929.75,164927.377
000006.SZ,20250103,7.3,7.45,6.86,6.91,7.25,-0.34,-4.6897,392405.05,275530.027
000007.SZ,20250103,6.99,7.02,6.6,6.6,7.02,-0.42,-5.9829,79353.0,53622.184
000008.SZ,20250103,2.84,2.85,2.63,2.65,2.84,-0.19,-6.6901,1177823.73,319412.025
000009.SZ,20250103,8.9,8.97,8.68,8.72,8.9,-0.18,-2.0225,143679.27,126688.166
000010.SZ,20250103,2.75,2.78,2.61,2.64,2.71,-0.07,-2.583,283047.16,75658.571
000011.SZ,20250103,8.55,8.68,8.27,8.27,8.62,-0.35,-4.0603,48118.09,40593.401
000012.SZ,20250103,5.16,5.22,5.06,5.08,5.14,-0.06,-1.1673,160820.37,82624.045
000001.SZ,20250106,11.38,11.48,11.22,11.44,11.38,0.06,0.5272,1085536.3,1234305.778
000002.SZ,20250106,6.99,7.01,6.89,6.98,7.0,-0.02,-0.2857,850856.61,591154.773
000004.SZ,20250106,12.4,12.93,12.1,12.52,12.8,-0.28,-2.1875,84810.46,106111.266
000006.SZ,20250106,6.78,6.9,6.5,6.7,6.91,-0.21,-3.0391,321402.29,216461.997
000007.SZ,20250106,6.61,6.74,6.39,6.63,6.6,0.03,0.4545,38070.66,25114.735
000008.SZ,20250106,2.61,2.71,2.55,2.58,2.65,-0.07,-2.6415,908432.13,236957.732
000009.SZ,20250106,8.7,8.81,8.64,8.74,8.72,0.02,0.2294,108030.32,94111.507
000010.SZ,20250106,2.59,2.74,2.53,2.64,2.64,0.0,0.0,268367.18,70149.192
000011.SZ,20250106,8.28,8.41,8.15,8.3,8.27,0.03,0.3628,29201.33,24182.482
000012.SZ,20250106,5.08,5.16,5.06,5.12,5.08,0.04,0.7874,127604.75,65223.298
000001.SZ,20250107,11.42,11.53,11.37,11.51,11.44,0.07,0.6119,747862.88,858329.049
000002.SZ,20250107,6.96,7.05,6.92,7.05,6.98,0.07,1.0029,720471.05,504087.513
000004.SZ,20250107,12.65,13.12,12.65,13.11,12.52,0.59,4.7125,86097.07,110966.824
000006.SZ,20250107,6.72,6.86,6.66,6.85,6.7,0.15,2.2388,236841.5,160237.518
000007.SZ,20250107,6.63,6.93,6.58,6.93,6.63,0.3,4.5249,31994.9,21530.88
000008.SZ,20250107,2.6,2.66,2.59,2.66,2.58,0.08,3.1008,711488.54,186369.92
000009.SZ,20250107,8.7,8.8,8.66,8.73,8.74,-0.01,-0.1144,101469.23,88586.233
000010.SZ,20250107,2.64,2.9,2.6,2.9,2.64,0.26,9.8485,506843.0,141152.295
000011.SZ,20250107,8.29,8.56,8.29,8.53,8.3,0.23,2.7711,35943.07,30311.409
000012.SZ,20250107,5.12,5.14,5.04,5.09,5.12,-0.03,-0.5859,114092.49,57969.424
000001.SZ,20250108,11.5,11.63,11.4,11.5,11.51,-0.01,-0.0869,1062386.01,1223598.997
000002.SZ,20250108,7.02,7.03,6.83,6.96,7.05,-0.09,-1.2766,912683.96,632775.676
000004.SZ,20250108,13.03,13.48,12.89,13.4,13.11,0.29,2.2121,99782.01,132231.151
000006.SZ,20250108,6.8,7.05,6.68,6.96,6.85,0.11,1.6058,366920.74,253004.65
000007.SZ,20250108,6.93,7.0,6.7,6.93,6.93,0.0,0.0,38617.0,26524.725
000008.SZ,20250108,2.64,2.65,2.53,2.64,2.66,-0.02,-0.7519,874396.2,226959.518
000009.SZ,20250108,8.73,8.73,8.43,8.63,8.73,-0.1,-1.1455,178207.21,152765.551
000010.SZ,20250108,2.92,3.04,2.8,2.96,2.9,0.06,2.069,606705.95,177861.793
000011.SZ,20250108,8.45,8.55,8.29,8.45,8.53,-0.08,-0.9379,31871.0,26826.321
000012.SZ,20250108,5.1,5.1,4.97,5.06,5.09,-0.03,-0.5894,134847.18,67929.527
000001.SZ,20250109,11.5,11.5,11.35,11.4,11.5,-0.1,-0.8696,751483.3,857836.086
000002.SZ,20250109,6.93,7.01,6.91,6.95,6.96,-0.01,-0.1437,674686.02,469936.432
000004.SZ,20250109,13.36,13.53,13.21,13.26,13.4,-0.14,-1.0448,82884.3,110927.265
000006.SZ,20250109,6.88,6.99,6.81,6.9,6.96,-0.06,-0.8621,209080.67,144172.288
000007.SZ,20250109,6.91,7.2,6.83,7.13,6.93,0.2,2.886,60121.0,42760.306
000008.SZ,20250109,2.62,2.68,2.59,2.65,2.64,0.01,0.3788,668381.23,176989.613
000009.SZ,20250109,8.57,8.66,8.54,8.58,8.63,-0.05,-0.5794,111297.79,95622.704
000010.SZ,20250109,2.93,3.02,2.87,2.96,2.96,0.0,0.0,335011.0,98825.95
000011.SZ,20250109,8.45,8.48,8.37,8.43,8.45,-0.02,-0.2367,19760.38,16682.162
000012.SZ,20250109,5.06,5.06,4.99,4.99,5.06,-0.07,-1.3834,97296.31,48785.174
000001.SZ,20250110,11.4,11.46,11.28,11.3,11.4,-0.1,-0.8772,798133.51,905005.041
000002.SZ,20250110,6.96,7.03,6.69,6.69,6.95,-0.26,-3.741,1338797.76,909001.068
000004.SZ,20250110,13.26,13.36,12.5,12.51,13.26,-0.75,-5.6561,82023.45,105864.325
000006.SZ,20250110,6.94,7.06,6.71,6.72,6.9,-0.18,-2.6087,245929.0,169348.735
000007.SZ,20250110,7.05,7.08,6.76,6.77,7.13,-0.36,-5.0491,39853.5,27600.213
000008.SZ,20250110,2.64,2.86,2.58,2.71,2.65,0.06,2.2642,1534060.24,416832.463
000009.SZ,20250110,8.57,8.62,8.4,8.4,8.58,-0.18,-2.0979,122633.2,103976.202
000010.SZ,20250110,2.96,3.05,2.92,2.98,2.96,0.02,0.6757,399842.01,119444.983
000011.SZ,20250110,8.41,8.47,8.15,8.16,8.43,-0.27,-3.2028,41390.0,34305.517
000012.SZ,20250110,5.0,5.01,4.91,4.91,4.99,-0.08,-1.6032,91368.64,45229.393
000001.SZ,20250113,11.25,11.26,11.08,11.2,11.3,-0.1,-0.885,934966.18,1044904.416
000002.SZ,20250113,6.6,6.77,6.55,6.76,6.69,0.07,1.0463,911146.92,611005.036
000004.SZ,20250113,12.39,12.51,11.87,12.47,12.51,-0.04,-0.3197,69987.0,86099.245
000006.SZ,20250113,6.55,6.68,6.31,6.63,6.72,-0.09,-1.3393,231848.73,151139.935
000007.SZ,20250113,6.69,6.83,6.58,6.82,6.77,0.05,0.7386,30449.67,20435.487
000008.SZ,20250113,2.65,2.69,2.57,2.62,2.71,-0.09,-3.321,787479.06,205781.496
000009.SZ,20250113,8.31,8.49,8.28,8.43,8.4,0.03,0.3571,97820.65,82257.208
000010.SZ,20250113,2.95,3.11,2.86,3.06,2.98,0.08,2.6846,487803.0,147966.308
000011.SZ,20250113,8.1,8.22,7.95,8.22,8.16,0.06,0.7353,30008.07,24324.473
000012.SZ,20250113,4.89,4.95,4.81,4.93,4.91,0.02,0.4073,107321.51,52709.369
000001.SZ,20250114,11.2,11.4,11.19,11.38,11.2,0.18,1.6071,824628.95,934467.766
000002.SZ,20250114,6.76,6.93,6.75,6.91,6.76,0.15,2.2189,1116454.28,765177.082
000004.SZ,20250114,12.53,13.2,12.53,13.2,12.47,0.73,5.854,78520.0,101668.375
000006.SZ,20250114,6.63,6.88,6.6,6.86,6.63,0.23,3.4691,218837.94,148318.578
000007.SZ,20250114,6.82,7.03,6.81,7.03,6.82,0.21,3.0792,38559.57,26768.652
000008.SZ,20250114,2.62,2.76,2.62,2.76,2.62,0.14,5.3435,1088188.79,294257.862
000009.SZ,20250114,8.44,8.64,8.39,8.58,8.43,0.15,1.7794,187425.08,160005.258
000010.SZ,20250114,3.07,3.18,3.0,3.14,3.06,0.08,2.6144,482003.0,150216.913
000011.SZ,20250114,8.31,8.4,8.22,8.38,8.22,0.16,1.9465,41256.0,34313.738
000012.SZ,20250114,4.93,5.04,4.92,5.03,4.93,0.1,2.0284,159084.59,79299.77
000001.SZ,20250115,11.38,11.58,11.36,11.48,11.38,0.1,0.8787,1031630.82,1185403.653
000002.SZ,20250115,6.88,6.96,6.79,6.86,6.91,-0.05,-0.7236,887294.29,608363.557
000004.SZ,20250115,13.57,13.9,13.28,13.42,13.2,0.22,1.6667,117410.0,158510.948
000006.SZ,20250115,6.84,6.96,6.74,6.78,6.86,-0.08,-1.1662,218676.39,149121.52
000007.SZ,20250115,7.02,7.15,6.96,7.04,7.03,0.01,0.1422,44835.0,31659.627
000008.SZ,20250115,2.74,2.75,2.68,2.7,2.76,-0.06,-2.1739,677443.0,183127.751
000009.SZ,20250115,8.62,8.79,8.45,8.61,8.58,0.03,0.3497,236632.9,204164.272
000010.SZ,20250115,3.13,3.13,2.97,3.0,3.14,-0.14,-4.4586,367350.0,111104.269
000011.SZ,20250115,8.35,8.57,8.27,8.39,8.38,0.01,0.1193,35166.0,29523.034
000012.SZ,20250115,5.04,5.07,4.98,5.06,5.03,0.03,0.5964,134497.63,67562.16
000001.SZ,20250116,11.55,11.59,11.47,11.57,11.48,0.09,0.784,872963.99,1007689.274
000002.SZ,20250116,6.9,7.07,6.84,6.88,6.86,0.02,0.2915,1110545.28,771648.218
000004.SZ,20250116,13.56,13.84,13.36,13.59,13.42,0.17,1.2668,95929.01,130617.43
000006.SZ,20250116,6.79,7.0,6.79,6.87,6.78,0.09,1.3274,212780.52,146433.956
000007.SZ,20250116,7.04,7.15,7.0,7.08,7.04,0.04,0.5682,42008.34,29752.91
000008.SZ,20250116,2.71,2.77,2.68,2.72,2.7,0.02,0.7407,690799.0,188358.081
000009.SZ,20250116,8.64,8.85,8.61,8.65,8.61,0.04,0.4646,155149.71,135283.068
000010.SZ,20250116,2.98,3.02,2.88,2.94,3.0,-0.06,-2.0,409340.01,120509.429
000011.SZ,20250116,8.38,8.52,8.33,8.37,8.39,-0.02,-0.2384,34046.31,28699.348
000012.SZ,20250116,5.05,5.13,5.03,5.08,5.06,0.02,0.3953,125644.22,63815.581
000001.SZ,20250117,11.53,11.55,11.42,11.45,11.57,-0.12,-1.0372,689764.86,791230.419
000002.SZ,20250117,6.58,6.65,6.45,6.63,6.88,-0.25,-3.6337,3620282.75,2369977.993
000004.SZ,20250117,13.48,13.54,13.19,13.3,13.59,-0.29,-2.1339,69347.0,92345.381
000006.SZ,20250117,6.77,6.83,6.66,6.8,6.87,-0.07,-1.0189,201219.96,136090.931
000007.SZ,20250117,7.01,7.23,6.98,7.1,7.08,0.02,0.2825,50815.34,36213.389
000008.SZ,20250117,2.7,2.71,2.66,2.69,2.72,-0.03,-1.1029,463244.0,124460.114
000009.SZ,20250117,8.62,8.69,8.58,8.66,8.65,0.01,0.1156,88403.44,76362.5
000010.SZ,20250117,2.91,2.96,2.86,2.92,2.94,-0.02,-0.6803,210869.0,61318.076
000011.SZ,20250117,8.33,8.5,8.27,8.39,8.37,0.02,0.2389,30920.01,25939.736
000012.SZ,20250117,5.05,5.11,5.03,5.09,5.08,0.01,0.1969,84481.41,42984.125
000001.SZ,20250120,11.5,11.52,11.4,11.42,11.45,-0.03,-0.262,832029.13,953092.179
000002.SZ,20250120,6.6,6.94,6.48,6.85,6.63,0.22,3.3183,2988167.47,2009728.944
000004.SZ,20250120,11.97,11.97,11.97,11.97,13.3,-1.33,-10.0,44590.0,53374.23
000006.SZ,20250120,6.9,7.48,6.7,7.48,6.8,0.68,10.0,400798.22,291054.654
000007.SZ,20250120,7.12,7.33,7.03,7.19,7.1,0.09,1.2676,65183.85,47183.57
000008.SZ,20250120,2.68,2.7,2.62,2.66,2.69,-0.03,-1.1152,584978.0,155244.01
000009.SZ,20250120,8.71,8.85,8.67,8.72,8.66,0.06,0.6928,107580.98,93976.19
000010.SZ,20250120,2.95,3.0,2.89,2.9,2.92,-0.02,-0.6849,256138.0,75139.765
000011.SZ,20250120,8.39,8.62,8.25,8.56,8.39,0.17,2.0262,48809.07,41398.294
000012.SZ,20250120,5.06,5.09,4.92,4.93,5.09,-0.16,-3.1434,242900.92,120560.489
000001.SZ,20250121,11.45,11.45,11.32,11.33,11.42,-0.09,-0.7881,902068.94,1024879.174
000002.SZ,20250121,6.84,7.54,6.82,7.36,6.85,0.51,7.4453,5849397.09,4290640.172
000004.SZ,20250121,11.25,11.82,11.25,11.45,11.97,-0.52,-4.3442,209233.0,238461.195
000006.SZ,20250121,7.36,8.23,7.25,7.58,7.48,0.1,1.3369,928768.09,724160.017
000007.SZ,20250121,7.25,7.28,7.1,7.13,7.19,-0.06,-0.8345,39040.57,27908.295
000008.SZ,20250121,2.67,2.68,2.6,2.61,2.66,-0.05,-1.8797,515785.0,135405.726
000009.SZ,20250121,8.8,8.83,8.6,8.64,8.72,-0.08,-0.9174,85851.74,74322.337
000010.SZ,20250121,2.89,3.06,2.88,2.96,2.9,0.06,2.069,363304.0,107852.855
000011.SZ,20250121,8.54,8.76,8.47,8.5,8.56,-0.06,-0.7009,64328.0,55462.651
000012.SZ,20250121,4.93,4.96,4.87,4.91,4.93,-0.02,-0.4057,128213.36,62869.215
000001.SZ,20250122,11.32,11.33,11.08,11.09,11.33,-0.24,-2.1183,1347129.22,1504818.607
000002.SZ,20250122,7.27,7.36,6.98,7.02,7.36,-0.34,-4.6196,3448727.8,2457396.391
000004.SZ,20250122,11.09,11.2,10.7,10.8,11.45,-0.65,-5.6769,143337.51,155645.548
000006.SZ,20250122,7.1,7.35,6.98,7.03,7.58,-0.55,-7.2559,559390.23,399372.316
000007.SZ,20250122,7.03,7.11,6.94,6.97,7.13,-0.16,-2.244,36341.67,25446.175
000008.SZ,20250122,2.61,2.61,2.55,2.56,2.61,-0.05,-1.9157,404834.6,103973.19
000009.SZ,20250122,8.64,8.64,8.46,8.56,8.64,-0.08,-0.9259,103666.08,88498.864
000010.SZ,20250122,2.92,2.93,2.75,2.78,2.96,-0.18,-6.0811,326129.0,90991.542
000011.SZ,20250122,8.5,8.5,8.31,8.33,8.5,-0.17,-2.0,39333.0,32933.804
000012.SZ,20250122,4.9,4.91,4.86,4.9,4.91,-0.01,-0.2037,87356.36,42643.192
000001.SZ,20250123,11.17,11.4,11.17,11.32,11.09,0.23,2.0739,1514920.27,1715172.472
000002.SZ,20250123,7.15,7.7,7.08,7.36,7.02,0.34,4.8433,4416581.31,3245710.622
000004.SZ,20250123,10.83,11.29,10.58,10.6,10.8,-0.2,-1.8519,123121.5,134778.076
000006.SZ,20250123,7.16,7.31,6.88,6.88,7.03,-0.15,-2.1337,453150.36,322820.712
000007.SZ,20250123,7.01,7.17,6.93,6.96,6.97,-0.01,-0.1435,38623.44,27229.966
000008.SZ,20250123,2.59,2.66,2.56,2.56,2.56,0.0,0.0,585980.6,152836.105
000009.SZ,20250123,8.65,8.77,8.52,8.53,8.56,-0.03,-0.3505,129813.41,112114.181
000010.SZ,20250123,2.79,2.9,2.74,2.76,2.78,-0.02,-0.7194,271337.0,76783.016
000011.SZ,20250123,8.13,8.28,8.08,8.09,8.33,-0.24,-2.8812,74531.88,60915.366
000012.SZ,20250123,4.93,4.98,4.92,4.94,4.9,0.04,0.8163,162352.3,80405.597
000001.SZ,20250124,11.32,11.39,11.22,11.34,11.32,0.02,0.1767,944944.21,1069899.088
000002.SZ,20250124,7.33,7.54,7.21,7.39,7.36,0.03,0.4076,2555024.24,1885566.128
000004.SZ,20250124,10.5,10.68,10.35,10.53,10.6,-0.07,-0.6604,86430.01,90632.445
000006.SZ,20250124,6.89,7.1,6.74,7.05,6.88,0.17,2.4709,403265.04,279512.884
000007.SZ,20250124,6.97,7.1,6.83,6.9,6.96,-0.06,-0.8621,47635.44,32994.383
000008.SZ,20250124,2.57,2.58,2.52,2.57,2.56,0.01,0.3906,454077.34,115635.397
000009.SZ,20250124,8.54,8.63,8.51,8.54,8.53,0.01,0.1172,118421.43,101515.626
000010.SZ,20250124,2.76,2.78,2.69,2.77,2.76,0.01,0.3623,165481.0,45571.455
000011.SZ,20250124,8.03,8.14,8.01,8.1,8.09,0.01,0.1236,39822.96,32133.335
000012.SZ,20250124,4.95,4.97,4.9,4.95,4.94,0.01,0.2024,131301.39,64862.927
000001.SZ,20250127,11.38,11.55,11.38,11.47,11.34,0.13,1.1464,1151934.71,1324270.607
000002.SZ,20250127,7.38,7.56,7.22,7.27,7.39,-0.12,-1.6238,2151753.29,1580357.769
000004.SZ,20250127,10.58,10.77,10.35,10.41,10.53,-0.12,-1.1396,69209.5,72925.019
000006.SZ,20250127,6.99,7.17,6.71,6.77,7.05,-0.28,-3.9716,303623.0,209665.102
000007.SZ,20250127,6.95,7.13,6.91,6.95,6.9,0.05,0.7246,46303.1,32535.499
000008.SZ,20250127,2.58,2.61,2.52,2.52,2.57,-0.05,-1.9455,461239.6,118119.255
000009.SZ,20250127,8.53,8.59,8.31,8.31,8.54,-0.23,-2.6932,197030.2,165998.31
000010.SZ,20250127,2.79,3.02,2.76,2.77,2.77,0.0,0.0,236718.0,67332.932
000011.SZ,20250127,8.09,8.27,8.09,8.1,8.1,0.0,0.0,36332.0,29715.97
000012.SZ,20250127,4.96,5.04,4.95,4.98,4.95,0.03,0.6061,120626.88,60318.922
000001.SZ,20250205,11.5,11.52,11.33,11.37,11.47,-0.1,-0.8718,843433.7,961193.579
000002.SZ,20250205,7.05,7.18,6.88,6.97,7.27,-0.3,-4.1265,2765846.82,1931084.569
000004.SZ,20250205,10.65,11.45,10.62,11.45,10.41,1.04,9.9904,100505.47,112119.188
000006.SZ,20250205,6.7,6.94,6.5,6.75,6.77,-0.02,-0.2954,366680.02,243782.449
000007.SZ,20250205,7.0,7.03,6.9,7.0,6.95,0.05,0.7194,38044.0,26474.93
000008.SZ,20250205,2.55,2.59,2.53,2.58,2.52,0.06,2.381,566340.83,145207.814
000009.SZ,20250205,8.36,8.42,8.28,8.37,8.31,0.06,0.722,125831.02,104751.983
000010.SZ,20250205,2.83,2.99,2.78,2.92,2.77,0.15,5.4152,333974.0,96721.52
000011.SZ,20250205,8.16,8.22,8.1,8.15,8.1,0.05,0.6173,22135.59,18013.818
000012.SZ,20250205,4.99,5.01,4.92,4.93,4.98,-0.05,-1.004,108777.78,53926.878
000001.SZ,20250206,11.35,11.45,11.3,11.36,11.37,-0.01,-0.088,955603.25,1084793.176
000002.SZ,20250206,6.97,7.16,6.92,7.02,6.97,0.05,0.7174,1868805.47,1316869.589
000004.SZ,20250206,11.62,12.17,11.56,11.88,11.45,0.43,3.7555,217442.47,257024.218
000006.SZ,20250206,6.76,6.88,6.65,6.83,6.75,0.08,1.1852,256377.99,173875.713
000007.SZ,20250206,7.02,7.12,6.94,7.0,7.0,0.0,0.0,55139.0,38602.576
000008.SZ,20250206,2.58,2.73,2.58,2.67,2.58,0.09,3.4884,1024362.03,271732.889
000009.SZ,20250206,8.34,8.55,8.29,8.5,8.37,0.13,1.5532,193929.16,164350.599
000010.SZ,20250206,2.93,2.94,2.8,2.9,2.92,-0.02,-0.6849,252095.0,72049.784
000011.SZ,20250206,8.1,8.18,7.97,8.18,8.15,0.03,0.3681,49757.07,40242.758
000012.SZ,20250206,4.92,4.97,4.89,4.96,4.93,0.03,0.6085,92085.6,45465.612
000001.SZ,20250207,11.36,11.45,11.31,11.38,11.36,0.02,0.1761,1407492.62,1601621.98
000002.SZ,20250207,7.05,7.65,7.01,7.42,7.02,0.4,5.698,3269215.82,2417401.435
000004.SZ,20250207,11.88,13.07,11.8,12.7,11.88,0.82,6.9024,220911.46,277873.724
000006.SZ,20250207,6.8,7.12,6.8,6.97,6.83,0.14,2.0498,331227.99,231726.933
000007.SZ,20250207,7.01,7.1,6.86,6.95,7.0,-0.05,-0.7143,83418.72,58293.735
000008.SZ,20250207,2.66,2.76,2.65,2.71,2.67,0.04,1.4981,1078208.87,292514.626
000009.SZ,20250207,8.54,8.72,8.49,8.62,8.5,0.12,1.4118,268804.66,231166.07
000010.SZ,20250207,2.88,2.95,2.86,2.91,2.9,0.01,0.3448,220004.0,64067.733
000011.SZ,20250207,8.15,8.34,8.13,8.27,8.18,0.09,1.1002,58525.32,48397.099
000012.SZ,20250207,4.95,5.08,4.94,5.06,4.96,0.1,2.0161,195638.76,98534.167
000001.SZ,20250210,11.38,11.5,11.36,11.43,11.38,0.05,0.4394,1026590.93,1174044.624
000002.SZ,20250210,7.39,7.45,7.27,7.42,7.42,0.0,0.0,1862257.73,1370839.101
000004.SZ,20250210,12.95,13.97,12.6,13.97,12.7,1.27,10.0,194050.0,259610.794
000006.SZ,20250210,6.91,7.29,6.91,7.28,6.97,0.31,4.4476,407276.7,289987.123
000007.SZ,20250210,7.0,7.02,6.86,6.91,6.95,-0.04,-0.5755,67229.0,46460.423
000008.SZ,20250210,2.73,2.78,2.71,2.78,2.71,0.07,2.583,996003.26,273197.184
000009.SZ,20250210,8.64,8.67,8.48,8.54,8.62,-0.08,-0.9281,273503.13,233575.714
000010.SZ,20250210,2.89,3.0,2.89,2.98,2.91,0.07,2.4055,266854.0,79062.509
000011.SZ,20250210,8.33,8.49,8.25,8.48,8.27,0.21,2.5393,54314.0,45693.705
000012.SZ,20250210,5.06,5.07,5.01,5.03,5.06,-0.03,-0.5929,143061.76,72035.766
000001.SZ,20250211,11.4,11.47,11.37,11.42,11.43,-0.01,-0.0875,844520.03,963865.615
000002.SZ,20250211,7.46,7.54,7.22,7.24,7.42,-0.18,-2.4259,1736090.54,1268761.11
000004.SZ,20250211,14.25,14.59,13.67,13.7,13.97,-0.27,-1.9327,270321.95,379106.75
000006.SZ,20250211,7.28,7.35,7.02,7.04,7.28,-0.24,-3.2967,303697.31,215991.561
000007.SZ,20250211,6.9,6.9,6.69,6.73,6.91,-0.18,-2.6049,66523.0,44914.83
000008.SZ,20250211,2.8,2.82,2.72,2.75,2.78,-0.03,-1.0791,613595.2,168531.173
000009.SZ,20250211,8.56,8.66,8.36,8.42,8.54,-0.12,-1.4052,228985.08,192611.301
000010.SZ,20250211,3.0,3.0,2.92,2.93,2.98,-0.05,-1.6779,167495.0,49205.335
000011.SZ,20250211,8.52,8.54,8.32,8.35,8.48,-0.13,-1.533,32284.0,26984.159
000012.SZ,20250211,5.05,5.05,4.98,5.01,5.03,-0.02,-0.3976,107803.81,53918.642
000001.SZ,20250212,11.41,11.43,11.34,11.42,11.42,0.0,0.0,988806.83,1125323.633
000002.SZ,20250212,7.25,7.96,7.13,7.96,7.24,0.72,9.9448,3797389.87,2862874.54
000004.SZ,20250212,13.67,14.18,13.45,14.0,13.7,0.3,2.1898,183709.53,256068.396
000006.SZ,20250212,7.06,7.2,6.91,7.2,7.04,0.16,2.2727,343298.87,243148.62
000007.SZ,20250212,6.73,6.76,6.59,6.72,6.73,-0.01,-0.1486,57191.8,38186.853
000008.SZ,20250212,2.75,2.78,2.72,2.77,2.75,0.02,0.7273,615088.95,169528.476
000009.SZ,20250212,8.38,8.85,8.37,8.74,8.42,0.32,3.8005,521915.36,452727.018
000010.SZ,20250212,2.93,2.96,2.88,2.93,2.93,0.0,0.0,151611.0,44186.019
000011.SZ,20250212,8.4,8.48,8.25,8.48,8.35,0.13,1.5569,40067.65,33502.147
000012.SZ,20250212,5.01,5.04,4.96,5.02,5.01,0.01,0.1996,113599.62,56788.382
000001.SZ,20250213,11.42,11.55,11.4,11.5,11.42,0.08,0.7005,1358639.27,1560709.511
000002.SZ,20250213,7.79,8.22,7.7,7.97,7.96,0.01,0.1256,5741530.31,4569427.868
000004.SZ,20250213,14.01,14.12,13.54,13.57,14.0,-0.43,-3.0714,141273.16,193597.087
000006.SZ,20250213,7.19,7.27,7.07,7.14,7.2,-0.06,-0.8333,449288.46,321716.972
000007.SZ,20250213,6.7,6.79,6.68,6.71,6.72,-0.01,-0.1488,40714.0,27374.224
000008.SZ,20250213,2.76,2.8,2.74,2.75,2.77,-0.02,-0.722,569436.0,157497.606
000009.SZ,20250213,8.73,9.08,8.68,8.83,8.74,0.09,1.0297,519035.83,460370.428
000010.SZ,20250213,2.92,2.99,2.9,2.97,2.93,0.04,1.3652,243523.0,71866.976
000011.SZ,20250213,8.43,8.57,8.33,8.5,8.48,0.02,0.2358,57738.0,49103.431
000012.SZ,20250213,5.02,5.04,4.99,5.03,5.02,0.01,0.1992,140105.46,70315.701
000001.SZ,20250214,11.49,11.55,11.43,11.55,11.5,0.05,0.4348,973057.74,1118355.997
000002.SZ,20250214,7.93,8.05,7.71,7.81,7.97,-0.16,-2.0075,2629994.42,2055201.912
000004.SZ,20250214,13.57,13.83,13.24,13.66,13.57,0.09,0.6632,117495.0,159563.595
000006.SZ,20250214,7.11,7.15,6.97,7.04,7.14,-0.1,-1.4006,256836.04,180913.081
000007.SZ,20250214,6.71,6.71,6.6,6.67,6.71,-0.04,-0.5961,45372.0,30120.355
000008.SZ,20250214,2.74,2.75,2.68,2.7,2.75,-0.05,-1.8182,557738.0,150844.413
000009.SZ,20250214,8.79,9.05,8.74,8.98,8.83,0.15,1.6988,438018.72,389604.283
000010.SZ,20250214,2.97,2.98,2.86,2.87,2.97,-0.1,-3.367,240929.0,69690.048
000011.SZ,20250214,8.51,8.57,8.4,8.55,8.5,0.05,0.5882,48472.02,41079.192
000012.SZ,20250214,5.09,5.11,5.03,5.05,5.03,0.02,0.3976,186958.3,94660.162
000001.SZ,20250217,11.6,11.8,11.55,11.78,11.55,0.23,1.9913,2061965.42,2413146.067
000002.SZ,20250217,7.75,7.87,7.62,7.68,7.81,-0.13,-1.6645,2245270.83,1732605.874
000004.SZ,20250217,13.74,13.94,13.55,13.77,13.66,0.11,0.8053,107696.1,148199.356
000006.SZ,20250217,7.04,7.17,7.0,7.08,7.04,0.04,0.5682,313918.31,222159.407
000007.SZ,20250217,6.69,6.69,6.55,6.66,6.67,-0.01,-0.1499,40847.0,27039.631
000008.SZ,20250217,2.72,2.82,2.7,2.79,2.7,0.09,3.3333,1010288.07,279996.763
000009.SZ,20250217,8.96,8.98,8.79,8.9,8.98,-0.08,-0.8909,308831.96,274105.215
000010.SZ,20250217,2.86,2.98,2.85,2.94,2.87,0.07,2.439,297805.0,87067.638
000011.SZ,20250217,8.56,8.68,8.52,8.59,8.55,0.04,0.4678,53416.0,46016.363
000012.SZ,20250217,5.05,5.06,4.99,5.01,5.05,-0.04,-0.7921,140310.96,70369.979
000001.SZ,20250218,11.76,11.96,11.76,11.81,11.78,0.03,0.2547,1996610.49,2371071.467
000002.SZ,20250218,7.64,7.76,7.47,7.52,7.68,-0.16,-2.0833,2009495.45,1528472.572
000004.SZ,20250218,13.77,13.8,13.0,13.15,13.77,-0.62,-4.5025,109073.0,145144.533
000006.SZ,20250218,7.08,7.09,6.66,6.66,7.08,-0.42,-5.9322,337017.25,230353.342
000007.SZ,20250218,6.64,6.69,6.52,6.55,6.66,-0.11,-1.6517,45332.0,29936.632
000008.SZ,20250218,2.78,2.79,2.67,2.69,2.79,-0.1,-3.5842,676345.88,185127.911
000009.SZ,20250218,8.91,9.08,8.8,8.81,8.9,-0.09,-1.0112,380881.67,340932.978
000010.SZ,20250218,2.94,2.95,2.81,2.83,2.94,-0.11,-3.7415,219071.0,62981.177
000011.SZ,20250218,8.59,8.59,8.28,8.31,8.59,-0.28,-3.2596,43385.0,36517.216
000012.SZ,20250218,5.03,5.03,4.96,4.99,5.01,-0.02,-0.3992,134846.51,67434.765
000001.SZ,20250219,11.8,11.81,11.68,11.71,11.81,-0.1,-0.8467,1177748.95,1382467.174
000002.SZ,20250219,7.5,7.72,7.48,7.65,7.52,0.13,1.7287,1809174.57,1375280.251
000004.SZ,20250219,13.23,13.39,13.02,13.23,13.15,0.08,0.6084,79310.3,104546.175
000006.SZ,20250219,6.67,6.76,6.63,6.68,6.66,0.02,0.3003,283191.47,189496.81
000007.SZ,20250219,6.57,6.59,6.48,6.57,6.55,0.02,0.3053,34260.0,22407.098
000008.SZ,20250219,2.69,2.96,2.68,2.96,2.69,0.27,10.0372,1674058.87,486264.814
000009.SZ,20250219,8.76,8.88,8.7,8.82,8.81,0.01,0.1135,263298.42,231368.798
000010.SZ,20250219,2.8,2.85,2.8,2.83,2.83,0.0,0.0,141946.0,39997.554
000011.SZ,20250219,8.27,8.35,8.26,8.31,8.31,0.0,0.0,32440.0,26924.615
000012.SZ,20250219,4.98,5.0,4.96,4.99,4.99,0.0,0.0,105205.97,52391.257
000001.SZ,20250220,11.71,11.76,11.65,11.66,11.71,-0.05,-0.427,784396.27,917231.443
000002.SZ,20250220,7.59,7.6,7.49,7.52,7.65,-0.13,-1.6993,1370246.87,1032220.443
000004.SZ,20250220,13.15,13.28,12.94,13.12,13.23,-0.11,-0.8314,70310.0,91963.589
000006.SZ,20250220,6.64,6.8,6.5,6.78,6.68,0.1,1.497,355609.45,236693.681
000007.SZ,20250220,6.58,6.66,6.55,6.59,6.57,0.02,0.3044,38783.0,25642.858
000008.SZ,20250220,3.0,3.05,2.87,2.9,2.96,-0.06,-2.027,2470489.86,725311.575
000009.SZ,20250220,8.8,8.81,8.66,8.72,8.82,-0.1,-1.1338,222870.15,194228.669
000010.SZ,20250220,2.8,2.83,2.79,2.82,2.83,-0.01,-0.3534,115611.0,32535.656
000011.SZ,20250220,8.35,8.35,8.25,8.33,8.31,0.02,0.2407,28341.0,23526.87
000012.SZ,20250220,4.97,4.98,4.93,4.94,4.99,-0.05,-1.002,113673.11,56285.802
000001.SZ,20250221,11.69,11.71,11.55,11.64,11.66,-0.02,-0.1715,973968.97,1131033.824
000002.SZ,20250221,7.53,7.73,7.49,7.62,7.52,0.1,1.3298,1935128.82,1474661.906
000004.SZ,20250221,13.12,13.42,12.75,13.39,13.12,0.27,2.0579,107097.0,140586.57
000006.SZ,20250221,6.87,6.9,6.53,6.65,6.78,-0.13,-1.9174,375325.27,249495.027
000007.SZ,20250221,6.64,6.64,6.46,6.49,6.59,-0.1,-1.5175,41951.02,27251.838
000008.SZ,20250221,2.87,2.92,2.85,2.91,2.9,0.01,0.3448,1346562.57,389255.039
000009.SZ,20250221,8.72,8.82,8.68,8.75,8.72,0.03,0.344,311483.83,272048.544
000010.SZ,20250221,2.81,2.87,2.8,2.83,2.82,0.01,0.3546,157302.11,44377.622
000011.SZ,20250221,8.34,8.39,8.21,8.26,8.33,-0.07,-0.8403,37763.31,31256.367
000012.SZ,20250221,4.95,4.97,4.92,4.96,4.94,0.02,0.4049,115756.43,57237.925
000001.SZ,20250224,11.63,11.69,11.56,11.59,11.64,-0.05,-0.4296,949956.17,1103548.964
000002.SZ,20250224,7.66,8.07,7.66,7.82,7.62,0.2,2.6247,3175918.06,2493456.398
000004.SZ,20250224,12.05,12.94,12.05,12.78,13.39,-0.61,-4.5556,152866.0,192167.648
000006.SZ,20250224,6.58,6.73,6.51,6.52,6.65,-0.13,-1.9549,318681.96,209844.651
000007.SZ,20250224,6.48,6.75,6.44,6.61,6.49,0.12,1.849,74180.5,49316.403
000008.SZ,20250224,2.91,2.98,2.88,2.92,2.91,0.01,0.3436,1133664.1,331235.07
000009.SZ,20250224,8.8,8.92,8.73,8.82,8.75,0.07,0.8,305461.39,269110.369
000010.SZ,20250224,2.84,3.09,2.83,2.94,2.83,0.11,3.8869,444326.11,131906.982
000011.SZ,20250224,8.28,8.42,8.22,8.36,8.26,0.1,1.2107,39946.88,33379.135
000012.SZ,20250224,4.96,5.0,4.94,4.98,4.96,0.02,0.4032,132309.2,65942.571
000001.SZ,20250225,11.56,11.58,11.46,11.47,11.59,-0.12,-1.0354,917156.02,1055685.157
000002.SZ,20250225,7.75,7.86,7.67,7.68,7.82,-0.14,-1.7903,1771479.75,1369423.942
000004.SZ,20250225,12.8,13.48,12.8,13.2,12.78,0.42,3.2864,175625.37,232086.429
000006.SZ,20250225,6.44,6.57,6.38,6.41,6.52,-0.11,-1.6871,266472.04,171975.706
000007.SZ,20250225,6.61,6.61,6.43,6.45,6.61,-0.16,-2.4206,51840.16,33590.6
000008.SZ,20250225,2.89,2.93,2.85,2.9,2.92,-0.02,-0.6849,710383.09,205958.303
000009.SZ,20250225,8.75,8.77,8.66,8.69,8.82,-0.13,-1.4739,212811.5,185312.517
000010.SZ,20250225,2.92,3.02,2.9,2.93,2.94,-0.01,-0.3401,327302.0,96950.943
000011.SZ,20250225,8.3,8.43,8.25,8.29,8.36,-0.07,-0.8373,34634.0,28873.261
000012.SZ,20250225,4.96,4.99,4.93,4.94,4.98,-0.04,-0.8032,110074.08,54474.553
000001.SZ,20250226,11.47,11.6,11.47,11.52,11.47,0.05,0.4359,841645.52,970641.211
000002.SZ,20250226,7.71,7.86,7.7,7.84,7.68,0.16,2.0833,1941435.67,1510578.616
000004.SZ,20250226,13.36,13.48,12.72,12.82,13.2,-0.38,-2.8788,123843.37,159198.427
000006.SZ,20250226,6.4,6.94,6.4,6.61,6.41,0.2,3.1201,475058.83,318403.984
000007.SZ,20250226,6.45,6.56,6.44,6.52,6.45,0.07,1.0853,38121.01,24856.288
000008.SZ,20250226,2.9,2.99,2.9,2.97,2.9,0.07,2.4138,1198575.14,354139.279
000009.SZ,20250226,8.69,8.82,8.68,8.81,8.69,0.12,1.3809,267710.37,234948.934
000010.SZ,20250226,2.95,3.05,2.92,3.0,2.93,0.07,2.3891,415527.0,124921.269
000011.SZ,20250226,8.3,8.65,8.3,8.47,8.29,0.18,2.1713,80793.99,68653.16
000012.SZ,20250226,4.96,5.03,4.95,5.02,4.94,0.08,1.6194,163028.13,81478.762
000001.SZ,20250227,11.53,11.63,11.46,11.62,11.52,0.1,0.8681,977309.75,1130386.662
000002.SZ,20250227,7.78,7.89,7.74,7.81,7.84,-0.03,-0.3827,1715773.42,1339145.182
000004.SZ,20250227,12.82,13.15,12.35,12.56,12.82,-0.26,-2.0281,98934.0,125385.664
000006.SZ,20250227,6.57,7.0,6.57,6.73,6.61,0.12,1.8154,486923.69,330809.044
000007.SZ,20250227,6.51,6.56,6.42,6.49,6.52,-0.03,-0.4601,38845.5,25196.114
000008.SZ,20250227,2.98,3.02,2.87,2.92,2.97,-0.05,-1.6835,956122.02,280598.33
000009.SZ,20250227,8.83,8.91,8.7,8.78,8.81,-0.03,-0.3405,341641.35,300582.935
000010.SZ,20250227,3.01,3.15,2.97,3.03,3.0,0.03,1.0,330423.0,100244.268
000011.SZ,20250227,8.54,8.61,8.39,8.49,8.47,0.02,0.2361,44987.6,38251.338
000012.SZ,20250227,5.02,5.06,4.94,4.99,5.02,-0.03,-0.5976,141180.75,70371.25
000001.SZ,20250228,11.58,11.68,11.5,11.53,11.62,-0.09,-0.7745,949088.06,1100335.054
000002.SZ,20250228,7.77,8.03,7.67,7.75,7.81,-0.06,-0.7682,2726790.23,2127729.15
000004.SZ,20250228,12.51,12.61,12.05,12.08,12.56,-0.48,-3.8217,78714.0,96886.805
000006.SZ,20250228,6.71,6.79,6.37,6.38,6.73,-0.35,-5.2006,411843.27,268068.448
000007.SZ,20250228,6.48,6.48,6.24,6.24,6.49,-0.25,-3.8521,58378.66,37094.171
000008.SZ,20250228,2.9,2.9,2.76,2.78,2.92,-0.14,-4.7945,872855.09,246670.023
000009.SZ,20250228,8.73,8.77,8.53,8.55,8.78,-0.23,-2.6196,316485.27,273647.203
000010.SZ,20250228,3.03,3.03,2.88,2.88,3.03,-0.15,-4.9505,262795.0,77091.62
000011.SZ,20250228,8.48,8.48,8.28,8.31,8.49,-0.18,-2.1201,57303.01,47850.546
000012.SZ,20250228,4.97,4.99,4.94,4.96,4.99,-0.03,-0.6012,143547.16,71246.841
000001.SZ,20250303,11.52,11.56,11.45,11.51,11.53,-0.02,-0.1735,830456.95,955266.366
000002.SZ,20250303,7.75,7.96,7.75,7.79,7.75,0.04,0.5161,1893661.81,1482908.61
000004.SZ,20250303,12.3,12.45,12.06,12.18,12.08,0.1,0.8278,70195.0,85954.527
000006.SZ,20250303,6.4,6.59,6.33,6.44,6.38,0.06,0.9404,339497.05,219107.711
000007.SZ,20250303,6.28,6.48,6.28,6.33,6.24,0.09,1.4423,57861.0,36825.115
000008.SZ,20250303,2.76,2.81,2.73,2.76,2.78,-0.02,-0.7194,664423.36,184098.921
000009.SZ,20250303,8.63,8.94,8.6,8.8,8.55,0.25,2.924,441365.14,389531.428
000010.SZ,20250303,2.87,2.97,2.85,2.92,2.88,0.04,1.3889,246102.0,71992.923
000011.SZ,20250303,8.3,8.46,8.25,8.28,8.31,-0.03,-0.361,54339.87,45359.159
000012.SZ,20250303,4.98,5.02,4.95,4.96,4.96,0.0,0.0,158055.79,78772.293
000001.SZ,20250304,11.47,11.55,11.44,11.51,11.51,0.0,0.0,683178.73,785447.989
000002.SZ,20250304,7.72,7.73,7.53,7.64,7.79,-0.15,-1.9255,1458434.21,1110094.218
000004.SZ,20250304,12.12,12.3,11.92,12.28,12.18,0.1,0.821,60933.17,74074.887
000006.SZ,20250304,6.4,6.7,6.4,6.54,6.44,0.1,1.5528,402756.6,265201.116
000007.SZ,20250304,6.35,6.47,6.32,6.46,6.33,0.13,2.0537,40361.5,25860.966
000008.SZ,20250304,2.75,2.82,2.73,2.79,2.76,0.03,1.087,497860.18,138697.266
000009.SZ,20250304,8.78,8.79,8.65,8.73,8.8,-0.07,-0.7955,224210.95,195208.045
000010.SZ,20250304,2.9,2.91,2.86,2.89,2.92,-0.03,-1.0274,142910.04,41110.405
000011.SZ,20250304,8.27,8.33,8.22,8.31,8.28,0.03,0.3623,40050.0,33165.898
000012.SZ,20250304,4.95,4.97,4.92,4.96,4.96,0.0,0.0,121236.25,59962.145
000001.SZ,20250305,11.52,11.67,11.48,11.66,11.51,0.15,1.3032,1080645.44,1254892.074
000002.SZ,20250305,7.6,7.69,7.42,7.53,7.64,-0.11,-1.4398,1364691.06,1027113.711
000004.SZ,20250305,12.25,12.3,11.88,12.18,12.28,-0.1,-0.8143,69633.0,83859.082
000006.SZ,20250305,6.47,6.53,6.33,6.52,6.54,-0.02,-0.3058,331349.72,212839.032
000007.SZ,20250305,6.46,6.46,6.3,6.41,6.46,-0.05,-0.774,42018.5,26726.448
000008.SZ,20250305,2.79,2.84,2.75,2.81,2.79,0.02,0.7168,584218.0,162986.149
000009.SZ,20250305,8.74,8.76,8.58,8.64,8.73,-0.09,-1.0309,223829.22,193221.684
000010.SZ,20250305,2.91,2.91,2.83,2.89,2.89,0.0,0.0,136923.0,39148.975
000011.SZ,20250305,8.31,8.31,8.1,8.19,8.31,-0.12,-1.444,42503.89,34698.618
000012.SZ,20250305,4.96,4.96,4.9,4.93,4.96,-0.03,-0.6048,98964.35,48713.295
000001.SZ,20250306,11.69,11.7,11.6,11.63,11.66,-0.03,-0.2573,877407.71,1021780.609
000002.SZ,20250306,7.58,7.82,7.56,7.77,7.53,0.24,3.1873,2117133.02,1624520.449
000004.SZ,20250306,12.25,12.76,12.18,12.65,12.18,0.47,3.8588,110615.0,138683.653
000006.SZ,20250306,6.54,6.7,6.54,6.7,6.52,0.18,2.7607,475708.63,315909.264
000007.SZ,20250306,6.41,6.45,6.36,6.43,6.41,0.02,0.312,34301.58,22022.316
000008.SZ,20250306,2.8,2.84,2.79,2.82,2.81,0.01,0.3559,625787.03,176455.792
000009.SZ,20250306,8.68,8.73,8.62,8.7,8.64,0.06,0.6944,229104.63,199125.391
000010.SZ,20250306,2.88,2.92,2.87,2.9,2.89,0.01,0.346,141828.0,41126.318
000011.SZ,20250306,8.2,8.36,8.14,8.34,8.19,0.15,1.8315,44266.0,36601.566
000012.SZ,20250306,4.94,4.96,4.92,4.95,4.93,0.02,0.4057,140854.7,69566.314
000001.SZ,20250307,11.63,11.69,11.6,11.67,11.63,0.04,0.3439,835536.69,973236.69
000002.SZ,20250307,7.65,7.66,7.52,7.53,7.77,-0.24,-3.0888,1593728.04,1205270.123
000004.SZ,20250307,12.54,12.61,12.17,12.24,12.65,-0.41,-3.2411,86632.0,106966.78
000006.SZ,20250307,6.66,6.68,6.4,6.44,6.7,-0.26,-3.8806,392389.22,253635.812
000007.SZ,20250307,6.43,6.46,6.34,6.37,6.43,-0.06,-0.9331,33996.6,21741.314
000008.SZ,20250307,2.81,2.82,2.75,2.77,2.82,-0.05,-1.773,614449.0,171062.704
000009.SZ,20250307,8.7,8.7,8.55,8.58,8.7,-0.12,-1.3793,243059.76,209187.956
000010.SZ,20250307,2.92,2.94,2.84,2.85,2.9,-0.05,-1.7241,174280.0,50248.953
000011.SZ,20250307,8.3,8.32,8.16,8.19,8.34,-0.15,-1.7986,40618.0,33295.448
000012.SZ,20250307,4.93,4.96,4.92,4.93,4.95,-0.02,-0.404,108047.68,53342.67
000001.SZ,20250310,11.66,11.67,11.55,11.59,11.67,-0.08,-0.6855,663833.93,769261.385
000002.SZ,20250310,7.54,7.57,7.44,7.48,7.53,-0.05,-0.664,977809.93,732008.884
000004.SZ,20250310,12.25,12.25,12.06,12.15,12.24,-0.09,-0.7353,49154.0,59655.045
000006.SZ,20250310,6.39,6.45,6.33,6.44,6.44,0.0,0.0,241211.78,153629.132
000007.SZ,20250310,6.37,6.44,6.32,6.39,6.37,0.02,0.314,30057.6,19174.614
000008.SZ,20250310,2.77,2.81,2.76,2.79,2.77,0.02,0.722,425628.0,118834.778
000009.SZ,20250310,8.58,8.64,8.5,8.54,8.58,-0.04,-0.4662,150034.79,128187.571
000010.SZ,20250310,2.84,2.94,2.84,2.88,2.85,0.03,1.0526,161709.0,46799.318
000011.SZ,20250310,8.19,8.28,8.17,8.22,8.19,0.03,0.3663,23218.0,19074.399
000012.SZ,20250310,4.93,4.94,4.9,4.92,4.93,-0.01,-0.2028,92060.57,45236.183
000001.SZ,20250311,11.54,11.61,11.52,11.61,11.59,0.02,0.1726,608975.27,704240.464
000002.SZ,20250311,7.4,7.45,7.35,7.43,7.48,-0.05,-0.6684,872393.37,645348.2
000004.SZ,20250311,12.15,12.25,11.96,12.23,12.15,0.08,0.6584,48417.0,58634.649
000006.SZ,20250311,6.48,7.0,6.35,6.75,6.44,0.31,4.8137,580681.84,385517.582
000007.SZ,20250311,6.34,6.37,6.27,6.35,6.39,-0.04,-0.626,32009.0,20200.684
000008.SZ,20250311,2.76,2.81,2.73,2.81,2.79,0.02,0.7168,495743.3,137878.217
000009.SZ,20250311,8.46,8.61,8.39,8.6,8.54,0.06,0.7026,176668.57,150256.109
000010.SZ,20250311,2.87,2.95,2.84,2.92,2.88,0.04,1.3889,166295.0,48211.085
000011.SZ,20250311,8.18,8.46,8.13,8.37,8.22,0.15,1.8248,63809.0,53083.092
000012.SZ,20250311,4.9,4.93,4.88,4.93,4.92,0.01,0.2033,89022.54,43649.476
000001.SZ,20250312,11.6,11.87,11.56,11.85,11.61,0.24,2.0672,1877318.4,2210904.482
000002.SZ,20250312,7.43,7.48,7.4,7.44,7.43,0.01,0.1346,661168.15,491951.065
000004.SZ,20250312,12.31,12.35,12.17,12.25,12.23,0.02,0.1635,50222.0,61486.916
000006.SZ,20250312,6.71,6.86,6.65,6.66,6.75,-0.09,-1.3333,379950.39,256074.976
000007.SZ,20250312,6.35,6.38,6.24,6.26,6.35,-0.09,-1.4173,47425.94,29780.688
000008.SZ,20250312,2.8,2.87,2.79,2.84,2.81,0.03,1.0676,804325.0,228898.786
000009.SZ,20250312,8.61,8.64,8.55,8.58,8.6,-0.02,-0.2326,137908.0,118401.166
000010.SZ,20250312,2.93,2.98,2.91,2.97,2.92,0.05,1.7123,294354.0,86881.308
000011.SZ,20250312,8.35,8.66,8.32,8.4,8.37,0.03,0.3584,95376.12,80867.836
000012.SZ,20250312,4.93,4.94,4.9,4.91,4.93,-0.02,-0.4057,98767.92,48548.733
000001.SZ,20250313,11.81,11.91,11.78,11.84,11.85,-0.01,-0.0844,1312371.21,1555123.174
000002.SZ,20250313,7.41,7.44,7.33,7.35,7.44,-0.09,-1.2097,758376.5,559845.298
000004.SZ,20250313,12.24,12.24,11.85,12.02,12.25,-0.23,-1.8776,54916.33,65883.726
000006.SZ,20250313,6.66,6.69,6.43,6.51,6.66,-0.15,-2.2523,279961.64,182227.092
000007.SZ,20250313,6.29,6.31,6.15,6.2,6.26,-0.06,-0.9585,60442.0,37563.424
000008.SZ,20250313,2.84,2.85,2.74,2.77,2.84,-0.07,-2.4648,687770.0,190609.907
000009.SZ,20250313,8.56,8.61,8.46,8.52,8.58,-0.06,-0.6993,156493.24,133151.516
000010.SZ,20250313,2.96,2.97,2.85,2.89,2.97,-0.08,-2.6936,242793.0,70157.623
000011.SZ,20250313,8.4,8.43,8.27,8.37,8.4,-0.03,-0.3571,48618.01,40532.994
000012.SZ,20250313,4.92,4.93,4.89,4.92,4.91,0.01,0.2037,106073.5,52037.018
000001.SZ,20250314,11.82,12.0,11.82,11.97,11.84,0.13,1.098,1722417.65,2057970.454
000002.SZ,20250314,7.37,7.59,7.37,7.54,7.35,0.19,2.585,1456521.92,1092327.785
000004.SZ,20250314,12.03,12.27,11.9,12.26,12.02,0.24,1.9967,63650.0,77099.556
000006.SZ,20250314,6.49,6.6,6.46,6.59,6.51,0.08,1.2289,237564.05,155348.162
000007.SZ,20250314,6.21,6.37,6.17,6.35,6.2,0.15,2.4194,66058.01,41408.419
000008.SZ,20250314,2.76,2.82,2.73,2.8,2.77,0.03,1.083,557270.03,154900.761
000009.SZ,20250314,8.5,8.63,8.49,8.62,8.52,0.1,1.1737,232726.89,199807.664
000010.SZ,20250314,2.89,2.95,2.85,2.93,2.89,0.04,1.3841,215436.97,62653.518
000011.SZ,20250314,8.37,8.5,8.28,8.48,8.37,0.11,1.3142,50890.01,42817.007
000012.SZ,20250314,4.92,4.98,4.91,4.97,4.92,0.05,1.0163,179499.72,88921.283
000001.SZ,20250317,11.63,11.67,11.46,11.5,11.97,-0.47,-3.9265,4603612.1,5315522.817
000002.SZ,20250317,7.6,7.73,7.54,7.56,7.54,0.02,0.2653,1290089.43,980824.633
000004.SZ,20250317,12.35,12.67,12.35,12.43,12.26,0.17,1.3866,95848.0,119880.263
000006.SZ,20250317,6.55,6.7,6.55,6.61,6.59,0.02,0.3035,245800.04,162646.873
000007.SZ,20250317,6.37,6.53,6.32,6.37,6.35,0.02,0.315,53347.77,34143.171
000008.SZ,20250317,2.79,2.86,2.79,2.83,2.8,0.03,1.0714,652189.0,185111.155
000009.SZ,20250317,8.64,8.71,8.61,8.61,8.62,-0.01,-0.116,170680.56,147574.367
000010.SZ,20250317,2.93,3.2,2.93,3.07,2.93,0.14,4.7782,523140.86,160808.713
000011.SZ,20250317,8.53,8.63,8.49,8.53,8.48,0.05,0.5896,60111.0,51391.132
000012.SZ,20250317,4.99,5.02,4.98,5.01,4.97,0.04,0.8048,156268.37,78158.086
000001.SZ,20250318,11.52,11.54,11.48,11.49,11.5,-0.01,-0.087,1605290.0,1846500.421
000002.SZ,20250318,7.57,7.59,7.49,7.53,7.56,-0.03,-0.3968,893408.09,672571.247
000004.SZ,20250318,12.43,12.43,12.17,12.22,12.43,-0.21,-1.6895,60471.0,74071.756
000006.SZ,20250318,6.59,6.67,6.54,6.57,6.61,-0.04,-0.6051,206442.94,136214.721
000007.SZ,20250318,6.44,6.45,6.33,6.44,6.37,0.07,1.0989,40907.12,26193.725
000008.SZ,20250318,2.83,2.84,2.78,2.81,2.83,-0.02,-0.7067,461518.26,129141.713
000009.SZ,20250318,8.68,8.72,8.61,8.65,8.61,0.04,0.4646,183948.34,159277.872
000010.SZ,20250318,3.08,3.1,3.03,3.05,3.07,-0.02,-0.6515,293709.0,89805.89
000011.SZ,20250318,8.52,8.55,8.42,8.46,8.53,-0.07,-0.8206,36032.12,30469.169
000012.SZ,20250318,5.01,5.02,4.98,5.0,5.01,-0.01,-0.1996,90095.53,44987.299
000001.SZ,20250319,11.48,11.53,11.46,11.52,11.49,0.03,0.2611,1362454.91,1566452.161
000002.SZ,20250319,7.49,7.52,7.43,7.47,7.53,-0.06,-0.7968,708566.38,528939.027
000004.SZ,20250319,12.21,12.21,11.96,12.0,12.22,-0.22,-1.8003,51281.0,61839.999
000006.SZ,20250319,6.53,6.7,6.45,6.51,6.57,-0.06,-0.9132,269877.0,177331.952
000007.SZ,20250319,6.41,6.45,6.31,6.32,6.44,-0.12,-1.8634,34098.62,21704.065
000008.SZ,20250319,2.81,2.81,2.76,2.79,2.81,-0.02,-0.7117,429101.05,119292.67
000009.SZ,20250319,8.64,8.64,8.53,8.56,8.65,-0.09,-1.0405,171860.0,147153.212
000010.SZ,20250319,3.06,3.07,3.01,3.03,3.05,-0.02,-0.6557,159419.0,48362.729
000011.SZ,20250319,8.45,8.49,8.42,8.48,8.46,0.02,0.2364,28476.12,24080.875
000012.SZ,20250319,4.99,5.02,4.96,5.0,5.0,0.0,0.0,102245.33,51008.621
000001.SZ,20250320,11.51,11.61,11.49,11.49,11.52,-0.03,-0.2604,1101157.24,1268849.14
000002.SZ,20250320,7.45,7.49,7.41,7.43,7.47,-0.04,-0.5355,612302.39,456199.376
000004.SZ,20250320,11.99,12.09,11.88,11.96,12.0,-0.04,-0.3333,40394.0,48422.349
000006.SZ,20250320,6.5,6.56,6.46,6.48,6.51,-0.03,-0.4608,161662.33,105078.046
000007.SZ,20250320,6.34,6.39,6.28,6.3,6.32,-0.02,-0.3165,33162.01,21001.249
000008.SZ,20250320,2.78,2.84,2.77,2.82,2.79,0.03,1.0753,577091.0,162174.755
000009.SZ,20250320,8.56,8.6,8.51,8.52,8.56,-0.04,-0.4673,132646.38,113378.633
000010.SZ,20250320,3.02,3.12,3.02,3.07,3.03,0.04,1.3201,288494.01,88916.699
000011.SZ,20250320,8.44,8.56,8.44,8.56,8.48,0.08,0.9434,32514.0,27676.444
000012.SZ,20250320,5.0,5.03,4.99,5.01,5.0,0.01,0.2,126330.67,63327.869
000001.SZ,20250321,11.49,11.52,11.39,11.42,11.49,-0.07,-0.6092,1376388.97,1576151.833
000002.SZ,20250321,7.4,7.42,7.27,7.36,7.43,-0.07,-0.9421,1306620.88,960505.549
000004.SZ,20250321,11.95,11.96,11.6,11.65,11.96,-0.31,-2.592,48749.32,57100.365
000006.SZ,20250321,6.45,6.94,6.39,6.76,6.48,0.28,4.321,505532.33,334417.287
000007.SZ,20250321,6.28,6.33,6.14,6.26,6.3,-0.04,-0.6349,52226.88,32611.931
000008.SZ,20250321,2.81,2.86,2.76,2.77,2.82,-0.05,-1.773,697348.2,195532.137
000009.SZ,20250321,8.52,8.55,8.42,8.46,8.52,-0.06,-0.7042,211580.05,179536.921
000010.SZ,20250321,3.08,3.14,3.03,3.1,3.07,0.03,0.9772,351916.04,108199.839
000011.SZ,20250321,8.49,8.65,8.43,8.52,8.56,-0.04,-0.4673,47316.98,40314.267
000012.SZ,20250321,5.01,5.07,5.0,5.05,5.01,0.04,0.7984,234216.4,118090.785
000001.SZ,20250324,11.41,11.44,11.34,11.38,11.42,-0.04,-0.3503,1164577.34,1325564.002
000002.SZ,20250324,7.35,7.35,7.15,7.18,7.36,-0.18,-2.4457,1050612.5,759032.562
000004.SZ,20250324,11.13,11.21,10.49,10.5,11.65,-1.15,-9.8712,151889.0,162378.169
000006.SZ,20250324,6.57,6.62,6.44,6.48,6.76,-0.28,-4.142,311536.58,202284.845
000007.SZ,20250324,6.26,6.3,5.95,6.0,6.26,-0.26,-4.1534,71750.01,43798.373
000008.SZ,20250324,2.76,2.77,2.61,2.65,2.77,-0.12,-4.3321,895639.31,238857.355
000009.SZ,20250324,8.47,8.52,8.28,8.39,8.46,-0.07,-0.8274,181333.9,151619.292
000010.SZ,20250324,3.06,3.2,2.94,3.07,3.1,-0.03,-0.9677,451028.0,138013.139
000011.SZ,20250324,8.45,8.56,8.2,8.29,8.52,-0.23,-2.6995,56217.01,46861.411
000012.SZ,20250324,5.06,5.07,4.94,4.98,5.05,-0.07,-1.3861,157212.76,78523.781
000001.SZ,20250325,11.38,11.43,11.36,11.43,11.38,0.05,0.4394,735608.88,839142.044
000002.SZ,20250325,7.17,7.23,7.14,7.19,7.18,0.01,0.1393,655037.31,470444.41
000004.SZ,20250325,10.4,10.43,10.04,10.25,10.5,-0.25,-2.381,92505.0,94362.495
000006.SZ,20250325,6.45,6.55,6.42,6.52,6.48,0.04,0.6173,191873.87,124460.449
000007.SZ,20250325,6.0,6.08,5.83,6.06,6.0,0.06,1.0,54645.0,32450.649
000008.SZ,20250325,2.65,2.68,2.63,2.66,2.65,0.01,0.3774,396783.0,105387.565
000009.SZ,20250325,8.42,8.58,8.36,8.5,8.39,0.11,1.3111,187040.98,158451.118
000010.SZ,20250325,3.06,3.1,2.98,3.03,3.07,-0.04,-1.3029,224344.0,68152.704
000011.SZ,20250325,8.25,8.34,8.22,8.33,8.29,0.04,0.4825,26880.0,22266.39
000012.SZ,20250325,4.99,5.07,4.98,5.07,4.98,0.09,1.8072,171508.46,86555.057
000001.SZ,20250326,11.42,11.43,11.37,11.38,11.43,-0.05,-0.4374,740863.07,843536.936
000002.SZ,20250326,7.19,7.26,7.18,7.2,7.19,0.01,0.1391,709377.47,511845.528
000004.SZ,20250326,10.24,10.37,10.14,10.36,10.25,0.11,1.0732,48157.0,49640.79
000006.SZ,20250326,6.56,6.84,6.48,6.76,6.52,0.24,3.681,481270.41,322035.353
000007.SZ,20250326,6.09,6.48,5.99,6.36,6.06,0.3,4.9505,116137.0,73152.462
000008.SZ,20250326,2.66,2.7,2.64,2.69,2.66,0.03,1.1278,384493.09,103203.994
000009.SZ,20250326,8.49,8.55,8.46,8.49,8.5,-0.01,-0.1176,103763.23,88264.588
000010.SZ,20250326,3.01,3.06,2.99,3.05,3.03,0.02,0.6601,197538.04,59819.077
000011.SZ,20250326,8.29,8.47,8.29,8.43,8.33,0.1,1.2005,32287.0,27181.449
000012.SZ,20250326,5.08,5.09,5.05,5.07,5.07,0.0,0.0,138628.09,70330.631
000001.SZ,20250327,11.37,11.41,11.35,11.39,11.38,0.01,0.0879,553349.4,629863.383
000002.SZ,20250327,7.19,7.22,7.11,7.17,7.2,-0.03,-0.4167,562048.15,402664.947
000004.SZ,20250327,10.36,10.4,10.01,10.17,10.36,-0.19,-1.834,48390.0,49153.422
000006.SZ,20250327,6.72,7.44,6.66,7.44,6.76,0.68,10.0592,1063876.62,770545.145
000007.SZ,20250327,6.3,6.39,6.21,6.35,6.36,-0.01,-0.1572,47427.0,29881.719
000008.SZ,20250327,2.67,2.68,2.62,2.65,2.69,-0.04,-1.487,367356.0,97217.378
000009.SZ,20250327,8.47,8.49,8.34,8.43,8.49,-0.06,-0.7067,130434.35,109758.236
000010.SZ,20250327,3.05,3.06,2.95,2.99,3.05,-0.06,-1.9672,176841.0,52820.227
000011.SZ,20250327,8.4,8.8,8.3,8.52,8.43,0.09,1.0676,114987.89,98788.166
000012.SZ,20250327,5.06,5.08,5.02,5.03,5.07,-0.04,-0.789,98176.85,49497.097
000001.SZ,20250328,11.39,11.4,11.34,11.35,11.39,-0.04,-0.3512,644945.55,732420.874
000002.SZ,20250328,7.17,7.21,7.11,7.12,7.17,-0.05,-0.6974,491441.4,351056.751
000004.SZ,20250328,10.2,10.25,9.96,10.0,10.17,-0.17,-1.6716,43988.0,44256.887
000006.SZ,20250328,7.58,8.16,7.38,7.76,7.44,0.32,4.3011,1526110.31,1177737.816
000007.SZ,20250328,6.32,6.32,6.16,6.2,6.35,-0.15,-2.3622,33940.0,21155.514
000008.SZ,20250328,2.64,2.64,2.58,2.58,2.65,-0.07,-2.6415,406905.0,105849.594
000009.SZ,20250328,8.39,8.45,8.31,8.32,8.43,-0.11,-1.3049,124317.4,103863.92
000010.SZ,20250328,2.96,2.97,2.87,2.92,2.99,-0.07,-2.3411,181848.0,53155.158
000011.SZ,20250328,8.37,8.58,8.37,8.39,8.52,-0.13,-1.5258,88458.24,74625.572
000012.SZ,20250328,5.03,5.04,4.97,5.0,5.03,-0.03,-0.5964,108712.56,54333.181
000001.SZ,20250331,11.36,11.38,11.26,11.26,11.35,-0.09,-0.793,1116125.64,1262598.263
000002.SZ,20250331,7.11,7.11,6.98,7.05,7.12,-0.07,-0.9831,727780.83,512135.422
000004.SZ,20250331,9.88,9.97,9.57,9.74,10.0,-0.26,-2.6,54235.0,52540.211
000006.SZ,20250331,7.8,8.22,7.26,7.29,7.76,-0.47,-6.0567,1263994.28,985171.96
000007.SZ,20250331,6.2,6.2,5.97,6.09,6.2,-0.11,-1.7742,32645.0,19811.278
000008.SZ,20250331,2.58,2.58,2.52,2.56,2.58,-0.02,-0.7752,361713.61,92121.495
000009.SZ,20250331,8.3,8.31,8.08,8.11,8.32,-0.21,-2.524,164640.81,134406.619
000010.SZ,20250331,2.89,2.98,2.76,2.86,2.92,-0.06,-2.0548,346665.0,98834.321
000011.SZ,20250331,8.27,8.47,8.23,8.32,8.39,-0.07,-0.8343,63296.0,52686.556
000012.SZ,20250331,5.0,5.03,4.92,4.93,5.0,-0.07,-1.4,127418.5,63315.405
