date,asset,entry_date,exit_date_1d,exit_date_5d,exit_date_20d,forward_return_1d,forward_return_5d,forward_return_20d,entry_is_tradable,valid_prices_1d,valid_prices_5d,valid_prices_20d
2025-01-02,000001.SZ,2025-01-03,2025-01-06,2025-01-10,2025-02-10,0.005272407732864526,-0.007029876977152849,0.004393673110720586,True,2,6,21
2025-01-02,000002.SZ,2025-01-03,2025-01-06,2025-01-10,2025-02-10,-0.0028571428571427804,-0.04428571428571426,0.06000000000000005,True,2,6,21
2025-01-02,000004.SZ,2025-01-03,2025-01-06,2025-01-10,2025-02-10,-0.02187500000000009,-0.022656250000000044,0.09140624999999991,True,2,6,21
2025-01-02,000006.SZ,2025-01-03,2025-01-06,2025-01-10,2025-02-10,-0.030390738060781297,-0.02749638205499283,0.05354558610709126,True,2,6,21
2025-01-02,000007.SZ,2025-01-03,2025-01-06,2025-01-10,2025-02-10,0.00454545454545463,0.025757575757575646,0.046969696969697106,True,2,6,21
2025-01-02,000008.SZ,2025-01-03,2025-01-06,2025-01-10,2025-02-10,-0.026415094339622636,0.02264150943396226,0.049056603773584895,True,2,6,21
2025-01-02,000009.SZ,2025-01-03,2025-01-06,2025-01-10,2025-02-10,0.002293577981651529,-0.03669724770642202,-0.020642201834862428,True,2,6,21
2025-01-02,000010.SZ,2025-01-03,2025-01-06,2025-01-10,2025-02-10,0.0,0.1287878787878789,0.1287878787878789,True,2,6,21
2025-01-02,000011.SZ,2025-01-03,2025-01-06,2025-01-10,2025-02-10,0.0036275695284160303,-0.013301088270858408,0.025392986698911768,True,2,6,21
2025-01-02,000012.SZ,2025-01-03,2025-01-06,2025-01-10,2025-02-10,0.007874015748031704,-0.03346456692913358,-0.009842519685039242,True,2,6,21
2025-01-03,000001.SZ,2025-01-06,2025-01-07,2025-01-13,2025-02-11,0.006118881118881259,-0.020979020979021046,-0.0017482517482516613,True,2,6,21
2025-01-03,000002.SZ,2025-01-06,2025-01-07,2025-01-13,2025-02-11,0.010028653295128809,-0.03151862464183386,0.0372492836676217,True,2,6,21
2025-01-03,000004.SZ,2025-01-06,2025-01-07,2025-01-13,2025-02-11,0.04712460063897761,-0.003993610223642086,0.09424920127795522,True,2,6,21
2025-01-03,000006.SZ,2025-01-06,2025-01-07,2025-01-13,2025-02-11,0.02238805970149227,-0.010447761194030014,0.050746268656716165,True,2,6,21
2025-01-03,000007.SZ,2025-01-06,2025-01-07,2025-01-13,2025-02-11,0.045248868778280604,0.02865761689291113,0.015082956259427016,True,2,6,21
2025-01-03,000008.SZ,2025-01-06,2025-01-07,2025-01-13,2025-02-11,0.03100775193798455,0.015503875968992276,0.06589147286821695,True,2,6,21
2025-01-03,000009.SZ,2025-01-06,2025-01-07,2025-01-13,2025-02-11,-0.0011441647597254523,-0.03546910755148758,-0.03661327231121281,True,2,6,21
2025-01-03,000010.SZ,2025-01-06,2025-01-07,2025-01-13,2025-02-11,0.0984848484848484,0.15909090909090895,0.10984848484848486,True,2,6,21
2025-01-03,000011.SZ,2025-01-06,2025-01-07,2025-01-13,2025-02-11,0.027710843373493832,-0.009638554216867434,0.0060240963855420215,True,2,6,21
2025-01-03,000012.SZ,2025-01-06,2025-01-07,2025-01-13,2025-02-11,-0.005859375000000111,-0.037109375,-0.02148437500000011,True,2,6,21
2025-01-06,000001.SZ,2025-01-07,2025-01-08,2025-01-14,2025-02-12,-0.0008688097306690512,-0.011294526498696889,-0.007819287576021017,True,2,6,21
2025-01-06,000002.SZ,2025-01-07,2025-01-08,2025-01-14,2025-02-12,-0.012765957446808529,-0.019858156028368712,0.12907801418439724,True,2,6,21
2025-01-06,000004.SZ,2025-01-07,2025-01-08,2025-01-14,2025-02-12,0.02212051868802445,0.006864988558352492,0.06788710907704054,True,2,6,21
2025-01-06,000006.SZ,2025-01-07,2025-01-08,2025-01-14,2025-02-12,0.016058394160583855,0.0014598540145984717,0.051094890510949176,True,2,6,21
2025-01-06,000007.SZ,2025-01-07,2025-01-08,2025-01-14,2025-02-12,0.0,0.01443001443001446,-0.030303030303030276,True,2,6,21
2025-01-06,000008.SZ,2025-01-07,2025-01-08,2025-01-14,2025-02-12,-0.007518796992481258,0.037593984962405846,0.041353383458646586,True,2,6,21
2025-01-06,000009.SZ,2025-01-07,2025-01-08,2025-01-14,2025-02-12,-0.011454753722794808,-0.0171821305841926,0.001145475372279492,True,2,6,21
2025-01-06,000010.SZ,2025-01-07,2025-01-08,2025-01-14,2025-02-12,0.020689655172413834,0.08275862068965534,0.010344827586207028,True,2,6,21
2025-01-06,000011.SZ,2025-01-07,2025-01-08,2025-01-14,2025-02-12,-0.009378663540445475,-0.01758499413833514,-0.0058616647127782695,True,2,6,21
2025-01-06,000012.SZ,2025-01-07,2025-01-08,2025-01-14,2025-02-12,-0.005893909626719318,-0.011787819253438081,-0.013752455795677854,True,2,6,21
2025-01-07,000001.SZ,2025-01-08,2025-01-09,2025-01-15,2025-02-13,-0.008695652173913104,-0.0017391304347826875,0.0,True,2,6,21
2025-01-07,000002.SZ,2025-01-08,2025-01-09,2025-01-15,2025-02-13,-0.001436781609195359,-0.014367816091953922,0.1451149425287357,True,2,6,21
2025-01-07,000004.SZ,2025-01-08,2025-01-09,2025-01-15,2025-02-13,-0.010447761194029903,0.0014925373134329067,0.012686567164179152,True,2,6,21
2025-01-07,000006.SZ,2025-01-08,2025-01-09,2025-01-15,2025-02-13,-0.008620689655172264,-0.025862068965517127,0.02586206896551735,True,2,6,21
2025-01-07,000007.SZ,2025-01-08,2025-01-09,2025-01-15,2025-02-13,0.02886002886002892,0.015873015873015817,-0.031746031746031744,True,2,6,21
2025-01-07,000008.SZ,2025-01-08,2025-01-09,2025-01-15,2025-02-13,0.0037878787878786735,0.022727272727272707,0.04166666666666652,True,2,6,21
2025-01-07,000009.SZ,2025-01-08,2025-01-09,2025-01-15,2025-02-13,-0.0057937427578218514,-0.002317497103128896,0.023174971031286296,True,2,6,21
2025-01-07,000010.SZ,2025-01-08,2025-01-09,2025-01-15,2025-02-13,0.0,0.013513513513513598,0.0033783783783785104,True,2,6,21
2025-01-07,000011.SZ,2025-01-08,2025-01-09,2025-01-15,2025-02-13,-0.002366863905325367,-0.007100591715976212,0.00591715976331364,True,2,6,21
2025-01-07,000012.SZ,2025-01-08,2025-01-09,2025-01-15,2025-02-13,-0.01383399209486147,0.0,-0.005928853754940455,True,2,6,21
2025-01-08,000001.SZ,2025-01-09,2025-01-10,2025-01-16,2025-02-14,-0.00877192982456132,0.014912280701754543,0.013157894736842035,True,2,6,21
2025-01-08,000002.SZ,2025-01-09,2025-01-10,2025-01-16,2025-02-14,-0.037410071942446055,-0.010071942446043258,0.12374100719424441,True,2,6,21
2025-01-08,000004.SZ,2025-01-09,2025-01-10,2025-01-16,2025-02-14,-0.0565610859728507,0.02488687782805421,0.03016591251885381,True,2,6,21
2025-01-08,000006.SZ,2025-01-09,2025-01-10,2025-01-16,2025-02-14,-0.026086956521739202,-0.004347826086956608,0.020289855072463725,True,2,6,21
2025-01-08,000007.SZ,2025-01-09,2025-01-10,2025-01-16,2025-02-14,-0.05049088359046283,-0.007012622720897643,-0.06451612903225801,True,2,6,21
2025-01-08,000008.SZ,2025-01-09,2025-01-10,2025-01-16,2025-02-14,0.02264150943396226,0.026415094339622858,0.018867924528301883,True,2,6,21
2025-01-08,000009.SZ,2025-01-09,2025-01-10,2025-01-16,2025-02-14,-0.020979020979020824,0.00815850815850827,0.04662004662004682,True,2,6,21
2025-01-08,000010.SZ,2025-01-09,2025-01-10,2025-01-16,2025-02-14,0.006756756756757021,-0.006756756756756799,-0.030405405405405372,True,2,6,21
2025-01-08,000011.SZ,2025-01-09,2025-01-10,2025-01-16,2025-02-14,-0.03202846975088958,-0.007117437722420017,0.014234875444840034,True,2,6,21
2025-01-08,000012.SZ,2025-01-09,2025-01-10,2025-01-16,2025-02-14,-0.016032064128256418,0.018036072144288484,0.012024048096192175,True,2,6,21
2025-01-09,000001.SZ,2025-01-10,2025-01-13,2025-01-17,2025-02-17,-0.00884955752212413,0.01327433628318575,0.04247787610619458,True,2,6,21
2025-01-09,000002.SZ,2025-01-10,2025-01-13,2025-01-17,2025-02-17,0.010463378176382543,-0.0089686098654711,0.14798206278026904,True,2,6,21
2025-01-09,000004.SZ,2025-01-10,2025-01-13,2025-01-17,2025-02-17,-0.003197442046362853,0.06314948041566759,0.1007194244604317,True,2,6,21
2025-01-09,000006.SZ,2025-01-10,2025-01-13,2025-01-17,2025-02-17,-0.013392857142857095,0.011904761904762085,0.053571428571428825,True,2,6,21
2025-01-09,000007.SZ,2025-01-10,2025-01-13,2025-01-17,2025-02-17,0.007385524372230501,0.048744460856720906,-0.016248153618906858,True,2,6,21
2025-01-09,000008.SZ,2025-01-10,2025-01-13,2025-01-17,2025-02-17,-0.03321033210332103,-0.0073800738007380184,0.029520295202952074,True,2,6,21
2025-01-09,000009.SZ,2025-01-10,2025-01-13,2025-01-17,2025-02-17,0.0035714285714285587,0.030952380952380842,0.059523809523809534,True,2,6,21
2025-01-09,000010.SZ,2025-01-10,2025-01-13,2025-01-17,2025-02-17,0.026845637583892357,-0.020134228187919656,-0.013422818791946511,True,2,6,21
2025-01-09,000011.SZ,2025-01-10,2025-01-13,2025-01-17,2025-02-17,0.007352941176470562,0.028186274509804043,0.052696078431372584,True,2,6,21
2025-01-09,000012.SZ,2025-01-10,2025-01-13,2025-01-17,2025-02-17,0.004073319755600657,0.03665987780040725,0.020366598778003953,True,2,6,21
2025-01-10,000001.SZ,2025-01-13,2025-01-14,2025-01-20,2025-02-18,0.016071428571428736,0.019642857142857295,0.054464285714286076,True,2,6,21
2025-01-10,000002.SZ,2025-01-13,2025-01-14,2025-01-20,2025-02-18,0.022189349112426093,0.013313609467455523,0.11242603550295849,True,2,6,21
2025-01-10,000004.SZ,2025-01-13,2025-01-14,2025-01-20,2025-02-18,0.05854049719326371,-0.04009623095429027,0.05453087409783475,True,2,6,21
2025-01-10,000006.SZ,2025-01-13,2025-01-14,2025-01-20,2025-02-18,0.034690799396681626,0.12820512820512842,0.004524886877828038,True,2,6,21
2025-01-10,000007.SZ,2025-01-13,2025-01-14,2025-01-20,2025-02-18,0.030791788856304958,0.05425219941348969,-0.03958944281524934,True,2,6,21
2025-01-10,000008.SZ,2025-01-13,2025-01-14,2025-01-20,2025-02-18,0.05343511450381677,0.01526717557251911,0.026717557251908275,True,2,6,21
2025-01-10,000009.SZ,2025-01-13,2025-01-14,2025-01-20,2025-02-18,0.017793594306049654,0.03440094899169632,0.04507710557532629,True,2,6,21
2025-01-10,000010.SZ,2025-01-13,2025-01-14,2025-01-20,2025-02-18,0.026143790849673332,-0.05228758169934633,-0.0751633986928103,True,2,6,21
2025-01-10,000011.SZ,2025-01-13,2025-01-14,2025-01-20,2025-02-18,0.019464720194647178,0.041362530413625365,0.010948905109489093,True,2,6,21
2025-01-10,000012.SZ,2025-01-13,2025-01-14,2025-01-20,2025-02-18,0.020283975659229236,0.0,0.012170385395537497,True,2,6,21
2025-01-13,000001.SZ,2025-01-14,2025-01-15,2025-01-21,2025-02-19,0.00878734622144095,-0.004393673110720697,0.02899824253075578,True,2,6,21
2025-01-13,000002.SZ,2025-01-14,2025-01-15,2025-01-21,2025-02-19,-0.00723589001447178,0.06512301013024602,0.1070911722141823,True,2,6,21
2025-01-13,000004.SZ,2025-01-14,2025-01-15,2025-01-21,2025-02-19,0.016666666666666607,-0.13257575757575757,0.002272727272727426,True,2,6,21
2025-01-13,000006.SZ,2025-01-14,2025-01-15,2025-01-21,2025-02-19,-0.011661807580174766,0.10495626822157433,-0.026239067055393472,True,2,6,21
2025-01-13,000007.SZ,2025-01-14,2025-01-15,2025-01-21,2025-02-19,0.0014224751066855834,0.014224751066856278,-0.06543385490753906,True,2,6,21
2025-01-13,000008.SZ,2025-01-14,2025-01-15,2025-01-21,2025-02-19,-0.021739130434782483,-0.05434782608695654,0.07246376811594213,True,2,6,21
2025-01-13,000009.SZ,2025-01-14,2025-01-15,2025-01-21,2025-02-19,0.0034965034965035446,0.006993006993007311,0.027972027972028135,True,2,6,21
2025-01-13,000010.SZ,2025-01-14,2025-01-15,2025-01-21,2025-02-19,-0.04458598726114649,-0.05732484076433131,-0.0987261146496815,True,2,6,21
2025-01-13,000011.SZ,2025-01-14,2025-01-15,2025-01-21,2025-02-19,0.0011933174224343368,0.014319809069212264,-0.00835322195704058,True,2,6,21
2025-01-13,000012.SZ,2025-01-14,2025-01-15,2025-01-21,2025-02-19,0.005964214711729365,-0.02385685884691846,-0.007952286282306154,True,2,6,21
2025-01-14,000001.SZ,2025-01-15,2025-01-16,2025-01-22,2025-02-20,0.007839721254355503,-0.03397212543553996,0.015679442508711006,True,2,6,21
2025-01-14,000002.SZ,2025-01-15,2025-01-16,2025-01-22,2025-02-20,0.002915451895043608,0.023323615160349753,0.09620991253644307,True,2,6,21
2025-01-14,000004.SZ,2025-01-15,2025-01-16,2025-01-22,2025-02-20,0.012667660208643738,-0.19523099850968695,-0.02235469448584204,True,2,6,21
2025-01-14,000006.SZ,2025-01-15,2025-01-16,2025-01-22,2025-02-20,0.01327433628318575,0.03687315634218291,0.0,True,2,6,21
2025-01-14,000007.SZ,2025-01-15,2025-01-16,2025-01-22,2025-02-20,0.005681818181818121,-0.009943181818181879,-0.06392045454545459,True,2,6,21
2025-01-14,000008.SZ,2025-01-15,2025-01-16,2025-01-22,2025-02-20,0.007407407407407307,-0.05185185185185193,0.07407407407407374,True,2,6,21
2025-01-14,000009.SZ,2025-01-15,2025-01-16,2025-01-22,2025-02-20,0.004645760743321903,-0.005807200929151768,0.012775842044134844,True,2,6,21
2025-01-14,000010.SZ,2025-01-15,2025-01-16,2025-01-22,2025-02-20,-0.020000000000000018,-0.07333333333333336,-0.06000000000000005,True,2,6,21
2025-01-14,000011.SZ,2025-01-15,2025-01-16,2025-01-22,2025-02-20,-0.0023837902264601807,-0.00715137067938032,-0.00715137067938032,True,2,6,21
2025-01-14,000012.SZ,2025-01-15,2025-01-16,2025-01-22,2025-02-20,0.0039525691699606735,-0.03162055335968339,-0.023715415019762598,True,2,6,21
2025-01-15,000001.SZ,2025-01-16,2025-01-17,2025-01-23,2025-02-21,-0.010371650821089262,-0.021607605877268954,0.006050129645635227,True,2,6,21
2025-01-15,000002.SZ,2025-01-16,2025-01-17,2025-01-23,2025-02-21,-0.03633720930232576,0.06976744186046524,0.10755813953488369,True,2,6,21
2025-01-15,000004.SZ,2025-01-16,2025-01-17,2025-01-23,2025-02-21,-0.021339220014716664,-0.2200147167034584,-0.01471670345842524,True,2,6,21
2025-01-15,000006.SZ,2025-01-16,2025-01-17,2025-01-23,2025-02-21,-0.010189228529839833,0.0014556040756914523,-0.03202328966521106,True,2,6,21
2025-01-15,000007.SZ,2025-01-16,2025-01-17,2025-01-23,2025-02-21,0.0028248587570620654,-0.016949152542372947,-0.08333333333333326,True,2,6,21
2025-01-15,000008.SZ,2025-01-16,2025-01-17,2025-01-23,2025-02-21,-0.011029411764705954,-0.05882352941176472,0.06985294117647056,True,2,6,21
2025-01-15,000009.SZ,2025-01-16,2025-01-17,2025-01-23,2025-02-21,0.0011560693641616826,-0.013872832369942412,0.01156069364161838,True,2,6,21
2025-01-15,000010.SZ,2025-01-16,2025-01-17,2025-01-23,2025-02-21,-0.006802721088435382,-0.061224489795918435,-0.03741496598639449,True,2,6,21
2025-01-15,000011.SZ,2025-01-16,2025-01-17,2025-01-23,2025-02-21,0.002389486260454099,-0.03345280764635594,-0.01314217443249699,True,2,6,21
2025-01-15,000012.SZ,2025-01-16,2025-01-17,2025-01-23,2025-02-21,0.0019685039370080926,-0.027559055118110076,-0.023622047244094446,True,2,6,21
2025-01-16,000001.SZ,2025-01-17,2025-01-20,2025-01-24,2025-02-24,-0.0026200873362445254,-0.009606986899563297,0.012227074235807933,True,2,6,21
2025-01-16,000002.SZ,2025-01-17,2025-01-20,2025-01-24,2025-02-24,0.03318250377073917,0.1146304675716443,0.17948717948717974,True,2,6,21
2025-01-16,000004.SZ,2025-01-17,2025-01-20,2025-01-24,2025-02-24,-0.09999999999999998,-0.20827067669172938,-0.03909774436090241,True,2,6,21
2025-01-16,000006.SZ,2025-01-17,2025-01-20,2025-01-24,2025-02-24,0.10000000000000009,0.03676470588235303,-0.04117647058823548,True,2,6,21
2025-01-16,000007.SZ,2025-01-17,2025-01-20,2025-01-24,2025-02-24,0.012676056338028374,-0.028169014084506894,-0.06901408450704216,True,2,6,21
2025-01-16,000008.SZ,2025-01-17,2025-01-20,2025-01-24,2025-02-24,-0.011152416356877248,-0.044609665427509326,0.08550185873605942,True,2,6,21
2025-01-16,000009.SZ,2025-01-17,2025-01-20,2025-01-24,2025-02-24,0.006928406466512715,-0.01385681293302543,0.01847575057736739,True,2,6,21
2025-01-16,000010.SZ,2025-01-17,2025-01-20,2025-01-24,2025-02-24,-0.006849315068493178,-0.05136986301369861,0.006849315068493178,True,2,6,21
2025-01-16,000011.SZ,2025-01-17,2025-01-20,2025-01-24,2025-02-24,0.020262216924910703,-0.03456495828367112,-0.0035756853396902155,True,2,6,21
2025-01-16,000012.SZ,2025-01-17,2025-01-20,2025-01-24,2025-02-24,-0.03143418467583492,-0.027504911591355596,-0.0216110019646365,True,2,6,21
2025-01-17,000001.SZ,2025-01-20,2025-01-21,2025-01-27,2025-02-25,-0.007880910683012332,0.004378283712784814,0.004378283712784814,True,2,6,21
2025-01-17,000002.SZ,2025-01-20,2025-01-21,2025-01-27,2025-02-25,0.07445255474452561,0.0613138686131387,0.12116788321167893,True,2,6,21
2025-01-17,000004.SZ,2025-01-20,2025-01-21,2025-01-27,2025-02-25,,,,False,2,6,21
2025-01-17,000006.SZ,2025-01-20,2025-01-21,2025-01-27,2025-02-25,0.01336898395721886,-0.09491978609625695,-0.14304812834224612,True,2,6,21
2025-01-17,000007.SZ,2025-01-20,2025-01-21,2025-01-27,2025-02-25,-0.00834492350486793,-0.033379694019471495,-0.10292072322670376,True,2,6,21
2025-01-17,000008.SZ,2025-01-20,2025-01-21,2025-01-27,2025-02-25,-0.018796992481203145,-0.052631578947368474,0.09022556390977421,True,2,6,21
2025-01-17,000009.SZ,2025-01-20,2025-01-21,2025-01-27,2025-02-25,-0.009174311926605339,-0.047018348623853234,-0.0034403669724769603,True,2,6,21
2025-01-17,000010.SZ,2025-01-20,2025-01-21,2025-01-27,2025-02-25,0.020689655172413834,-0.04482758620689653,0.010344827586207028,True,2,6,21
2025-01-17,000011.SZ,2025-01-20,2025-01-21,2025-01-27,2025-02-25,-0.007009345794392607,-0.053738317757009435,-0.031542056074766456,True,2,6,21
2025-01-17,000012.SZ,2025-01-20,2025-01-21,2025-01-27,2025-02-25,-0.0040567951318457585,0.010141987829614507,0.0020283975659229903,True,2,6,21
2025-01-20,000001.SZ,2025-01-21,2025-01-22,2025-02-05,2025-02-26,-0.02118270079435114,0.003530450132391838,0.016769638128861564,True,2,6,21
2025-01-20,000002.SZ,2025-01-21,2025-01-22,2025-02-05,2025-02-26,-0.04619565217391319,-0.052989130434782705,0.06521739130434767,True,2,6,21
2025-01-20,000004.SZ,2025-01-21,2025-01-22,2025-02-05,2025-02-26,-0.056768558951964976,0.0,0.11965065502183414,True,2,6,21
2025-01-20,000006.SZ,2025-01-21,2025-01-22,2025-02-05,2025-02-26,-0.07255936675461727,-0.10949868073878621,-0.12796833773087046,True,2,6,21
2025-01-20,000007.SZ,2025-01-21,2025-01-22,2025-02-05,2025-02-26,-0.02244039270687237,-0.018232819074333828,-0.08555399719495094,True,2,6,21
2025-01-20,000008.SZ,2025-01-21,2025-01-22,2025-02-05,2025-02-26,-0.019157088122605304,-0.011494252873563093,0.13793103448275867,True,2,6,21
2025-01-20,000009.SZ,2025-01-21,2025-01-22,2025-02-05,2025-02-26,-0.0092592592592593,-0.03125000000000033,0.01967592592592582,True,2,6,21
2025-01-20,000010.SZ,2025-01-21,2025-01-22,2025-02-05,2025-02-26,-0.060810810810810856,-0.013513513513513487,0.013513513513513598,True,2,6,21
2025-01-20,000011.SZ,2025-01-21,2025-01-22,2025-02-05,2025-02-26,-0.020000000000000018,-0.04117647058823526,-0.003529411764705781,True,2,6,21
2025-01-20,000012.SZ,2025-01-21,2025-01-22,2025-02-05,2025-02-26,-0.0020366598778003286,0.004073319755600657,0.02240325865580428,True,2,6,21
2025-01-21,000001.SZ,2025-01-22,2025-01-23,2025-02-06,2025-02-27,0.02073940486925152,0.024346257889990897,0.04779080252479728,True,2,6,21
2025-01-21,000002.SZ,2025-01-22,2025-01-23,2025-02-06,2025-02-27,0.04843304843304863,0.0,0.1125356125356125,True,2,6,21
2025-01-21,000004.SZ,2025-01-22,2025-01-23,2025-02-06,2025-02-27,-0.0185185185185186,0.10000000000000009,0.16296296296296298,True,2,6,21
2025-01-21,000006.SZ,2025-01-22,2025-01-23,2025-02-06,2025-02-27,-0.02133712660028453,-0.028449502133712556,-0.042674253200568835,True,2,6,21
2025-01-21,000007.SZ,2025-01-22,2025-01-23,2025-02-06,2025-02-27,-0.001434720229555153,0.004304160688665792,-0.06886657101865135,True,2,6,21
2025-01-21,000008.SZ,2025-01-22,2025-01-23,2025-02-06,2025-02-27,0.0,0.04296875,0.140625,True,2,6,21
2025-01-21,000009.SZ,2025-01-22,2025-01-23,2025-02-06,2025-02-27,-0.0035046728971965813,-0.007009345794392607,0.025700934579439227,True,2,6,21
2025-01-21,000010.SZ,2025-01-22,2025-01-23,2025-02-06,2025-02-27,-0.007194244604316502,0.043165467625899234,0.08992805755395694,True,2,6,21
2025-01-21,000011.SZ,2025-01-22,2025-01-23,2025-02-06,2025-02-27,-0.02881152460984393,-0.01800720288115254,0.019207683073229287,True,2,6,21
2025-01-21,000012.SZ,2025-01-22,2025-01-23,2025-02-06,2025-02-27,0.008163265306122325,0.012244897959183376,0.018367346938775286,True,2,6,21
2025-01-22,000001.SZ,2025-01-23,2025-01-24,2025-02-07,2025-02-28,0.0017667844522968323,0.005300353356890497,0.01855123674911674,True,2,6,21
2025-01-22,000002.SZ,2025-01-23,2025-01-24,2025-02-07,2025-02-28,0.0040760869565217295,0.008152173913043459,0.05298913043478248,True,2,6,21
2025-01-22,000004.SZ,2025-01-23,2025-01-24,2025-02-07,2025-02-28,-0.006603773584905714,0.19811320754716988,0.13962264150943393,True,2,6,21
2025-01-22,000006.SZ,2025-01-23,2025-01-24,2025-02-07,2025-02-28,0.02470930232558155,0.013081395348837122,-0.07267441860465118,True,2,6,21
2025-01-22,000007.SZ,2025-01-23,2025-01-24,2025-02-07,2025-02-28,-0.008620689655172376,-0.001436781609195359,-0.10344827586206895,True,2,6,21
2025-01-22,000008.SZ,2025-01-23,2025-01-24,2025-02-07,2025-02-28,0.00390625,0.05859375,0.0859375,True,2,6,21
2025-01-22,000009.SZ,2025-01-23,2025-01-24,2025-02-07,2025-02-28,0.0011723329425556983,0.010550996483001285,0.0023446658851116187,True,2,6,21
2025-01-22,000010.SZ,2025-01-23,2025-01-24,2025-02-07,2025-02-28,0.0036231884057971175,0.05434782608695676,0.04347826086956519,True,2,6,21
2025-01-22,000011.SZ,2025-01-23,2025-01-24,2025-02-07,2025-02-28,0.0012360939431397266,0.02224969097651419,0.027194066749073098,True,2,6,21
2025-01-22,000012.SZ,2025-01-23,2025-01-24,2025-02-07,2025-02-28,0.002024291497975561,0.024291497975708287,0.004048582995951344,True,2,6,21
2025-01-23,000001.SZ,2025-01-24,2025-01-27,2025-02-10,2025-03-03,0.011463844797178213,0.007936507936507908,0.014991181657848518,True,2,6,21
2025-01-23,000002.SZ,2025-01-24,2025-01-27,2025-02-10,2025-03-03,-0.016238159675236785,0.00405953991880903,0.054127198917455877,True,2,6,21
2025-01-23,000004.SZ,2025-01-24,2025-01-27,2025-02-10,2025-03-03,-0.011396011396011319,0.3266856600189936,0.15669515669515666,True,2,6,21
2025-01-23,000006.SZ,2025-01-24,2025-01-27,2025-02-10,2025-03-03,-0.03971631205673776,0.03262411347517724,-0.08652482269503547,True,2,6,21
2025-01-23,000007.SZ,2025-01-24,2025-01-27,2025-02-10,2025-03-03,0.007246376811594235,0.0014492753623187582,-0.08260869565217399,True,2,6,21
2025-01-23,000008.SZ,2025-01-24,2025-01-27,2025-02-10,2025-03-03,-0.01945525291828787,0.08171206225680927,0.07392996108949412,True,2,6,21
2025-01-23,000009.SZ,2025-01-24,2025-01-27,2025-02-10,2025-03-03,-0.02693208430913341,0.0,0.030444964871194413,True,2,6,21
2025-01-23,000010.SZ,2025-01-24,2025-01-27,2025-02-10,2025-03-03,0.0,0.07581227436823124,0.05415162454873634,True,2,6,21
2025-01-23,000011.SZ,2025-01-24,2025-01-27,2025-02-10,2025-03-03,0.0,0.04691358024691361,0.022222222222222143,True,2,6,21
2025-01-23,000012.SZ,2025-01-24,2025-01-27,2025-02-10,2025-03-03,0.0060606060606061,0.016161616161616266,0.002020202020202033,True,2,6,21
2025-01-24,000001.SZ,2025-01-27,2025-02-05,2025-02-11,2025-03-04,-0.008718395815170199,-0.0043591979075850995,0.0034873583260681684,True,2,6,21
2025-01-24,000002.SZ,2025-01-27,2025-02-05,2025-02-11,2025-03-04,-0.04126547455295748,-0.004126547455295726,0.05089408528198058,True,2,6,21
2025-01-24,000004.SZ,2025-01-27,2025-02-05,2025-02-11,2025-03-04,0.09990393852065305,0.31604226705091243,0.1796349663784822,True,2,6,21
2025-01-24,000006.SZ,2025-01-27,2025-02-05,2025-02-11,2025-03-04,-0.002954209748892156,0.03988183161004444,-0.033973412112259904,True,2,6,21
2025-01-24,000007.SZ,2025-01-27,2025-02-05,2025-02-11,2025-03-04,0.007194244604316502,-0.031654676258992764,-0.07050359712230214,True,2,6,21
2025-01-24,000008.SZ,2025-01-27,2025-02-05,2025-02-11,2025-03-04,0.023809523809523725,0.09126984126984117,0.1071428571428572,True,2,6,21
2025-01-24,000009.SZ,2025-01-27,2025-02-05,2025-02-11,2025-03-04,0.0072202166064980755,0.013237063778580138,0.05054151624548742,True,2,6,21
2025-01-24,000010.SZ,2025-01-27,2025-02-05,2025-02-11,2025-03-04,0.05415162454873634,0.057761732851985714,0.04332129963898912,True,2,6,21
2025-01-24,000011.SZ,2025-01-27,2025-02-05,2025-02-11,2025-03-04,0.006172839506172867,0.030864197530864113,0.02592592592592613,True,2,6,21
2025-01-24,000012.SZ,2025-01-27,2025-02-05,2025-02-11,2025-03-04,-0.010040160642570295,0.0060240963855420215,-0.004016064257028273,True,2,6,21
2025-01-27,000001.SZ,2025-02-05,2025-02-06,2025-02-12,2025-03-05,-0.0008795074758134458,0.004397537379067895,0.025505716798593037,True,2,6,21
2025-01-27,000002.SZ,2025-02-05,2025-02-06,2025-02-12,2025-03-05,0.007173601147776099,0.14203730272596848,0.08034433285509324,True,2,6,21
2025-01-27,000004.SZ,2025-02-05,2025-02-06,2025-02-12,2025-03-05,0.03755458515283849,0.2227074235807862,0.06375545851528397,True,2,6,21
2025-01-27,000006.SZ,2025-02-05,2025-02-06,2025-02-12,2025-03-05,0.011851851851852002,0.06666666666666687,-0.034074074074074145,True,2,6,21
2025-01-27,000007.SZ,2025-02-05,2025-02-06,2025-02-12,2025-03-05,0.0,-0.040000000000000036,-0.0842857142857143,True,2,6,21
2025-01-27,000008.SZ,2025-02-05,2025-02-06,2025-02-12,2025-03-05,0.0348837209302324,0.07364341085271309,0.08914728682170536,True,2,6,21
2025-01-27,000009.SZ,2025-02-05,2025-02-06,2025-02-12,2025-03-05,0.015531660692951199,0.044205495818399276,0.03225806451612945,True,2,6,21
2025-01-27,000010.SZ,2025-02-05,2025-02-06,2025-02-12,2025-03-05,-0.006849315068493178,0.0034246575342467,-0.010273972602739656,True,2,6,21
2025-01-27,000011.SZ,2025-02-05,2025-02-06,2025-02-12,2025-03-05,0.0036809815950920033,0.04049079754601226,0.004907975460122671,True,2,6,21
2025-01-27,000012.SZ,2025-02-05,2025-02-06,2025-02-12,2025-03-05,0.006085192697768749,0.018255578093306246,0.0,True,2,6,21
2025-02-05,000001.SZ,2025-02-06,2025-02-07,2025-02-13,2025-03-06,0.0017605633802817433,0.012323943661971981,0.02376760563380298,True,2,6,21
2025-02-05,000002.SZ,2025-02-06,2025-02-07,2025-02-13,2025-03-06,0.056980056980056926,0.1353276353276356,0.1068376068376069,True,2,6,21
2025-02-05,000004.SZ,2025-02-06,2025-02-07,2025-02-13,2025-03-06,0.06902356902356899,0.1422558922558923,0.06481481481481488,True,2,6,21
2025-02-05,000006.SZ,2025-02-06,2025-02-07,2025-02-13,2025-03-06,0.020497803806734716,0.04538799414348449,-0.019033674963396807,True,2,6,21
2025-02-05,000007.SZ,2025-02-06,2025-02-07,2025-02-13,2025-03-06,-0.0071428571428571175,-0.04142857142857148,-0.08142857142857152,True,2,6,21
2025-02-05,000008.SZ,2025-02-06,2025-02-07,2025-02-13,2025-03-06,0.014981273408239737,0.029962546816479474,0.05617977528089879,True,2,6,21
2025-02-05,000009.SZ,2025-02-06,2025-02-07,2025-02-13,2025-03-06,0.014117647058823346,0.0388235294117647,0.023529411764705577,True,2,6,21
2025-02-05,000010.SZ,2025-02-06,2025-02-07,2025-02-13,2025-03-06,0.0034482758620690834,0.024137931034482918,0.0,True,2,6,21
2025-02-05,000011.SZ,2025-02-06,2025-02-07,2025-02-13,2025-03-06,0.011002444987775029,0.03911980440097795,0.019559902200489088,True,2,6,21
2025-02-05,000012.SZ,2025-02-06,2025-02-07,2025-02-13,2025-03-06,0.020161290322580516,0.014112903225806495,-0.002016129032258007,True,2,6,21
2025-02-06,000001.SZ,2025-02-07,2025-02-10,2025-02-14,2025-03-07,0.004393673110720586,0.01493848857644986,0.025483304042179356,True,2,6,21
2025-02-06,000002.SZ,2025-02-07,2025-02-10,2025-02-14,2025-03-07,0.0,0.052560646900269514,0.014824797843665749,True,2,6,21
2025-02-06,000004.SZ,2025-02-07,2025-02-10,2025-02-14,2025-03-07,0.10000000000000009,0.07559055118110236,-0.03622047244094484,True,2,6,21
2025-02-06,000006.SZ,2025-02-07,2025-02-10,2025-02-14,2025-03-07,0.04447632711621252,0.010043041606886627,-0.07604017216642744,True,2,6,21
2025-02-06,000007.SZ,2025-02-07,2025-02-10,2025-02-14,2025-03-07,-0.0057553956834532904,-0.0402877697841727,-0.08345323741007193,True,2,6,21
2025-02-06,000008.SZ,2025-02-07,2025-02-10,2025-02-14,2025-03-07,0.025830258302582898,-0.0036900369003689537,0.022140221402213944,True,2,6,21
2025-02-06,000009.SZ,2025-02-07,2025-02-10,2025-02-14,2025-03-07,-0.009280742459396696,0.04176334106728552,-0.004640371229698403,True,2,6,21
2025-02-06,000010.SZ,2025-02-07,2025-02-10,2025-02-14,2025-03-07,0.024054982817869552,-0.013745704467354014,-0.020618556701030966,True,2,6,21
2025-02-06,000011.SZ,2025-02-07,2025-02-10,2025-02-14,2025-03-07,0.025392986698911768,0.0338573155985491,-0.0096735187424426,True,2,6,21
2025-02-06,000012.SZ,2025-02-07,2025-02-10,2025-02-14,2025-03-07,-0.005928853754940455,-0.0019762845849802257,-0.025691699604742824,True,2,6,21
2025-02-07,000001.SZ,2025-02-10,2025-02-11,2025-02-17,2025-03-10,-0.0008748906386701893,0.03062117235345596,0.013998250218722808,True,2,6,21
2025-02-07,000002.SZ,2025-02-10,2025-02-11,2025-02-17,2025-03-10,-0.02425876010781669,0.03504043126684642,0.008086253369272267,True,2,6,21
2025-02-07,000004.SZ,2025-02-10,2025-02-11,2025-02-17,2025-03-10,-0.019327129563350143,-0.01431639226914827,-0.13027916964924835,True,2,6,21
2025-02-07,000006.SZ,2025-02-10,2025-02-11,2025-02-17,2025-03-10,-0.03296703296703296,-0.027472527472527375,-0.11538461538461531,True,2,6,21
2025-02-07,000007.SZ,2025-02-10,2025-02-11,2025-02-17,2025-03-10,-0.026049204052098318,-0.0361794500723589,-0.0752532561505066,True,2,6,21
2025-02-07,000008.SZ,2025-02-10,2025-02-11,2025-02-17,2025-03-10,-0.010791366906474753,0.003597122302158251,0.003597122302158251,True,2,6,21
2025-02-07,000009.SZ,2025-02-10,2025-02-11,2025-02-17,2025-03-10,-0.014051522248243353,0.04215456674473095,0.0,True,2,6,21
2025-02-07,000010.SZ,2025-02-10,2025-02-11,2025-02-17,2025-03-10,-0.016778523489933028,-0.013422818791946511,-0.033557046979865945,True,2,6,21
2025-02-07,000011.SZ,2025-02-10,2025-02-11,2025-02-17,2025-03-10,-0.015330188679245405,0.01297169811320753,-0.030660377358490587,True,2,6,21
2025-02-07,000012.SZ,2025-02-10,2025-02-11,2025-02-17,2025-03-10,-0.003976143141153243,-0.003976143141153243,-0.021868787276341894,True,2,6,21
2025-02-10,000001.SZ,2025-02-11,2025-02-12,2025-02-18,2025-03-11,0.0,0.034150612959719995,0.016637478108581627,True,2,6,21
2025-02-10,000002.SZ,2025-02-11,2025-02-12,2025-02-18,2025-03-11,0.09944751381215466,0.03867403314917128,0.026243093922651894,True,2,6,21
2025-02-10,000004.SZ,2025-02-11,2025-02-12,2025-02-18,2025-03-11,0.021897810218978186,-0.04014598540145975,-0.10729927007299267,True,2,6,21
2025-02-10,000006.SZ,2025-02-11,2025-02-12,2025-02-18,2025-03-11,0.02272727272727293,-0.05397727272727271,-0.04119318181818177,True,2,6,21
2025-02-10,000007.SZ,2025-02-11,2025-02-12,2025-02-18,2025-03-11,-0.0014858841010402246,-0.026745913818722267,-0.05646359583952465,True,2,6,21
2025-02-10,000008.SZ,2025-02-11,2025-02-12,2025-02-18,2025-03-11,0.0072727272727273196,-0.021818181818181848,0.021818181818181737,True,2,6,21
2025-02-10,000009.SZ,2025-02-11,2025-02-12,2025-02-18,2025-03-11,0.03800475059382413,0.0463182897862231,0.021377672209025977,True,2,6,21
2025-02-10,000010.SZ,2025-02-11,2025-02-12,2025-02-18,2025-03-11,0.0,-0.03412969283276457,-0.0034129692832765013,True,2,6,21
2025-02-10,000011.SZ,2025-02-11,2025-02-12,2025-02-18,2025-03-11,0.015568862275449291,-0.004790419161676551,0.0023952095808381646,True,2,6,21
2025-02-10,000012.SZ,2025-02-11,2025-02-12,2025-02-18,2025-03-11,0.001996007984031989,-0.003992015968063756,-0.015968063872255356,True,2,6,21
2025-02-11,000001.SZ,2025-02-12,2025-02-13,2025-02-19,2025-03-12,0.00700525394045548,0.02539404553415081,0.037653239929947624,True,2,6,21
2025-02-11,000002.SZ,2025-02-12,2025-02-13,2025-02-19,2025-03-12,0.0012562814070351536,-0.03894472361809043,-0.0653266331658291,True,2,6,21
2025-02-11,000004.SZ,2025-02-12,2025-02-13,2025-02-19,2025-03-12,-0.030714285714285694,-0.05499999999999994,-0.125,True,2,6,21
2025-02-11,000006.SZ,2025-02-12,2025-02-13,2025-02-19,2025-03-12,-0.008333333333333526,-0.0722222222222223,-0.07500000000000007,True,2,6,21
2025-02-11,000007.SZ,2025-02-12,2025-02-13,2025-02-19,2025-03-12,-0.0014880952380952328,-0.022321428571428492,-0.06845238095238093,True,2,6,21
2025-02-11,000008.SZ,2025-02-12,2025-02-13,2025-02-19,2025-03-12,-0.0072202166064981865,0.06859205776173294,0.025270758122743597,True,2,6,21
2025-02-11,000009.SZ,2025-02-12,2025-02-13,2025-02-19,2025-03-12,0.010297482837528626,0.009153318077803174,-0.01830663615560657,True,2,6,21
2025-02-11,000010.SZ,2025-02-12,2025-02-13,2025-02-19,2025-03-12,0.013651877133105783,-0.03412969283276457,0.013651877133105783,True,2,6,21
2025-02-11,000011.SZ,2025-02-12,2025-02-13,2025-02-19,2025-03-12,0.002358490566037652,-0.02004716981132071,-0.009433962264150941,True,2,6,21
2025-02-11,000012.SZ,2025-02-12,2025-02-13,2025-02-19,2025-03-12,0.0019920318725101804,-0.005976095617529764,-0.02191235059760932,True,2,6,21
2025-02-12,000001.SZ,2025-02-13,2025-02-14,2025-02-20,2025-03-13,0.004347826086956497,0.013913043478261056,0.029565217391304355,True,2,6,21
2025-02-12,000002.SZ,2025-02-13,2025-02-14,2025-02-20,2025-03-13,-0.020075282308657627,-0.0564617314930993,-0.07779171894604775,True,2,6,21
2025-02-12,000004.SZ,2025-02-13,2025-02-14,2025-02-20,2025-03-13,0.006632277081798144,-0.033161385408990496,-0.11422254974207813,True,2,6,21
2025-02-12,000006.SZ,2025-02-13,2025-02-14,2025-02-20,2025-03-13,-0.014005602240896309,-0.05042016806722682,-0.08823529411764708,True,2,6,21
2025-02-12,000007.SZ,2025-02-13,2025-02-14,2025-02-20,2025-03-13,-0.005961251862891204,-0.01788375558867361,-0.07600596125186287,True,2,6,21
2025-02-12,000008.SZ,2025-02-13,2025-02-14,2025-02-20,2025-03-13,-0.018181818181818077,0.05454545454545445,0.0072727272727273196,True,2,6,21
2025-02-12,000009.SZ,2025-02-13,2025-02-14,2025-02-20,2025-03-13,0.016987542468856143,-0.012457531143827971,-0.03510758776896972,True,2,6,21
2025-02-12,000010.SZ,2025-02-13,2025-02-14,2025-02-20,2025-03-13,-0.03367003367003374,-0.05050505050505061,-0.026936026936026924,True,2,6,21
2025-02-12,000011.SZ,2025-02-13,2025-02-14,2025-02-20,2025-03-13,0.00588235294117645,-0.020000000000000018,-0.015294117647058902,True,2,6,21
2025-02-12,000012.SZ,2025-02-13,2025-02-14,2025-02-20,2025-03-13,0.00397614314115291,-0.017892644135188873,-0.021868787276341894,True,2,6,21
2025-02-13,000001.SZ,2025-02-14,2025-02-17,2025-02-21,2025-03-14,0.019913419913419883,0.007792207792207906,0.036363636363636376,True,2,6,21
2025-02-13,000002.SZ,2025-02-14,2025-02-17,2025-02-21,2025-03-14,-0.01664532650448136,-0.02432778489116527,-0.03457106274007682,True,2,6,21
2025-02-13,000004.SZ,2025-02-14,2025-02-17,2025-02-21,2025-03-14,0.008052708638360162,-0.019765739385065872,-0.10248901903367502,True,2,6,21
2025-02-13,000006.SZ,2025-02-14,2025-02-17,2025-02-21,2025-03-14,0.005681818181818343,-0.05539772727272718,-0.0639204545454547,True,2,6,21
2025-02-13,000007.SZ,2025-02-14,2025-02-17,2025-02-21,2025-03-14,-0.0014992503748125774,-0.026986506746626615,-0.04797601199400303,True,2,6,21
2025-02-13,000008.SZ,2025-02-14,2025-02-17,2025-02-21,2025-03-14,0.033333333333333215,0.07777777777777772,0.03703703703703698,True,2,6,21
2025-02-13,000009.SZ,2025-02-14,2025-02-17,2025-02-21,2025-03-14,-0.008908685968819552,-0.025612472160356448,-0.04008908685968837,True,2,6,21
2025-02-13,000010.SZ,2025-02-14,2025-02-17,2025-02-21,2025-03-14,0.024390243902439046,-0.013937282229965153,0.020905923344947785,True,2,6,21
2025-02-13,000011.SZ,2025-02-14,2025-02-17,2025-02-21,2025-03-14,0.004678362573099282,-0.0339181286549709,-0.008187134502923965,True,2,6,21
2025-02-13,000012.SZ,2025-02-14,2025-02-17,2025-02-21,2025-03-14,-0.007920792079207817,-0.017821782178217727,-0.015841584158415745,True,2,6,21
2025-02-14,000001.SZ,2025-02-17,2025-02-18,2025-02-24,2025-03-17,0.002546689303905003,-0.016129032258064502,-0.02376910016977929,True,2,6,21
2025-02-14,000002.SZ,2025-02-17,2025-02-18,2025-02-24,2025-03-17,-0.02083333333333348,0.01822916666666652,-0.015625,True,2,6,21
2025-02-14,000004.SZ,2025-02-17,2025-02-18,2025-02-24,2025-03-17,-0.04502541757443712,-0.07189542483660127,-0.09731299927378356,True,2,6,21
2025-02-14,000006.SZ,2025-02-17,2025-02-18,2025-02-24,2025-03-17,-0.05932203389830515,-0.07909604519774027,-0.06638418079096042,True,2,6,21
2025-02-14,000007.SZ,2025-02-17,2025-02-18,2025-02-24,2025-03-17,-0.016516516516516533,-0.007507507507507505,-0.043543543543543506,True,2,6,21
2025-02-14,000008.SZ,2025-02-17,2025-02-18,2025-02-24,2025-03-17,-0.03584229390681004,0.04659498207885293,0.014336917562723928,True,2,6,21
2025-02-14,000009.SZ,2025-02-17,2025-02-18,2025-02-24,2025-03-17,-0.010112359550561889,-0.008988764044943864,-0.032584269662921606,True,2,6,21
2025-02-14,000010.SZ,2025-02-17,2025-02-18,2025-02-24,2025-03-17,-0.03741496598639449,0.0,0.04421768707483009,True,2,6,21
2025-02-14,000011.SZ,2025-02-17,2025-02-18,2025-02-24,2025-03-17,-0.03259604190919663,-0.02677532013969741,-0.006984866123399325,True,2,6,21
2025-02-14,000012.SZ,2025-02-17,2025-02-18,2025-02-24,2025-03-17,-0.003992015968063756,-0.0059880239520957446,0.0,True,2,6,21
2025-02-17,000001.SZ,2025-02-18,2025-02-19,2025-02-25,2025-03-18,-0.008467400508044065,-0.0287891617273498,-0.027095681625741053,True,2,6,21
2025-02-17,000002.SZ,2025-02-18,2025-02-19,2025-02-25,2025-03-18,0.01728723404255339,0.021276595744680993,0.0013297872340425343,True,2,6,21
2025-02-17,000004.SZ,2025-02-18,2025-02-19,2025-02-25,2025-03-18,0.006083650190114032,0.0038022813688212143,-0.070722433460076,True,2,6,21
2025-02-17,000006.SZ,2025-02-18,2025-02-19,2025-02-25,2025-03-18,0.0030030030030030463,-0.037537537537537524,-0.013513513513513487,True,2,6,21
2025-02-17,000007.SZ,2025-02-18,2025-02-19,2025-02-25,2025-03-18,0.003053435114503955,-0.015267175572518998,-0.016793893129770865,True,2,6,21
2025-02-17,000008.SZ,2025-02-18,2025-02-19,2025-02-25,2025-03-18,0.1003717472118959,0.07806691449814118,0.04460966542750944,True,2,6,21
2025-02-17,000009.SZ,2025-02-18,2025-02-19,2025-02-25,2025-03-18,0.0011350737797957144,-0.01362088535754824,-0.018161180476730987,True,2,6,21
2025-02-17,000010.SZ,2025-02-18,2025-02-19,2025-02-25,2025-03-18,0.0,0.035335689045936425,0.07773851590105973,True,2,6,21
2025-02-17,000011.SZ,2025-02-18,2025-02-19,2025-02-25,2025-03-18,0.0,-0.002406738868832914,0.018050541516245522,True,2,6,21
2025-02-17,000012.SZ,2025-02-18,2025-02-19,2025-02-25,2025-03-18,0.0,-0.01002004008016033,0.002004008016031955,True,2,6,21
2025-02-18,000001.SZ,2025-02-19,2025-02-20,2025-02-26,2025-03-19,-0.004269854824935915,-0.016225448334756698,-0.016225448334756698,True,2,6,21
2025-02-18,000002.SZ,2025-02-19,2025-02-20,2025-02-26,2025-03-19,-0.016993464052287632,0.024836601307189454,-0.02352941176470591,True,2,6,21
2025-02-18,000004.SZ,2025-02-19,2025-02-20,2025-02-26,2025-03-19,-0.008314436885865528,-0.030990173847316727,-0.09297052154195018,True,2,6,21
2025-02-18,000006.SZ,2025-02-19,2025-02-20,2025-02-26,2025-03-19,0.014970059880239361,-0.010479041916167553,-0.02544910179640736,True,2,6,21
2025-02-18,000007.SZ,2025-02-19,2025-02-20,2025-02-26,2025-03-19,0.003044140030441289,-0.007610350076103556,-0.03805175038051756,True,2,6,21
2025-02-18,000008.SZ,2025-02-19,2025-02-20,2025-02-26,2025-03-19,-0.020270270270270396,0.0033783783783782884,-0.057432432432432456,True,2,6,21
2025-02-18,000009.SZ,2025-02-19,2025-02-20,2025-02-26,2025-03-19,-0.01133786848072571,-0.0011337868480726376,-0.02947845804988647,True,2,6,21
2025-02-18,000010.SZ,2025-02-19,2025-02-20,2025-02-26,2025-03-19,-0.0035335689045937757,0.060070671378091856,0.07067137809187263,True,2,6,21
2025-02-18,000011.SZ,2025-02-19,2025-02-20,2025-02-26,2025-03-19,0.002406738868832692,0.01925391095066198,0.020457280385078214,True,2,6,21
2025-02-18,000012.SZ,2025-02-19,2025-02-20,2025-02-26,2025-03-19,-0.01002004008016033,0.006012024048096087,0.002004008016031955,True,2,6,21
2025-02-19,000001.SZ,2025-02-20,2025-02-21,2025-02-27,2025-03-20,-0.0017152658662091813,-0.0034305317324185847,-0.01457975986277893,True,2,6,21
2025-02-19,000002.SZ,2025-02-20,2025-02-21,2025-02-27,2025-03-20,0.013297872340425565,0.03856382978723394,-0.01196808510638292,True,2,6,21
2025-02-19,000004.SZ,2025-02-20,2025-02-21,2025-02-27,2025-03-20,0.020579268292683084,-0.04268292682926822,-0.08841463414634132,True,2,6,21
2025-02-19,000006.SZ,2025-02-20,2025-02-21,2025-02-27,2025-03-20,-0.019174041297935096,-0.007374631268436405,-0.044247787610619316,True,2,6,21
2025-02-19,000007.SZ,2025-02-20,2025-02-21,2025-02-27,2025-03-20,-0.015174506828528056,-0.015174506828528056,-0.04400606980273136,True,2,6,21
2025-02-19,000008.SZ,2025-02-20,2025-02-21,2025-02-27,2025-03-20,0.0034482758620693055,0.006896551724138167,-0.027586206896551557,True,2,6,21
2025-02-19,000009.SZ,2025-02-20,2025-02-21,2025-02-27,2025-03-20,0.0034403669724769603,0.006880733944954143,-0.022935779816513957,True,2,6,21
2025-02-19,000010.SZ,2025-02-20,2025-02-21,2025-02-27,2025-03-20,0.0035460992907803135,0.07446808510638303,0.08865248226950362,True,2,6,21
2025-02-19,000011.SZ,2025-02-20,2025-02-21,2025-02-27,2025-03-20,-0.008403361344537896,0.019207683073229287,0.027611044417767072,True,2,6,21
2025-02-19,000012.SZ,2025-02-20,2025-02-21,2025-02-27,2025-03-20,0.004048582995951344,0.010121457489878471,0.014170040485829816,True,2,6,21
2025-02-20,000001.SZ,2025-02-21,2025-02-24,2025-02-28,2025-03-21,-0.004295532646048206,-0.00945017182130603,-0.01890034364261195,True,2,6,21
2025-02-20,000002.SZ,2025-02-21,2025-02-24,2025-02-28,2025-03-21,0.026246719160105236,0.01706036745406836,-0.034120734908136385,True,2,6,21
2025-02-20,000004.SZ,2025-02-21,2025-02-24,2025-02-28,2025-03-21,-0.04555638536221074,-0.09783420463032122,-0.12994772218073192,True,2,6,21
2025-02-20,000006.SZ,2025-02-21,2025-02-24,2025-02-28,2025-03-21,-0.019548872180451204,-0.04060150375939853,0.016541353383458635,True,2,6,21
2025-02-20,000007.SZ,2025-02-21,2025-02-24,2025-02-28,2025-03-21,0.018489984591679498,-0.03852080123266566,-0.035439137134052445,True,2,6,21
2025-02-20,000008.SZ,2025-02-21,2025-02-24,2025-02-28,2025-03-21,0.0034364261168384758,-0.04467353951890041,-0.04810996563573888,True,2,6,21
2025-02-20,000009.SZ,2025-02-21,2025-02-24,2025-02-28,2025-03-21,0.00800000000000023,-0.022857142857142687,-0.03314285714285692,True,2,6,21
2025-02-20,000010.SZ,2025-02-21,2025-02-24,2025-02-28,2025-03-21,0.03886925795053009,0.0176678445229681,0.09540636042402828,True,2,6,21
2025-02-20,000011.SZ,2025-02-21,2025-02-24,2025-02-28,2025-03-21,0.012106537530266248,0.006053268765133346,0.03147699757869238,True,2,6,21
2025-02-20,000012.SZ,2025-02-21,2025-02-24,2025-02-28,2025-03-21,0.0040322580645162365,0.0,0.01814516129032251,True,2,6,21
2025-02-21,000001.SZ,2025-02-24,2025-02-25,2025-03-03,2025-03-24,-0.01035375323554788,-0.00690250215703192,-0.018119068162208873,True,2,6,21
2025-02-21,000002.SZ,2025-02-24,2025-02-25,2025-03-03,2025-03-24,-0.01790281329923271,-0.0038363171355499937,-0.08184143222506401,True,2,6,21
2025-02-21,000004.SZ,2025-02-24,2025-02-25,2025-03-03,2025-03-24,,,,False,2,6,21
2025-02-21,000006.SZ,2025-02-24,2025-02-25,2025-03-03,2025-03-24,-0.016871165644171682,-0.012269938650306678,-0.006134969325153117,True,2,6,21
2025-02-21,000007.SZ,2025-02-24,2025-02-25,2025-03-03,2025-03-24,-0.024205748865355536,-0.042360060514372244,-0.09228441754916794,True,2,6,21
2025-02-21,000008.SZ,2025-02-24,2025-02-25,2025-03-03,2025-03-24,-0.006849315068493289,-0.0547945205479452,-0.09246575342465757,True,2,6,21
2025-02-21,000009.SZ,2025-02-24,2025-02-25,2025-03-03,2025-03-24,-0.014739229024943401,-0.0022675736961452753,-0.04875283446712031,True,2,6,21
2025-02-21,000010.SZ,2025-02-24,2025-02-25,2025-03-03,2025-03-24,-0.00340136054421758,-0.006802721088435382,0.04421768707483009,True,2,6,21
2025-02-21,000011.SZ,2025-02-24,2025-02-25,2025-03-03,2025-03-24,-0.00837320574162681,-0.009569377990430672,-0.00837320574162681,True,2,6,21
2025-02-21,000012.SZ,2025-02-24,2025-02-25,2025-03-03,2025-03-24,-0.008032128514056214,-0.004016064257028273,0.0,True,2,6,21
2025-02-24,000001.SZ,2025-02-25,2025-02-26,2025-03-04,2025-03-25,0.0043591979075849885,0.0034873583260681684,-0.0034873583260680574,True,2,6,21
2025-02-24,000002.SZ,2025-02-25,2025-02-26,2025-03-04,2025-03-25,0.02083333333333326,-0.005208333333333481,-0.06380208333333337,True,2,6,21
2025-02-24,000004.SZ,2025-02-25,2025-02-26,2025-03-04,2025-03-25,-0.028787878787878696,-0.0696969696969697,-0.2234848484848484,True,2,6,21
2025-02-24,000006.SZ,2025-02-25,2025-02-26,2025-03-04,2025-03-25,0.031201248049922192,0.020280811232449292,0.01716068642745694,True,2,6,21
2025-02-24,000007.SZ,2025-02-25,2025-02-26,2025-03-04,2025-03-25,0.010852713178294504,0.0015503875968991832,-0.06046511627906981,True,2,6,21
2025-02-24,000008.SZ,2025-02-25,2025-02-26,2025-03-04,2025-03-25,0.024137931034482918,-0.037931034482758474,-0.082758620689655,True,2,6,21
2025-02-24,000009.SZ,2025-02-25,2025-02-26,2025-03-04,2025-03-25,0.013808975834292303,0.004602991944764101,-0.021864211737629424,True,2,6,21
2025-02-24,000010.SZ,2025-02-25,2025-02-26,2025-03-04,2025-03-25,0.023890784982935065,-0.013651877133105783,0.03412969283276435,True,2,6,21
2025-02-24,000011.SZ,2025-02-25,2025-02-26,2025-03-04,2025-03-25,0.021712907117008573,0.0024125452352232735,0.004825090470446325,True,2,6,21
2025-02-24,000012.SZ,2025-02-25,2025-02-26,2025-03-04,2025-03-25,0.0161943319838056,0.004048582995951344,0.02631578947368407,True,2,6,21
2025-02-25,000001.SZ,2025-02-26,2025-02-27,2025-03-05,2025-03-26,0.00868055555555558,0.012152777777777901,-0.01215277777777779,True,2,6,21
2025-02-25,000002.SZ,2025-02-26,2025-02-27,2025-03-05,2025-03-26,-0.003826530612244916,-0.039540816326530615,-0.08163265306122447,True,2,6,21
2025-02-25,000004.SZ,2025-02-26,2025-02-27,2025-03-05,2025-03-26,-0.020280811232449292,-0.0499219968798752,-0.19188767550702035,True,2,6,21
2025-02-25,000006.SZ,2025-02-26,2025-02-27,2025-03-05,2025-03-26,0.018154311649016597,-0.013615733736762725,0.02269288956127058,True,2,6,21
2025-02-25,000007.SZ,2025-02-26,2025-02-27,2025-03-05,2025-03-26,-0.004601226993864893,-0.016871165644171682,-0.024539877300613355,True,2,6,21
2025-02-25,000008.SZ,2025-02-26,2025-02-27,2025-03-05,2025-03-26,-0.01683501683501676,-0.05387205387205374,-0.09427609427609418,True,2,6,21
2025-02-25,000009.SZ,2025-02-26,2025-02-27,2025-03-05,2025-03-26,-0.0034052213393870323,-0.01929625425652648,-0.036322360953461974,True,2,6,21
2025-02-25,000010.SZ,2025-02-26,2025-02-27,2025-03-05,2025-03-26,0.010000000000000009,-0.036666666666666625,0.016666666666666385,True,2,6,21
2025-02-25,000011.SZ,2025-02-26,2025-02-27,2025-03-05,2025-03-26,0.0023612750885477762,-0.03305785123966953,-0.0047225501770957745,True,2,6,21
2025-02-25,000012.SZ,2025-02-26,2025-02-27,2025-03-05,2025-03-26,-0.005976095617529764,-0.017928286852589514,0.009960159362549792,True,2,6,21
2025-02-26,000001.SZ,2025-02-27,2025-02-28,2025-03-06,2025-03-27,-0.0077452667814114085,0.000860585197934638,-0.019793459552495896,True,2,6,21
2025-02-26,000002.SZ,2025-02-27,2025-02-28,2025-03-06,2025-03-27,-0.007682458386683688,-0.005121638924455829,-0.08194622279129316,True,2,6,21
2025-02-26,000004.SZ,2025-02-27,2025-02-28,2025-03-06,2025-03-27,-0.03821656050955413,0.007165605095541316,-0.1902866242038217,True,2,6,21
2025-02-26,000006.SZ,2025-02-27,2025-02-28,2025-03-06,2025-03-27,-0.05200594353640431,-0.004457652303120341,0.10549777117384829,True,2,6,21
2025-02-26,000007.SZ,2025-02-27,2025-02-28,2025-03-06,2025-03-27,-0.03852080123266566,-0.00924499229583986,-0.02157164869029282,True,2,6,21
2025-02-26,000008.SZ,2025-02-27,2025-02-28,2025-03-06,2025-03-27,-0.047945205479452135,-0.03424657534246578,-0.09246575342465757,True,2,6,21
2025-02-26,000009.SZ,2025-02-27,2025-02-28,2025-03-06,2025-03-27,-0.026195899772209486,-0.009111617312073106,-0.03986332574031903,True,2,6,21
2025-02-26,000010.SZ,2025-02-27,2025-02-28,2025-03-06,2025-03-27,-0.04950495049504944,-0.04290429042904287,-0.01320132013201325,True,2,6,21
2025-02-26,000011.SZ,2025-02-27,2025-02-28,2025-03-06,2025-03-27,-0.021201413427561766,-0.017667844522968212,0.0035335689045936647,True,2,6,21
2025-02-26,000012.SZ,2025-02-27,2025-02-28,2025-03-06,2025-03-27,-0.006012024048096309,-0.008016032064128265,0.008016032064128265,True,2,6,21
2025-02-27,000001.SZ,2025-02-28,2025-03-03,2025-03-07,2025-03-28,-0.0017346053772766545,0.012142237640936582,-0.015611448395490224,True,2,6,21
2025-02-27,000002.SZ,2025-02-28,2025-03-03,2025-03-07,2025-03-28,0.005161290322580614,-0.028387096774193488,-0.08129032258064517,True,2,6,21
2025-02-27,000004.SZ,2025-02-28,2025-03-03,2025-03-07,2025-03-28,0.008278145695364225,0.013245033112582849,-0.17218543046357615,True,2,6,21
2025-02-27,000006.SZ,2025-02-28,2025-03-03,2025-03-07,2025-03-28,0.009404388714733702,0.009404388714733702,0.21630094043887138,True,2,6,21
2025-02-27,000007.SZ,2025-02-28,2025-03-03,2025-03-07,2025-03-28,0.014423076923076872,0.02083333333333326,-0.0064102564102563875,True,2,6,21
2025-02-27,000008.SZ,2025-02-28,2025-03-03,2025-03-07,2025-03-28,-0.007194244604316502,-0.003597122302158251,-0.07194244604316535,True,2,6,21
2025-02-27,000009.SZ,2025-02-28,2025-03-03,2025-03-07,2025-03-28,0.029239766081871066,0.0035087719298243503,-0.026900584795321758,True,2,6,21
2025-02-27,000010.SZ,2025-02-28,2025-03-03,2025-03-07,2025-03-28,0.01388888888888884,-0.01041666666666663,0.01388888888888884,True,2,6,21
2025-02-27,000011.SZ,2025-02-28,2025-03-03,2025-03-07,2025-03-28,-0.00361010830324926,-0.014440433212996484,0.00962695547533099,True,2,6,21
2025-02-27,000012.SZ,2025-02-28,2025-03-03,2025-03-07,2025-03-28,0.0,-0.006048387096774133,0.008064516129032251,True,2,6,21
2025-02-28,000001.SZ,2025-03-03,2025-03-04,2025-03-10,2025-03-31,0.0,0.0069504778453517435,-0.021720243266724726,True,2,6,21
2025-02-28,000002.SZ,2025-03-03,2025-03-04,2025-03-10,2025-03-31,-0.019255455712451797,-0.03979460847240035,-0.09499358151476245,True,2,6,21
2025-02-28,000004.SZ,2025-03-03,2025-03-04,2025-03-10,2025-03-31,0.008210180623973606,-0.0024630541871920597,-0.20032840722495893,True,2,6,21
2025-02-28,000006.SZ,2025-03-03,2025-03-04,2025-03-10,2025-03-31,0.01552795031055898,0.0,0.13198757763975144,True,2,6,21
2025-02-28,000007.SZ,2025-03-03,2025-03-04,2025-03-10,2025-03-31,0.020537124802527673,0.009478672985781866,-0.03791469194312802,True,2,6,21
2025-02-28,000008.SZ,2025-03-03,2025-03-04,2025-03-10,2025-03-31,0.010869565217391353,0.010869565217391353,-0.0724637681159419,True,2,6,21
2025-02-28,000009.SZ,2025-03-03,2025-03-04,2025-03-10,2025-03-31,-0.007954545454545436,-0.029545454545454652,-0.07840909090909087,True,2,6,21
2025-02-28,000010.SZ,2025-03-03,2025-03-04,2025-03-10,2025-03-31,-0.010273972602739656,-0.013698630136986356,-0.020547945205479423,True,2,6,21
2025-02-28,000011.SZ,2025-03-03,2025-03-04,2025-03-10,2025-03-31,0.0036231884057973396,-0.007246376811594013,0.004830917874396157,True,2,6,21
2025-02-28,000012.SZ,2025-03-03,2025-03-04,2025-03-10,2025-03-31,0.0,-0.00806451612903214,-0.006048387096774133,True,2,6,21
2025-03-03,000001.SZ,2025-03-04,2025-03-05,2025-03-11,2025-04-01,0.01303214596003488,0.008688097306689846,-0.020851433536055786,True,2,6,21
2025-03-03,000002.SZ,2025-03-04,2025-03-05,2025-03-11,2025-04-01,-0.014397905759162222,-0.027486910994764413,-0.06937172774869094,True,2,6,21
2025-03-03,000004.SZ,2025-03-04,2025-03-05,2025-03-11,2025-04-01,-0.008143322475570036,-0.004071661237784907,-0.17752442996742668,True,2,6,21
2025-03-03,000006.SZ,2025-03-04,2025-03-05,2025-03-11,2025-04-01,-0.003058103975535187,0.032110091743119185,0.10550458715596345,True,2,6,21
2025-03-03,000007.SZ,2025-03-04,2025-03-05,2025-03-11,2025-04-01,-0.007739938080495334,-0.01702786377708987,-0.051083591331269385,True,2,6,21
2025-03-03,000008.SZ,2025-03-04,2025-03-05,2025-03-11,2025-04-01,0.007168458781362075,0.007168458781362075,-0.07885304659498216,True,2,6,21
2025-03-03,000009.SZ,2025-03-04,2025-03-05,2025-03-11,2025-04-01,-0.010309278350515316,-0.014891179839633506,-0.06300114547537239,True,2,6,21
2025-03-03,000010.SZ,2025-03-04,2025-03-05,2025-03-11,2025-04-01,0.0,0.01038062283737018,-0.02768166089965396,True,2,6,21
2025-03-03,000011.SZ,2025-03-04,2025-03-05,2025-03-11,2025-04-01,-0.014440433212996484,0.0072202166064980755,0.022864019253910906,True,2,6,21
2025-03-03,000012.SZ,2025-03-04,2025-03-05,2025-03-11,2025-04-01,-0.006048387096774133,-0.006048387096774133,0.002016129032258007,True,2,6,21
2025-03-04,000001.SZ,2025-03-05,2025-03-06,2025-03-12,2025-04-02,-0.002572898799313883,0.016295025728988,-0.024871355060034683,True,2,6,21
2025-03-04,000002.SZ,2025-03-05,2025-03-06,2025-03-12,2025-04-02,0.031872509960159334,-0.01195219123505975,-0.06507304116865886,True,2,6,21
2025-03-04,000004.SZ,2025-03-05,2025-03-06,2025-03-12,2025-04-02,0.03858784893267653,0.005747126436781658,-0.18308702791461418,True,2,6,21
2025-03-04,000006.SZ,2025-03-05,2025-03-06,2025-03-12,2025-04-02,0.02760736196319047,0.021472392638036908,0.08282208588957052,True,2,6,21
2025-03-04,000007.SZ,2025-03-05,2025-03-06,2025-03-12,2025-04-02,0.0031201248049921304,-0.023400936037441533,-0.04212168486739476,True,2,6,21
2025-03-04,000008.SZ,2025-03-05,2025-03-06,2025-03-12,2025-04-02,0.003558718861209842,0.010676156583629748,-0.09252669039145911,True,2,6,21
2025-03-04,000009.SZ,2025-03-05,2025-03-06,2025-03-12,2025-04-02,0.006944444444444198,-0.006944444444444753,-0.05092592592592604,True,2,6,21
2025-03-04,000010.SZ,2025-03-05,2025-03-06,2025-03-12,2025-04-02,0.0034602076124565784,0.02768166089965396,-0.02768166089965396,True,2,6,21
2025-03-04,000011.SZ,2025-03-05,2025-03-06,2025-03-12,2025-04-02,0.01831501831501825,0.025641025641025772,0.030525030525030417,True,2,6,21
2025-03-04,000012.SZ,2025-03-05,2025-03-06,2025-03-12,2025-04-02,0.0040567951318457585,-0.0040567951318457585,0.012170385395537497,True,2,6,21
2025-03-05,000001.SZ,2025-03-06,2025-03-07,2025-03-13,2025-04-03,0.0034393809114359186,0.018056749785038573,-0.024935511607910743,True,2,6,21
2025-03-05,000002.SZ,2025-03-06,2025-03-07,2025-03-13,2025-04-03,-0.030888030888030826,-0.05405405405405406,-0.08108108108108103,True,2,6,21
2025-03-05,000004.SZ,2025-03-06,2025-03-07,2025-03-13,2025-04-03,-0.032411067193675924,-0.04980237154150202,-0.2237154150197629,True,2,6,21
2025-03-05,000006.SZ,2025-03-06,2025-03-07,2025-03-13,2025-04-03,-0.0388059701492538,-0.028358208955224118,0.04029850746268626,True,2,6,21
2025-03-05,000007.SZ,2025-03-06,2025-03-07,2025-03-13,2025-04-03,-0.009331259720062102,-0.035769828926905056,-0.035769828926905056,True,2,6,21
2025-03-05,000008.SZ,2025-03-06,2025-03-07,2025-03-13,2025-04-03,-0.01773049645390068,-0.01773049645390068,-0.0035460992907800915,True,2,6,21
2025-03-05,000009.SZ,2025-03-06,2025-03-07,2025-03-13,2025-04-03,-0.01379310344827589,-0.020689655172413834,-0.05977011494252871,True,2,6,21
2025-03-05,000010.SZ,2025-03-06,2025-03-07,2025-03-13,2025-04-03,-0.01724137931034475,-0.0034482758620688614,-0.02758620689655178,True,2,6,21
2025-03-05,000011.SZ,2025-03-06,2025-03-07,2025-03-13,2025-04-03,-0.017985611510791366,0.003597122302158251,0.02278177458033559,True,2,6,21
2025-03-05,000012.SZ,2025-03-06,2025-03-07,2025-03-13,2025-04-03,-0.004040404040403955,-0.006060606060605989,0.016161616161616266,True,2,6,21
2025-03-06,000001.SZ,2025-03-07,2025-03-10,2025-03-14,2025-04-07,-0.006855184233076184,0.02570694087403602,-0.08311910882604978,True,2,6,21
2025-03-06,000002.SZ,2025-03-07,2025-03-10,2025-03-14,2025-04-07,-0.006640106241699861,0.0013280212483399723,-0.12350597609561764,True,2,6,21
2025-03-06,000004.SZ,2025-03-07,2025-03-10,2025-03-14,2025-04-07,-0.007352941176470562,0.0016339869281045694,-0.2777777777777778,True,2,6,21
2025-03-06,000006.SZ,2025-03-07,2025-03-10,2025-03-14,2025-04-07,0.0,0.02329192546583836,-0.026397515527950444,True,2,6,21
2025-03-06,000007.SZ,2025-03-07,2025-03-10,2025-03-14,2025-04-07,0.0031397174254317317,-0.0031397174254317317,-0.12401883830455263,True,2,6,21
2025-03-06,000008.SZ,2025-03-07,2025-03-10,2025-03-14,2025-04-07,0.0072202166064982976,0.010830324909747224,-0.08664259927797846,True,2,6,21
2025-03-06,000009.SZ,2025-03-07,2025-03-10,2025-03-14,2025-04-07,-0.004662004662004615,0.004662004662004726,-0.14219114219114204,True,2,6,21
2025-03-06,000010.SZ,2025-03-07,2025-03-10,2025-03-14,2025-04-07,0.010526315789473717,0.02807017543859658,-0.10877192982456141,True,2,6,21
2025-03-06,000011.SZ,2025-03-07,2025-03-10,2025-03-14,2025-04-07,0.003663003663003872,0.035409035409035505,-0.06227106227106227,True,2,6,21
2025-03-06,000012.SZ,2025-03-07,2025-03-10,2025-03-14,2025-04-07,-0.0020283975659228792,0.008113590263691517,-0.07099391480730222,True,2,6,21
2025-03-07,000001.SZ,2025-03-10,2025-03-11,2025-03-17,2025-04-08,0.0017256255392579245,-0.007765314926660882,-0.06643658326143242,True,2,6,21
2025-03-07,000002.SZ,2025-03-10,2025-03-11,2025-03-17,2025-04-08,-0.006684491978609763,0.010695187165775444,-0.09090909090909105,True,2,6,21
2025-03-07,000004.SZ,2025-03-10,2025-03-11,2025-03-17,2025-04-08,0.006584362139917754,0.023045267489711918,-0.2872427983539094,True,2,6,21
2025-03-07,000006.SZ,2025-03-10,2025-03-11,2025-03-17,2025-04-08,0.048136645962732816,0.026397515527950333,-0.11335403726708082,True,2,6,21
2025-03-07,000007.SZ,2025-03-10,2025-03-11,2025-03-17,2025-04-08,-0.006259780907668211,-0.00312989045383405,-0.15962441314553988,True,2,6,21
2025-03-07,000008.SZ,2025-03-10,2025-03-11,2025-03-17,2025-04-08,0.007168458781362075,0.014336917562723928,-0.014336917562724039,True,2,6,21
2025-03-07,000009.SZ,2025-03-10,2025-03-11,2025-03-17,2025-04-08,0.007025761124121788,0.008196721311475308,-0.1206088992974238,True,2,6,21
2025-03-07,000010.SZ,2025-03-10,2025-03-11,2025-03-17,2025-04-08,0.01388888888888884,0.06597222222222232,-0.16666666666666663,True,2,6,21
2025-03-07,000011.SZ,2025-03-10,2025-03-11,2025-03-17,2025-04-08,0.018248175182481674,0.03771289537712885,-0.08637469586374691,True,2,6,21
2025-03-07,000012.SZ,2025-03-10,2025-03-11,2025-03-17,2025-04-08,0.00203252032520318,0.018292682926829062,-0.03252032520325221,True,2,6,21
2025-03-10,000001.SZ,2025-03-11,2025-03-12,2025-03-18,2025-04-09,0.02067183462532296,-0.01033591731266148,-0.06976744186046513,True,2,6,21
2025-03-10,000002.SZ,2025-03-11,2025-03-12,2025-03-18,2025-04-09,0.0013458950201885589,0.013458950201884257,-0.049798115746971794,True,2,6,21
2025-03-10,000004.SZ,2025-03-11,2025-03-12,2025-03-18,2025-04-09,0.0016353229762877675,-0.0008176614881438837,-0.27391659852820927,True,2,6,21
2025-03-10,000006.SZ,2025-03-11,2025-03-12,2025-03-18,2025-04-09,-0.013333333333333308,-0.026666666666666616,-0.12296296296296294,True,2,6,21
2025-03-10,000007.SZ,2025-03-11,2025-03-12,2025-03-18,2025-04-09,-0.014173228346456623,0.014173228346456845,-0.13385826771653542,True,2,6,21
2025-03-10,000008.SZ,2025-03-11,2025-03-12,2025-03-18,2025-04-09,0.010676156583629748,0.0,0.028469750889679846,True,2,6,21
2025-03-10,000009.SZ,2025-03-11,2025-03-12,2025-03-18,2025-04-09,-0.0023255813953488857,0.005813953488372103,-0.1151162790697674,True,2,6,21
2025-03-10,000010.SZ,2025-03-11,2025-03-12,2025-03-18,2025-04-09,0.017123287671233056,0.044520547945205324,-0.15410958904109584,True,2,6,21
2025-03-10,000011.SZ,2025-03-11,2025-03-12,2025-03-18,2025-04-09,0.0035842293906811484,0.010752688172043223,-0.06571087216248495,True,2,6,21
2025-03-10,000012.SZ,2025-03-11,2025-03-12,2025-03-18,2025-04-09,-0.0040567951318457585,0.014198782961460266,-0.028397565922920975,True,2,6,21
2025-03-11,000001.SZ,2025-03-12,2025-03-13,2025-03-19,2025-04-10,-0.0008438818565401629,-0.027848101265822822,-0.08016877637130804,True,2,6,21
2025-03-11,000002.SZ,2025-03-12,2025-03-13,2025-03-19,2025-04-10,-0.012096774193548487,0.004032258064516014,-0.032258064516129115,True,2,6,21
2025-03-11,000004.SZ,2025-03-12,2025-03-13,2025-03-19,2025-04-10,-0.018775510204081636,-0.020408163265306145,-0.2555102040816327,True,2,6,21
2025-03-11,000006.SZ,2025-03-12,2025-03-13,2025-03-19,2025-04-10,-0.022522522522522626,-0.022522522522522626,-0.08408408408408419,True,2,6,21
2025-03-11,000007.SZ,2025-03-12,2025-03-13,2025-03-19,2025-04-10,-0.009584664536741117,0.009584664536741228,-0.07028753993610215,True,2,6,21
2025-03-11,000008.SZ,2025-03-12,2025-03-13,2025-03-19,2025-04-10,-0.02464788732394363,-0.017605633802816878,0.07746478873239449,True,2,6,21
2025-03-11,000009.SZ,2025-03-12,2025-03-13,2025-03-19,2025-04-10,-0.006993006993007089,-0.00233100233100203,-0.09906759906759899,True,2,6,21
2025-03-11,000010.SZ,2025-03-12,2025-03-13,2025-03-19,2025-04-10,-0.026936026936026924,0.02020202020202011,-0.13468013468013484,True,2,6,21
2025-03-11,000011.SZ,2025-03-12,2025-03-13,2025-03-19,2025-04-10,-0.0035714285714286698,0.00952380952380949,-0.050000000000000044,True,2,6,21
2025-03-11,000012.SZ,2025-03-12,2025-03-13,2025-03-19,2025-04-10,0.0020366598778003286,0.018329938900203624,-0.018329938900203846,True,2,6,21
2025-03-12,000001.SZ,2025-03-13,2025-03-14,2025-03-20,2025-04-11,0.010979729729729826,-0.029560810810810856,-0.08023648648648651,True,2,6,21
2025-03-12,000002.SZ,2025-03-13,2025-03-14,2025-03-20,2025-04-11,0.025850340136054584,0.010884353741496655,-0.03673469387755102,True,2,6,21
2025-03-12,000004.SZ,2025-03-13,2025-03-14,2025-03-20,2025-04-11,0.019966722129783676,-0.004991680532445808,-0.23876871880199657,True,2,6,21
2025-03-12,000006.SZ,2025-03-13,2025-03-14,2025-03-20,2025-04-11,0.012288786482334668,-0.004608294930875334,-0.03379416282642089,True,2,6,21
2025-03-12,000007.SZ,2025-03-13,2025-03-14,2025-03-20,2025-04-11,0.024193548387096753,0.016129032258064502,-0.04516129032258065,True,2,6,21
2025-03-12,000008.SZ,2025-03-13,2025-03-14,2025-03-20,2025-04-11,0.010830324909747224,0.018050541516245522,0.07220216606498187,True,2,6,21
2025-03-12,000009.SZ,2025-03-13,2025-03-14,2025-03-20,2025-04-11,0.011737089201877993,0.0,-0.08685446009389652,True,2,6,21
2025-03-12,000010.SZ,2025-03-13,2025-03-14,2025-03-20,2025-04-11,0.01384083044982698,0.06228373702422152,-0.11072664359861606,True,2,6,21
2025-03-12,000011.SZ,2025-03-13,2025-03-14,2025-03-20,2025-04-11,0.0131421744324971,0.022700119474313274,-0.05734767025089604,True,2,6,21
2025-03-12,000012.SZ,2025-03-13,2025-03-14,2025-03-20,2025-04-11,0.010162601626016121,0.018292682926829062,-0.020325203252032686,True,2,6,21
2025-03-13,000001.SZ,2025-03-14,2025-03-17,2025-03-21,2025-04-14,-0.039264828738513,-0.04594820384294085,-0.08688387635756079,True,2,6,21
2025-03-13,000002.SZ,2025-03-14,2025-03-17,2025-03-21,2025-04-14,0.0026525198938993633,-0.023872679045092826,-0.06498673740053051,True,2,6,21
2025-03-13,000004.SZ,2025-03-14,2025-03-17,2025-03-21,2025-04-14,0.013866231647634564,-0.04975530179445342,-0.23898858075040785,True,2,6,21
2025-03-13,000006.SZ,2025-03-14,2025-03-17,2025-03-21,2025-04-14,0.0030349013657060553,0.025796661608497917,-0.03793626707132003,True,2,6,21
2025-03-13,000007.SZ,2025-03-14,2025-03-17,2025-03-21,2025-04-14,0.0031496062992126816,-0.014173228346456623,-0.018897637795275424,True,2,6,21
2025-03-13,000008.SZ,2025-03-14,2025-03-17,2025-03-21,2025-04-14,0.010714285714285898,-0.010714285714285676,0.10000000000000009,True,2,6,21
2025-03-13,000009.SZ,2025-03-14,2025-03-17,2025-03-21,2025-04-14,-0.0011600928074246841,-0.01856148491879328,-0.07656612529002316,True,2,6,21
2025-03-13,000010.SZ,2025-03-14,2025-03-17,2025-03-21,2025-04-14,0.04778156996587035,0.058020477815699634,-0.11945392491467577,True,2,6,21
2025-03-13,000011.SZ,2025-03-14,2025-03-17,2025-03-21,2025-04-14,0.00589622641509413,0.004716981132075304,-0.05542452830188682,True,2,6,21
2025-03-13,000012.SZ,2025-03-14,2025-03-17,2025-03-21,2025-04-14,0.008048289738430636,0.01609657947686105,-0.026156941649899457,True,2,6,21
2025-03-14,000001.SZ,2025-03-17,2025-03-18,2025-03-24,2025-04-15,-0.0008695652173913437,-0.01043478260869568,-0.04782608695652191,True,2,6,21
2025-03-14,000002.SZ,2025-03-17,2025-03-18,2025-03-24,2025-04-15,-0.003968253968253954,-0.050264550264550345,-0.07539682539682535,True,2,6,21
2025-03-14,000004.SZ,2025-03-17,2025-03-18,2025-03-24,2025-04-15,-0.016894609814963713,-0.15526950925181016,-0.17457763475462595,True,2,6,21
2025-03-14,000006.SZ,2025-03-17,2025-03-18,2025-03-24,2025-04-15,-0.006051437216339051,-0.01966717095310133,-0.04992435703479592,True,2,6,21
2025-03-14,000007.SZ,2025-03-17,2025-03-18,2025-03-24,2025-04-15,0.01098901098901095,-0.058084772370486704,-0.053375196232339106,True,2,6,21
2025-03-14,000008.SZ,2025-03-17,2025-03-18,2025-03-24,2025-04-15,-0.007067137809187329,-0.06360424028268552,0.028268551236749095,True,2,6,21
2025-03-14,000009.SZ,2025-03-17,2025-03-18,2025-03-24,2025-04-15,0.004645760743321903,-0.025551684088269355,-0.0882694541231126,True,2,6,21
2025-03-14,000010.SZ,2025-03-17,2025-03-18,2025-03-24,2025-04-15,-0.006514657980456362,0.0,-0.13029315960912058,True,2,6,21
2025-03-14,000011.SZ,2025-03-17,2025-03-18,2025-03-24,2025-04-15,-0.008206330597889666,-0.028135990621336537,-0.06916764361078531,True,2,6,21
2025-03-14,000012.SZ,2025-03-17,2025-03-18,2025-03-24,2025-04-15,-0.001996007984031878,-0.0059880239520957446,-0.03792415169660679,True,2,6,21
2025-03-17,000001.SZ,2025-03-18,2025-03-19,2025-03-25,2025-04-16,0.0026109660574411553,-0.005221932114882533,-0.0426457789382072,True,2,6,21
2025-03-17,000002.SZ,2025-03-18,2025-03-19,2025-03-25,2025-04-16,-0.007968127490039945,-0.04515272244355906,-0.06507304116865886,True,2,6,21
2025-03-17,000004.SZ,2025-03-18,2025-03-19,2025-03-25,2025-04-16,-0.018003273322422353,-0.1612111292962357,-0.2029459901800328,True,2,6,21
2025-03-17,000006.SZ,2025-03-18,2025-03-19,2025-03-25,2025-04-16,-0.009132420091324311,-0.007610350076103556,-0.060882800608828,True,2,6,21
2025-03-17,000007.SZ,2025-03-18,2025-03-19,2025-03-25,2025-04-16,-0.018633540372670843,-0.05900621118012439,-0.0714285714285714,True,2,6,21
2025-03-17,000008.SZ,2025-03-18,2025-03-19,2025-03-25,2025-04-16,-0.007117437722419906,-0.053380782918149405,0.003558718861209842,True,2,6,21
2025-03-17,000009.SZ,2025-03-18,2025-03-19,2025-03-25,2025-04-16,-0.010404624277456476,-0.01734104046242768,-0.09248554913294815,True,2,6,21
2025-03-17,000010.SZ,2025-03-18,2025-03-19,2025-03-25,2025-04-16,-0.006557377049180135,-0.006557377049180135,-0.1704918032786884,True,2,6,21
2025-03-17,000011.SZ,2025-03-18,2025-03-19,2025-03-25,2025-04-16,0.0023640661938533203,-0.015366430260047359,-0.06973995271867628,True,2,6,21
2025-03-17,000012.SZ,2025-03-18,2025-03-19,2025-03-25,2025-04-16,0.0,0.014000000000000012,-0.038000000000000034,True,2,6,21
2025-03-18,000001.SZ,2025-03-19,2025-03-20,2025-03-26,2025-04-17,-0.0026041666666666297,-0.01215277777777779,-0.03993055555555558,True,2,6,21
2025-03-18,000002.SZ,2025-03-19,2025-03-20,2025-03-26,2025-04-17,-0.0053547523427041055,-0.036144578313252906,-0.036144578313252906,True,2,6,21
2025-03-18,000004.SZ,2025-03-19,2025-03-20,2025-03-26,2025-04-17,-0.0033333333333332993,-0.13666666666666671,-0.14333333333333342,True,2,6,21
2025-03-18,000006.SZ,2025-03-19,2025-03-20,2025-03-26,2025-04-17,-0.004608294930875334,0.03840245775729656,-0.041474654377880116,True,2,6,21
2025-03-18,000007.SZ,2025-03-19,2025-03-20,2025-03-26,2025-04-17,-0.0031645569620254443,0.006329113924050667,-0.03797468354430378,True,2,6,21
2025-03-18,000008.SZ,2025-03-19,2025-03-20,2025-03-26,2025-04-17,0.010752688172043001,-0.03584229390681004,-0.0035842293906810374,True,2,6,21
2025-03-18,000009.SZ,2025-03-19,2025-03-20,2025-03-26,2025-04-17,-0.004672897196262071,-0.008177570093458097,-0.09579439252336464,True,2,6,21
2025-03-18,000010.SZ,2025-03-19,2025-03-20,2025-03-26,2025-04-17,0.013201320132013361,0.0066006600660064585,-0.16831683168316824,True,2,6,21
2025-03-18,000011.SZ,2025-03-19,2025-03-20,2025-03-26,2025-04-17,0.009433962264151052,-0.005896226415094463,-0.05542452830188682,True,2,6,21
2025-03-18,000012.SZ,2025-03-19,2025-03-20,2025-03-26,2025-04-17,0.0020000000000000018,0.014000000000000012,-0.03400000000000014,True,2,6,21
2025-03-19,000001.SZ,2025-03-20,2025-03-21,2025-03-27,2025-04-18,-0.006092254134029695,-0.008703220191470962,-0.026979982593559715,True,2,6,21
2025-03-19,000002.SZ,2025-03-20,2025-03-21,2025-03-27,2025-04-18,-0.009421265141318913,-0.03499327052489898,-0.016150740242261152,True,2,6,21
2025-03-19,000004.SZ,2025-03-20,2025-03-21,2025-03-27,2025-04-18,-0.02591973244147161,-0.14966555183946495,-0.1680602006688965,True,2,6,21
2025-03-19,000006.SZ,2025-03-20,2025-03-21,2025-03-27,2025-04-18,0.043209876543209624,0.14814814814814792,-0.007716049382716306,True,2,6,21
2025-03-19,000007.SZ,2025-03-20,2025-03-21,2025-03-27,2025-04-18,-0.006349206349206327,0.007936507936507908,-0.022222222222222143,True,2,6,21
2025-03-19,000008.SZ,2025-03-20,2025-03-21,2025-03-27,2025-04-18,-0.01773049645390068,-0.06028368794326244,-0.046099290780141855,True,2,6,21
2025-03-19,000009.SZ,2025-03-20,2025-03-21,2025-03-27,2025-04-18,-0.007042253521126418,-0.010563380281690016,-0.0903755868544599,True,2,6,21
2025-03-19,000010.SZ,2025-03-20,2025-03-21,2025-03-27,2025-04-18,0.009771986970684043,-0.026058631921824227,-0.17263843648208477,True,2,6,21
2025-03-19,000011.SZ,2025-03-20,2025-03-21,2025-03-27,2025-04-18,-0.004672897196261738,-0.004672897196261738,-0.04322429906542069,True,2,6,21
2025-03-19,000012.SZ,2025-03-20,2025-03-21,2025-03-27,2025-04-18,0.007984031936127511,0.003992015968063978,-0.03792415169660679,True,2,6,21
2025-03-20,000001.SZ,2025-03-21,2025-03-24,2025-03-28,2025-04-21,-0.003502626970227518,-0.0061295971978985175,-0.035026269702276736,True,2,6,21
2025-03-20,000002.SZ,2025-03-21,2025-03-24,2025-03-28,2025-04-21,-0.024456521739130488,-0.03260869565217395,-0.024456521739130488,True,2,6,21
2025-03-20,000004.SZ,2025-03-21,2025-03-24,2025-03-28,2025-04-21,-0.09871244635193133,-0.14163090128755362,-0.18712446351931322,True,2,6,21
2025-03-20,000006.SZ,2025-03-21,2025-03-24,2025-03-28,2025-04-21,-0.041420118343195034,0.14792899408284033,-0.05473372781065089,True,2,6,21
2025-03-20,000007.SZ,2025-03-21,2025-03-24,2025-03-28,2025-04-21,-0.04153354632587858,-0.009584664536741117,0.03194888178913735,True,2,6,21
2025-03-20,000008.SZ,2025-03-21,2025-03-24,2025-03-28,2025-04-21,-0.04332129963898923,-0.06859205776173283,-0.010830324909747224,True,2,6,21
2025-03-20,000009.SZ,2025-03-21,2025-03-24,2025-03-28,2025-04-21,-0.008274231678487176,-0.01654846335697413,-0.08156028368794344,True,2,6,21
2025-03-20,000010.SZ,2025-03-21,2025-03-24,2025-03-28,2025-04-21,-0.009677419354838679,-0.058064516129032295,-0.16774193548387095,True,2,6,21
2025-03-20,000011.SZ,2025-03-21,2025-03-24,2025-03-28,2025-04-21,-0.02699530516431925,-0.015258215962441146,-0.035211267605633645,True,2,6,21
2025-03-20,000012.SZ,2025-03-21,2025-03-24,2025-03-28,2025-04-21,-0.013861386138613652,-0.009900990099009688,-0.045544554455445474,True,2,6,21
2025-03-21,000001.SZ,2025-03-24,2025-03-25,2025-03-31,2025-04-22,0.004393673110720586,-0.010544815465729385,-0.02987697715289994,True,2,6,21
2025-03-21,000002.SZ,2025-03-24,2025-03-25,2025-03-31,2025-04-22,0.001392757660167332,-0.01810584958217265,0.0,True,2,6,21
2025-03-21,000004.SZ,2025-03-24,2025-03-25,2025-03-31,2025-04-22,-0.023809523809523836,-0.07238095238095232,-0.13333333333333341,True,2,6,21
2025-03-21,000006.SZ,2025-03-24,2025-03-25,2025-03-31,2025-04-22,0.006172839506172645,0.12499999999999978,-0.009259259259259522,True,2,6,21
2025-03-21,000007.SZ,2025-03-24,2025-03-25,2025-03-31,2025-04-22,0.010000000000000009,0.014999999999999902,0.11499999999999999,True,2,6,21
2025-03-21,000008.SZ,2025-03-24,2025-03-25,2025-03-31,2025-04-22,0.0037735849056603765,-0.03396226415094339,0.030188679245283012,True,2,6,21
2025-03-21,000009.SZ,2025-03-24,2025-03-25,2025-03-31,2025-04-22,0.013110846245530494,-0.033373063170440975,-0.07985697258641233,True,2,6,21
2025-03-21,000010.SZ,2025-03-24,2025-03-25,2025-03-31,2025-04-22,-0.013029315960912169,-0.06840390879478842,-0.16612377850162874,True,2,6,21
2025-03-21,000011.SZ,2025-03-24,2025-03-25,2025-03-31,2025-04-22,0.004825090470446325,0.00361881785283491,0.01326899879372756,True,2,6,21
2025-03-21,000012.SZ,2025-03-24,2025-03-25,2025-03-31,2025-04-22,0.018072289156626287,-0.010040160642570295,-0.03212851405622508,True,2,6,21
2025-03-24,000001.SZ,2025-03-25,2025-03-26,2025-04-01,2025-04-23,-0.004374453193350836,-0.013998250218722808,-0.036745406824147064,True,2,6,21
2025-03-24,000002.SZ,2025-03-25,2025-03-26,2025-04-01,2025-04-23,0.0013908205841446364,-0.011126564673157091,-0.016689847009735748,True,2,6,21
2025-03-24,000004.SZ,2025-03-25,2025-03-26,2025-04-01,2025-04-23,0.01073170731707318,-0.014634146341463428,-0.1170731707317072,True,2,6,21
2025-03-24,000006.SZ,2025-03-25,2025-03-26,2025-04-01,2025-04-23,0.036809815950920255,0.10889570552147276,-0.013803680981595123,True,2,6,21
2025-03-24,000007.SZ,2025-03-25,2025-03-26,2025-04-01,2025-04-23,0.04950495049504955,0.011551155115511635,0.09240924092409242,True,2,6,21
2025-03-24,000008.SZ,2025-03-25,2025-03-26,2025-04-01,2025-04-23,0.011278195488721776,-0.03383458646616555,0.02631578947368407,True,2,6,21
2025-03-24,000009.SZ,2025-03-25,2025-03-26,2025-04-01,2025-04-23,-0.0011764705882353343,-0.03764705882352959,-0.09058823529411775,True,2,6,21
2025-03-24,000010.SZ,2025-03-25,2025-03-26,2025-04-01,2025-04-23,0.0066006600660064585,-0.07260726072607249,-0.15181518151815176,True,2,6,21
2025-03-24,000011.SZ,2025-03-25,2025-03-26,2025-04-01,2025-04-23,0.01200480192076836,0.020408163265306145,0.008403361344537785,True,2,6,21
2025-03-24,000012.SZ,2025-03-25,2025-03-26,2025-04-01,2025-04-23,0.0,-0.01972386587771202,-0.053254437869822424,True,2,6,21
2025-03-25,000001.SZ,2025-03-26,2025-03-27,2025-04-02,2025-04-24,0.0008787346221439396,-0.0008787346221443837,-0.030755711775044103,True,2,6,21
2025-03-25,000002.SZ,2025-03-26,2025-03-27,2025-04-02,2025-04-24,-0.004166666666666652,-0.022222222222222365,-0.01666666666666672,True,2,6,21
2025-03-25,000004.SZ,2025-03-26,2025-03-27,2025-04-02,2025-04-24,-0.018339768339768248,-0.03957528957528955,-0.15926640926640911,True,2,6,21
2025-03-25,000006.SZ,2025-03-26,2025-03-27,2025-04-02,2025-04-24,0.10059171597633143,0.044378698224851965,-0.062130177514792884,True,2,6,21
2025-03-25,000007.SZ,2025-03-26,2025-03-27,2025-04-02,2025-04-24,-0.0015723270440252124,-0.03459119496855356,0.023584905660377187,True,2,6,21
2025-03-25,000008.SZ,2025-03-26,2025-03-27,2025-04-02,2025-04-24,-0.014869888475836479,-0.052044609665427566,0.0,True,2,6,21
2025-03-25,000009.SZ,2025-03-26,2025-03-27,2025-04-02,2025-04-24,-0.007067137809187329,-0.0341578327444052,-0.10600706713780927,True,2,6,21
2025-03-25,000010.SZ,2025-03-26,2025-03-27,2025-04-02,2025-04-24,-0.01967213114754085,-0.07868852459016373,-0.16393442622950805,True,2,6,21
2025-03-25,000011.SZ,2025-03-26,2025-03-27,2025-04-02,2025-04-24,0.01067615658362997,0.0011862396204032066,-0.005931198102016477,True,2,6,21
2025-03-25,000012.SZ,2025-03-26,2025-03-27,2025-04-02,2025-04-24,-0.007889546351084631,-0.015779092702169484,-0.05128205128205121,True,2,6,21
2025-03-26,000001.SZ,2025-03-27,2025-03-28,2025-04-03,2025-04-25,-0.00351185250219499,-0.004389815627743543,-0.03336259877085168,True,2,6,21
2025-03-26,000002.SZ,2025-03-27,2025-03-28,2025-04-03,2025-04-25,-0.006973500697350032,-0.004184100418410108,-0.01673640167364021,True,2,6,21
2025-03-26,000004.SZ,2025-03-27,2025-03-28,2025-04-03,2025-04-25,-0.01671583087512285,-0.034414945919370665,-0.14060963618485744,True,2,6,21
2025-03-26,000006.SZ,2025-03-27,2025-03-28,2025-04-03,2025-04-25,0.043010752688172005,-0.06317204301075274,-0.15994623655913986,True,2,6,21
2025-03-26,000007.SZ,2025-03-27,2025-03-28,2025-04-03,2025-04-25,-0.023622047244094446,-0.023622047244094446,0.12755905511811028,True,2,6,21
2025-03-26,000008.SZ,2025-03-27,2025-03-28,2025-04-03,2025-04-25,-0.026415094339622636,0.060377358490566024,0.015094339622641506,True,2,6,21
2025-03-26,000009.SZ,2025-03-27,2025-03-28,2025-04-03,2025-04-25,-0.013048635824436494,-0.029655990510083052,-0.10201660735468543,True,2,6,21
2025-03-26,000010.SZ,2025-03-27,2025-03-28,2025-04-03,2025-04-25,-0.02341137123745818,-0.05685618729096986,-0.13377926421404684,True,2,6,21
2025-03-26,000011.SZ,2025-03-27,2025-03-28,2025-04-03,2025-04-25,-0.015258215962441146,0.0011737089201877549,-0.016431924882629012,True,2,6,21
2025-03-26,000012.SZ,2025-03-27,2025-03-28,2025-04-03,2025-04-25,-0.005964214711729698,0.0,-0.041749502982107445,True,2,6,21
2025-03-27,000001.SZ,2025-03-28,2025-03-31,2025-04-07,2025-04-28,-0.007929515418502064,-0.05726872246696035,-0.03083700440528625,True,2,6,21
2025-03-27,000002.SZ,2025-03-28,2025-03-31,2025-04-07,2025-04-28,-0.0098314606741573,-0.0730337078651686,-0.0407303370786517,True,2,6,21
2025-03-27,000004.SZ,2025-03-28,2025-03-31,2025-04-07,2025-04-28,-0.026000000000000023,-0.11599999999999999,-0.16099999999999992,True,2,6,21
2025-03-27,000006.SZ,2025-03-28,2025-03-31,2025-04-07,2025-04-28,-0.06056701030927836,-0.1920103092783505,-0.20360824742268047,True,2,6,21
2025-03-27,000007.SZ,2025-03-28,2025-03-31,2025-04-07,2025-04-28,-0.01774193548387104,-0.09999999999999998,0.07903225806451619,True,2,6,21
2025-03-27,000008.SZ,2025-03-28,2025-03-31,2025-04-07,2025-04-28,-0.007751937984496138,-0.019379844961240456,0.03100775193798455,True,2,6,21
2025-03-27,000009.SZ,2025-03-28,2025-03-31,2025-04-07,2025-04-28,-0.025240384615384692,-0.11538461538461531,-0.10336538461538458,True,2,6,21
2025-03-27,000010.SZ,2025-03-28,2025-03-31,2025-04-07,2025-04-28,-0.020547945205479423,-0.13013698630136983,-0.14726027397260266,True,2,6,21
2025-03-27,000011.SZ,2025-03-28,2025-03-31,2025-04-07,2025-04-28,-0.008343265792610244,-0.08462455303933258,-0.03933253873659115,True,2,6,21
2025-03-27,000012.SZ,2025-03-28,2025-03-31,2025-04-07,2025-04-28,-0.013999999999999901,-0.08399999999999996,-0.040000000000000036,True,2,6,21
2025-03-28,000001.SZ,2025-03-31,2025-04-01,2025-04-08,2025-04-29,0.000888099467140302,-0.039076376554174175,-0.0248667850799289,True,2,6,21
2025-03-28,000002.SZ,2025-03-31,2025-04-01,2025-04-08,2025-04-29,0.008510638297872575,-0.03546099290780158,-0.0340425531914893,True,2,6,21
2025-03-28,000004.SZ,2025-03-31,2025-04-01,2025-04-08,2025-04-29,0.03696098562628336,-0.11088295687885008,,True,2,6,20
2025-03-28,000006.SZ,2025-03-31,2025-04-01,2025-04-08,2025-04-29,-0.00823045267489697,-0.21673525377229086,-0.14128943758573387,True,2,6,21
2025-03-28,000007.SZ,2025-03-31,2025-04-01,2025-04-08,2025-04-29,0.006568144499178974,-0.11822660098522164,0.11986863711001638,True,2,6,21
2025-03-28,000008.SZ,2025-03-31,2025-04-01,2025-04-08,2025-04-29,0.00390625,0.07421875,0.0390625,True,2,6,21
2025-03-28,000009.SZ,2025-03-31,2025-04-01,2025-04-08,2025-04-29,0.008631319358816114,-0.07398273736128247,-0.08754623921085081,True,2,6,21
2025-03-28,000010.SZ,2025-03-31,2025-04-01,2025-04-08,2025-04-29,-0.01748251748251739,-0.16083916083916083,-0.11888111888111885,True,2,6,21
2025-03-28,000011.SZ,2025-03-31,2025-04-01,2025-04-08,2025-04-29,0.02163461538461542,-0.09735576923076916,-0.012019230769230727,True,2,6,21
2025-03-28,000012.SZ,2025-03-31,2025-04-01,2025-04-08,2025-04-29,0.008113590263691517,-0.034482758620689724,-0.034482758620689724,True,2,6,21
2025-03-31,000001.SZ,2025-04-01,2025-04-02,2025-04-09,2025-04-30,0.008873114463176401,-0.041703637976929775,-0.031943212067435556,True,2,6,21
2025-03-31,000002.SZ,2025-04-01,2025-04-02,2025-04-09,2025-04-30,-0.009845288326301271,-0.007032348804500876,-0.04219409282700426,True,2,6,21
2025-03-31,000004.SZ,2025-04-01,2025-04-02,2025-04-09,2025-04-30,-0.014851485148514865,-0.12079207920792068,,True,2,6,19
2025-03-31,000006.SZ,2025-04-01,2025-04-02,2025-04-09,2025-04-30,-0.02351313969571267,-0.18118948824343029,-0.12171507607192278,True,2,6,21
2025-03-31,000007.SZ,2025-04-01,2025-04-02,2025-04-09,2025-04-30,0.0016313213703098572,-0.10277324632952689,0.09624796084828713,True,2,6,21
2025-03-31,000008.SZ,2025-04-01,2025-04-02,2025-04-09,2025-04-30,-0.0077821011673151474,0.12451361867704303,0.04669260700389111,True,2,6,21
2025-03-31,000009.SZ,2025-04-01,2025-04-02,2025-04-09,2025-04-30,0.0024449877750611915,-0.06968215158924196,-0.05378973105134455,True,2,6,21
2025-03-31,000010.SZ,2025-04-01,2025-04-02,2025-04-09,2025-04-30,0.0,-0.12099644128113873,-0.05693950177935947,True,2,6,21
2025-03-31,000011.SZ,2025-04-01,2025-04-02,2025-04-09,2025-04-30,-0.007058823529411784,-0.07999999999999996,-0.02588235294117658,True,2,6,21
2025-03-31,000012.SZ,2025-04-01,2025-04-02,2025-04-09,2025-04-30,0.004024144869215318,-0.03621730382293753,-0.046277665995975714,True,2,6,21
